⚠️  WARNING: SECRET_KEY not set — using an ephemeral random key. Sessions will not persist across restarts. Set SECRET_KEY in production.
WARNING:urllib3.connectionpool:Connection pool is full, discarding connection: anjayasejati.com. Connection pool size: 10
WARNING:urllib3.connectionpool:Connection pool is full, discarding connection: anjayasejati.com. Connection pool size: 10
WARNING:urllib3.connectionpool:Connection pool is full, discarding connection: anjayasejati.com. Connection pool size: 10
WARNING:urllib3.connectionpool:Connection pool is full, discarding connection: anjayasejati.com. Connection pool size: 10
WARNING:urllib3.connectionpool:Connection pool is full, discarding connection: anjayasejati.com. Connection pool size: 10
WARNING:urllib3.connectionpool:Connection pool is full, discarding connection: anjayasejati.com. Connection pool size: 10
WARNING:urllib3.connectionpool:Connection pool is full, discarding connection: anjayasejati.com. Connection pool size: 10
WARNING:urllib3.connectionpool:Connection pool is full, discarding connection: anjayasejati.com. Connection pool size: 10
WARNING:urllib3.connectionpool:Connection pool is full, discarding connection: anjayasejati.com. Connection pool size: 10
WARNING:urllib3.connectionpool:Connection pool is full, discarding connection: anjayasejati.com. Connection pool size: 9
WARNING:urllib3.connectionpool:Connection pool is full, discarding connection: anjayasejati.com. Connection pool size: 10
WARNING:urllib3.connectionpool:Connection pool is full, discarding connection: anjayasejati.com. Connection pool size: 10
WARNING:urllib3.connectionpool:Connection pool is full, discarding connection: anjayasejati.com. Connection pool size: 10
WARNING:urllib3.connectionpool:Connection pool is full, discarding connection: anjayasejati.com. Connection pool size: 10
WARNING:urllib3.connectionpool:Connection pool is full, discarding connection: anjayasejati.com. Connection pool size: 10
WARNING:urllib3.connectionpool:Connection pool is full, discarding connection: anjayasejati.com. Connection pool size: 10
WARNING:urllib3.connectionpool:Connection pool is full, discarding connection: anjayasejati.com. Connection pool size: 10
WARNING:urllib3.connectionpool:Connection pool is full, discarding connection: anjayasejati.com. Connection pool size: 10
WARNING:urllib3.connectionpool:Connection pool is full, discarding connection: anjayasejati.com. Connection pool size: 10
WARNING:urllib3.connectionpool:Connection pool is full, discarding connection: anjayasejati.com. Connection pool size: 10
WARNING:urllib3.connectionpool:Connection pool is full, discarding connection: anjayasejati.com. Connection pool size: 10
WARNING:urllib3.connectionpool:Connection pool is full, discarding connection: anjayasejati.com. Connection pool size: 10
WARNING:urllib3.connectionpool:Connection pool is full, discarding connection: anjayasejati.com. Connection pool size: 10
WARNING:urllib3.connectionpool:Connection pool is full, discarding connection: anjayasejati.com. Connection pool size: 9
WARNING:urllib3.connectionpool:Connection pool is full, discarding connection: anjayasejati.com. Connection pool size: 10
WARNING:urllib3.connectionpool:Connection pool is full, discarding connection: anjayasejati.com. Connection pool size: 10
WARNING:urllib3.connectionpool:Connection pool is full, discarding connection: anjayasejati.com. Connection pool size: 10
WARNING:urllib3.connectionpool:Connection pool is full, discarding connection: anjayasejati.com. Connection pool size: 10
WARNING:urllib3.connectionpool:Connection pool is full, discarding connection: anjayasejati.com. Connection pool size: 10
WARNING:urllib3.connectionpool:Connection pool is full, discarding connection: anjayasejati.com. Connection pool size: 10
WARNING:urllib3.connectionpool:Connection pool is full, discarding connection: anjayasejati.com. Connection pool size: 10
WARNING:urllib3.connectionpool:Connection pool is full, discarding connection: anjayasejati.com. Connection pool size: 10
WARNING:urllib3.connectionpool:Connection pool is full, discarding connection: anjayasejati.com. Connection pool size: 10
WARNING:urllib3.connectionpool:Connection pool is full, discarding connection: anjayasejati.com. Connection pool size: 10
WARNING:urllib3.connectionpool:Connection pool is full, discarding connection: anjayasejati.com. Connection pool size: 9
WARNING:urllib3.connectionpool:Connection pool is full, discarding connection: anjayasejati.com. Connection pool size: 10
WARNING:urllib3.connectionpool:Connection pool is full, discarding connection: anjayasejati.com. Connection pool size: 10
WARNING:urllib3.connectionpool:Connection pool is full, discarding connection: anjayasejati.com. Connection pool size: 10
Database initialized successfully
Crawl persistence tables initialized successfully
============================================================
LOCAL MODE ENABLED
All users will have admin tier access
No rate limits or tier restrictions
Auto-login enabled with 'local' admin account
============================================================
Started crawler instance cleanup thread
============================================================
LibreCrawl - SEO Spider
============================================================

🚀 Server starting on http://0.0.0.0:5000
🌐 Access from browser: http://localhost:5000
📱 Access from network: http://<your-ip>:5000

✨ Multi-tenancy enabled - each browser session is isolated
💾 Settings stored in browser localStorage

Press Ctrl+C to stop the server

============================================================

Starting LibreCrawl on http://localhost:5001
Using Waitress WSGI server with multi-threading support
Created and auto-logged in as new 'local' admin user (ID: 1)
Generated password: 0V>)2Md-jvUY>!@"
Auto-logged in as existing 'local' user (ID: 1)
Creating new settings instance for session: d826c6a5-251c-4a0b-9bb7-60c2123c9694, user: 1, tier: admin
Creating new crawler instance for session: 087978cc-0558-4405-aa3b-41b49c678d8d, user: 1, tier: admin
get_status called - crawl_results length: 0, status: idle, crawled: 0
Created new crawl record: ID=1, URL=https://anjayasejati.com
Database persistence enabled for crawl 1
Starting sitemap discovery for https://anjayasejati.com
Discovering sitemaps for https://anjayasejati.com...
Parsing sitemap: https://anjayasejati.com/sitemap.xml
Found sitemap index with 5 nested sitemaps
Parsing sitemap: https://anjayasejati.com/post-sitemap.xml
Found 12 URLs in sitemap
Parsing sitemap: https://anjayasejati.com/page-sitemap.xml
Found 26 URLs in sitemap
Parsing sitemap: https://anjayasejati.com/product-sitemap1.xml
Found 201 URLs in sitemap
Parsing sitemap: https://anjayasejati.com/product-sitemap2.xml
Found 1 URLs in sitemap
Parsing sitemap: https://anjayasejati.com/local-sitemap.xml
Found 1 URLs in sitemap
Parsing sitemap: https://anjayasejati.com/sitemap_index.xml
Found sitemap index with 5 nested sitemaps
Parsing sitemap: https://anjayasejati.com/post-sitemap.xml
Found 12 URLs in sitemap
Parsing sitemap: https://anjayasejati.com/page-sitemap.xml
Found 26 URLs in sitemap
Parsing sitemap: https://anjayasejati.com/product-sitemap1.xml
Found 201 URLs in sitemap
Parsing sitemap: https://anjayasejati.com/product-sitemap2.xml
Found 1 URLs in sitemap
Parsing sitemap: https://anjayasejati.com/local-sitemap.xml
Found 1 URLs in sitemap
Parsing sitemap: https://anjayasejati.com/sitemaps.xml
Parsing sitemap: https://anjayasejati.com/sitemap/sitemap.xml
Parsing sitemap: https://anjayasejati.com/sitemap_index.xml
Found sitemap index with 5 nested sitemaps
Parsing sitemap: https://anjayasejati.com/post-sitemap.xml
Found 12 URLs in sitemap
Parsing sitemap: https://anjayasejati.com/page-sitemap.xml
Found 26 URLs in sitemap
Parsing sitemap: https://anjayasejati.com/product-sitemap1.xml
Found 201 URLs in sitemap
Parsing sitemap: https://anjayasejati.com/product-sitemap2.xml
Found 1 URLs in sitemap
Parsing sitemap: https://anjayasejati.com/local-sitemap.xml
Found 1 URLs in sitemap
Sitemap processing: 720 added, 3 filtered
Sitemap discovery completed. Total discovered URLs: 239
Auto-save thread started
Submitting task for: https://anjayasejati.com
Starting crawl of https://anjayasejati.com
Submitting task for: https://anjayasejati.com/blog/jenis-map-dokumen/
Starting crawl of https://anjayasejati.com/blog/jenis-map-dokumen/
Submitting task for: https://anjayasejati.com/blog/apa-itu-penggaris-jenis-dan-fungsinya/
Starting crawl of https://anjayasejati.com/blog/apa-itu-penggaris-jenis-dan-fungsinya/
Submitting task for: https://anjayasejati.com/blog/buku-gambar-a3/
Starting crawl of https://anjayasejati.com/blog/buku-gambar-a3/
Submitting task for: https://anjayasejati.com/blog/pensil-jenis-tingkatan-fungsi-dan-rekomendasi-merek/
Starting crawl of https://anjayasejati.com/blog/pensil-jenis-tingkatan-fungsi-dan-rekomendasi-merek/
get_status called - crawl_results length: 0, status: running, crawled: 0
Added URL to results: https://anjayasejati.com/blog/pensil-jenis-tingkatan-fungsi-dan-rekomendasi-merek/ - Total in results: 1
Submitting task for: https://anjayasejati.com/blog/jenis-kertas-dan-fungsinya-secara-lengkap/
Starting crawl of https://anjayasejati.com/blog/jenis-kertas-dan-fungsinya-secara-lengkap/
Added URL to results: https://anjayasejati.com/blog/jenis-map-dokumen/ - Total in results: 2
Added URL to results: https://anjayasejati.com/blog/apa-itu-penggaris-jenis-dan-fungsinya/ - Total in results: 3
Submitting task for: https://anjayasejati.com/blog/buku-tulis-jenis-ukuran-rekomendasi-merek-bagus/
Submitting task for: https://anjayasejati.com/blog/pensil-warna-bagus/
Starting crawl of https://anjayasejati.com/blog/pensil-warna-bagus/
Starting crawl of https://anjayasejati.com/blog/buku-tulis-jenis-ukuran-rekomendasi-merek-bagus/
Added URL to results: https://anjayasejati.com/blog/buku-gambar-a3/ - Total in results: 4
Submitting task for: https://anjayasejati.com/blog/apa-itu-crayon-dan-rekomendasi-merek-terbaik/
Starting crawl of https://anjayasejati.com/blog/apa-itu-crayon-dan-rekomendasi-merek-terbaik/
Added URL to results: https://anjayasejati.com/blog/jenis-kertas-dan-fungsinya-secara-lengkap/ - Total in results: 5
Submitting task for: https://anjayasejati.com/blog/hvs-a4-ukuran-gramasi-rekomendasi-terbaik/
Starting crawl of https://anjayasejati.com/blog/hvs-a4-ukuran-gramasi-rekomendasi-terbaik/
Added URL to results: https://anjayasejati.com/blog/buku-tulis-jenis-ukuran-rekomendasi-merek-bagus/ - Total in results: 6
Submitting task for: https://anjayasejati.com/blog/atk-jenis-fungsi-dan-daftar-lengkap-untuk-kantor/
Starting crawl of https://anjayasejati.com/blog/atk-jenis-fungsi-dan-daftar-lengkap-untuk-kantor/
Added URL to results: https://anjayasejati.com/blog/apa-itu-crayon-dan-rekomendasi-merek-terbaik/ - Total in results: 7
Submitting task for: https://anjayasejati.com/blog/macam-macam-alat-tulis-kantor/
Starting crawl of https://anjayasejati.com/blog/macam-macam-alat-tulis-kantor/
Added URL to results: https://anjayasejati.com/blog/pensil-warna-bagus/ - Total in results: 8
Submitting task for: https://anjayasejati.com/blog/perlengkapan-alat-tulis-kantor/
Starting crawl of https://anjayasejati.com/blog/perlengkapan-alat-tulis-kantor/
Added URL to results: https://anjayasejati.com - Total in results: 9
Submitting task for: https://anjayasejati.com/
Starting crawl of https://anjayasejati.com/
Added URL to results: https://anjayasejati.com/blog/hvs-a4-ukuran-gramasi-rekomendasi-terbaik/ - Total in results: 10
Submitting task for: https://anjayasejati.com/biogains/
Starting crawl of https://anjayasejati.com/biogains/
get_status called - crawl_results length: 10, status: running, crawled: 10
Added URL to results: https://anjayasejati.com/blog/atk-jenis-fungsi-dan-daftar-lengkap-untuk-kantor/ - Total in results: 11
Submitting task for: https://anjayasejati.com/kontak/
Starting crawl of https://anjayasejati.com/kontak/
Added URL to results: https://anjayasejati.com/ - Total in results: 12
Submitting task for: https://anjayasejati.com/thank-you-download-catalog/
Starting crawl of https://anjayasejati.com/thank-you-download-catalog/
Added URL to results: https://anjayasejati.com/blog/macam-macam-alat-tulis-kantor/ - Total in results: 13
Submitting task for: https://anjayasejati.com/thank-you-daftar-membership/
Starting crawl of https://anjayasejati.com/thank-you-daftar-membership/
Added URL to results: https://anjayasejati.com/blog/perlengkapan-alat-tulis-kantor/ - Total in results: 14
Added URL to results: https://anjayasejati.com/biogains/ - Total in results: 15
Submitting task for: https://anjayasejati.com/thank-you-contact-form/
Submitting task for: https://anjayasejati.com/thank-you-blog-subscribe/
Starting crawl of https://anjayasejati.com/thank-you-blog-subscribe/
Starting crawl of https://anjayasejati.com/thank-you-contact-form/
Added URL to results: https://anjayasejati.com/thank-you-daftar-membership/ - Total in results: 16
Submitting task for: https://anjayasejati.com/download-panduan-2/
Starting crawl of https://anjayasejati.com/download-panduan-2/
Added URL to results: https://anjayasejati.com/thank-you-download-catalog/ - Total in results: 17
Submitting task for: https://anjayasejati.com/download-panduan-1/
Added URL to results: https://anjayasejati.com/kontak/ - Total in results: 18
Starting crawl of https://anjayasejati.com/download-panduan-1/
Submitting task for: https://anjayasejati.com/blog/
Starting crawl of https://anjayasejati.com/blog/
Added URL to results: https://anjayasejati.com/thank-you-contact-form/ - Total in results: 19
Submitting task for: https://anjayasejati.com/faq/
Starting crawl of https://anjayasejati.com/faq/
Added URL to results: https://anjayasejati.com/thank-you-blog-subscribe/ - Total in results: 20
Submitting task for: https://anjayasejati.com/tentang-kami/
Starting crawl of https://anjayasejati.com/tentang-kami/
Added URL to results: https://anjayasejati.com/faq/ - Total in results: 21
Submitting task for: https://anjayasejati.com/page-not-found-404/
Added URL to results: https://anjayasejati.com/download-panduan-2/ - Total in results: 22
Starting crawl of https://anjayasejati.com/page-not-found-404/
Submitting task for: https://anjayasejati.com/privacy-policy/
Starting crawl of https://anjayasejati.com/privacy-policy/
Added URL to results: https://anjayasejati.com/tentang-kami/ - Total in results: 23
Submitting task for: https://anjayasejati.com/wishlist/
Starting crawl of https://anjayasejati.com/wishlist/
Added URL to results: https://anjayasejati.com/blog/ - Total in results: 24
Submitting task for: https://anjayasejati.com/track-order/
Starting crawl of https://anjayasejati.com/track-order/
Added URL to results: https://anjayasejati.com/privacy-policy/ - Total in results: 25
Submitting task for: https://anjayasejati.com/thank-you-download-panduan-2/
Starting crawl of https://anjayasejati.com/thank-you-download-panduan-2/
Added URL to results: https://anjayasejati.com/wishlist/ - Total in results: 26
Submitting task for: https://anjayasejati.com/thank-you-download-panduan-1/
Starting crawl of https://anjayasejati.com/thank-you-download-panduan-1/
Added URL to results: https://anjayasejati.com/track-order/ - Total in results: 27
Submitting task for: https://anjayasejati.com/retur-pengembalian-dana/
Added URL to results: https://anjayasejati.com/page-not-found-404/ - Total in results: 28
Starting crawl of https://anjayasejati.com/retur-pengembalian-dana/
Submitting task for: https://anjayasejati.com/my-account/
Starting crawl of https://anjayasejati.com/my-account/
Added URL to results: https://anjayasejati.com/thank-you-download-panduan-2/ - Total in results: 29
Submitting task for: https://anjayasejati.com/kebijakan-privasi/
Starting crawl of https://anjayasejati.com/kebijakan-privasi/
Added URL to results: https://anjayasejati.com/thank-you-download-panduan-1/ - Total in results: 30
Submitting task for: https://anjayasejati.com/informasi-pengiriman/
Starting crawl of https://anjayasejati.com/informasi-pengiriman/
Added URL to results: https://anjayasejati.com/retur-pengembalian-dana/ - Total in results: 31
Submitting task for: https://anjayasejati.com/checkout/
Starting crawl of https://anjayasejati.com/checkout/
Added URL to results: https://anjayasejati.com/kebijakan-privasi/ - Total in results: 32
Submitting task for: https://anjayasejati.com/cart/
Starting crawl of https://anjayasejati.com/cart/
Added URL to results: https://anjayasejati.com/informasi-pengiriman/ - Total in results: 33
Submitting task for: https://anjayasejati.com/cara-pemesanan/
Starting crawl of https://anjayasejati.com/cara-pemesanan/
get_status called - crawl_results length: 33, status: running, crawled: 33
Added URL to results: https://anjayasejati.com/cara-pemesanan/ - Total in results: 34
Submitting task for: https://anjayasejati.com/toko-belanja/
Starting crawl of https://anjayasejati.com/toko-belanja/
Added URL to results: https://anjayasejati.com/toko-belanja/ - Total in results: 35
Submitting task for: https://anjayasejati.com/product/palet-sakura-jenia-perlusin/
Starting crawl of https://anjayasejati.com/product/palet-sakura-jenia-perlusin/
Added URL to results: https://anjayasejati.com/download-panduan-1/ - Total in results: 36
Submitting task for: https://anjayasejati.com/product/palet-butterfly-sun-perlusin/
Starting crawl of https://anjayasejati.com/product/palet-butterfly-sun-perlusin/
Added URL to results: https://anjayasejati.com/product/palet-sakura-jenia-perlusin/ - Total in results: 37
Submitting task for: https://anjayasejati.com/product/palet-butterfly-lion-perlusin/
Starting crawl of https://anjayasejati.com/product/palet-butterfly-lion-perlusin/
get_status called - crawl_results length: 37, status: running, crawled: 37
Added URL to results: https://anjayasejati.com/product/palet-butterfly-sun-perlusin/ - Total in results: 38
Submitting task for: https://anjayasejati.com/product/pensil-warna-joyko-bi101-24-warna-2-warna-per-pensil-pensil-gambar/
Starting crawl of https://anjayasejati.com/product/pensil-warna-joyko-bi101-24-warna-2-warna-per-pensil-pensil-gambar/
Added URL to results: https://anjayasejati.com/product/palet-butterfly-lion-perlusin/ - Total in results: 39
Submitting task for: https://anjayasejati.com/product/pensil-warna-joyko-36-warna-panjang-pensil-gambar/
Starting crawl of https://anjayasejati.com/product/pensil-warna-joyko-36-warna-panjang-pensil-gambar/
Added URL to results: https://anjayasejati.com/product/pensil-warna-joyko-36-warna-panjang-pensil-gambar/ - Total in results: 40
Submitting task for: https://anjayasejati.com/product/pensil-warna-joyko-cp-103-12-warna-pensil-gambar/
Added URL to results: https://anjayasejati.com/product/pensil-warna-joyko-bi101-24-warna-2-warna-per-pensil-pensil-gambar/ - Total in results: 41
Starting crawl of https://anjayasejati.com/product/pensil-warna-joyko-cp-103-12-warna-pensil-gambar/
Submitting task for: https://anjayasejati.com/product/pensil-warna-joyko-cp-100-12-warna-pensil-gambar/
Starting crawl of https://anjayasejati.com/product/pensil-warna-joyko-cp-100-12-warna-pensil-gambar/
Added URL to results: https://anjayasejati.com/product/pensil-warna-joyko-cp-100-12-warna-pensil-gambar/ - Total in results: 42
Submitting task for: https://anjayasejati.com/product/bak-stempel-joyko-no-0/
Starting crawl of https://anjayasejati.com/product/bak-stempel-joyko-no-0/
Added URL to results: https://anjayasejati.com/product/pensil-warna-joyko-cp-103-12-warna-pensil-gambar/ - Total in results: 43
Submitting task for: https://anjayasejati.com/product/water-color-set-butterfly-36-warna/
Starting crawl of https://anjayasejati.com/product/water-color-set-butterfly-36-warna/
Added URL to results: https://anjayasejati.com/my-account/ - Total in results: 44
Submitting task for: https://anjayasejati.com/product/water-color-set-butterfly-24-warna/
Starting crawl of https://anjayasejati.com/product/water-color-set-butterfly-24-warna/
Added URL to results: https://anjayasejati.com/product/water-color-set-butterfly-24-warna/ - Total in results: 45
Submitting task for: https://anjayasejati.com/product/water-color-set-butterfly-12-warna/
Added URL to results: https://anjayasejati.com/product/water-color-set-butterfly-36-warna/ - Total in results: 46
Starting crawl of https://anjayasejati.com/product/water-color-set-butterfly-12-warna/
Submitting task for: https://anjayasejati.com/product/water-color-joyko-12-warna-6ml/
Starting crawl of https://anjayasejati.com/product/water-color-joyko-12-warna-6ml/
Added URL to results: https://anjayasejati.com/product/water-color-set-butterfly-12-warna/ - Total in results: 47
Submitting task for: https://anjayasejati.com/product/numbering-joyko-nm-101/
Starting crawl of https://anjayasejati.com/product/numbering-joyko-nm-101/
get_status called - crawl_results length: 47, status: running, crawled: 47
Added URL to results: https://anjayasejati.com/product/water-color-joyko-12-warna-6ml/ - Total in results: 48
Submitting task for: https://anjayasejati.com/product/tinta-cap-joyko-spi-15-hijau/
Starting crawl of https://anjayasejati.com/product/tinta-cap-joyko-spi-15-hijau/
Added URL to results: https://anjayasejati.com/product/bak-stempel-joyko-no-0/ - Total in results: 49
Submitting task for: https://anjayasejati.com/product/tinta-cap-joyko-spi-12-biru/
Starting crawl of https://anjayasejati.com/product/tinta-cap-joyko-spi-12-biru/
Saved 51 URLs to database for crawl 1
Added URL to results: https://anjayasejati.com/cart/ - Total in results: 50
Saved 1 URLs to database for crawl 1
Submitting task for: https://anjayasejati.com/product/tinta-cap-joyko-spi-13-hitam/
Starting crawl of https://anjayasejati.com/product/tinta-cap-joyko-spi-13-hitam/
Added URL to results: https://anjayasejati.com/product/tinta-cap-joyko-spi-12-biru/ - Total in results: 51
Submitting task for: https://anjayasejati.com/product/tinta-cap-yamura-biru/
Starting crawl of https://anjayasejati.com/product/tinta-cap-yamura-biru/
Saved 3249 links to database for crawl 1
Saved 98 issues to database for crawl 1
Saved batch to database for crawl 1
Added URL to results: https://anjayasejati.com/product/numbering-joyko-nm-101/ - Total in results: 52
Submitting task for: https://anjayasejati.com/product/tinta-cap-joyko-spi-11-violet/
Starting crawl of https://anjayasejati.com/product/tinta-cap-joyko-spi-11-violet/
Saved 0 links to database for crawl 1
Saved 2 issues to database for crawl 1
Saved batch to database for crawl 1
Added URL to results: https://anjayasejati.com/product/tinta-cap-joyko-spi-15-hijau/ - Total in results: 53
Submitting task for: https://anjayasejati.com/product/tinta-cap-joyko-spi-14-merah/
Starting crawl of https://anjayasejati.com/product/tinta-cap-joyko-spi-14-merah/
Added URL to results: https://anjayasejati.com/product/tinta-cap-joyko-spi-13-hitam/ - Total in results: 54
Submitting task for: https://anjayasejati.com/product/tinta-cap-yamura-hijau/
Starting crawl of https://anjayasejati.com/product/tinta-cap-yamura-hijau/
Added URL to results: https://anjayasejati.com/product/tinta-cap-yamura-biru/ - Total in results: 55
Added URL to results: https://anjayasejati.com/product/tinta-cap-joyko-spi-11-violet/ - Total in results: 56
Submitting task for: https://anjayasejati.com/product/tinta-cap-yamura-violet/
Submitting task for: https://anjayasejati.com/product/tinta-cap-yamura-merah/
Starting crawl of https://anjayasejati.com/product/tinta-cap-yamura-merah/
Starting crawl of https://anjayasejati.com/product/tinta-cap-yamura-violet/
Added URL to results: https://anjayasejati.com/product/tinta-cap-joyko-spi-14-merah/ - Total in results: 57
Submitting task for: https://anjayasejati.com/product/tinta-cap-yamura-hitam/
Starting crawl of https://anjayasejati.com/product/tinta-cap-yamura-hitam/
Added URL to results: https://anjayasejati.com/product/tinta-cap-yamura-hijau/ - Total in results: 58
Submitting task for: https://anjayasejati.com/product/penggaris-besi-joyko-20cm-perlusin/
Starting crawl of https://anjayasejati.com/product/penggaris-besi-joyko-20cm-perlusin/
Added URL to results: https://anjayasejati.com/product/tinta-cap-yamura-violet/ - Total in results: 59
Added URL to results: https://anjayasejati.com/product/tinta-cap-yamura-merah/ - Total in results: 60
Submitting task for: https://anjayasejati.com/product/penggaris-butterfly-30-cm-perlusin/
Submitting task for: https://anjayasejati.com/product/penggaris-butterfly-20-cm-perlusin/
Starting crawl of https://anjayasejati.com/product/penggaris-butterfly-30-cm-perlusin/
Starting crawl of https://anjayasejati.com/product/penggaris-butterfly-20-cm-perlusin/
Added URL to results: https://anjayasejati.com/checkout/ - Total in results: 61
Added URL to results: https://anjayasejati.com/product/tinta-cap-yamura-hitam/ - Total in results: 62
Submitting task for: https://anjayasejati.com/product/penggaris-butterfly-15cm-perlusin/
Submitting task for: https://anjayasejati.com/product/penggaris-busur-butterfly-180-10-new-perlusin/
Starting crawl of https://anjayasejati.com/product/penggaris-butterfly-15cm-perlusin/
Starting crawl of https://anjayasejati.com/product/penggaris-busur-butterfly-180-10-new-perlusin/
get_status called - crawl_results length: 62, status: running, crawled: 62
Added URL to results: https://anjayasejati.com/product/penggaris-butterfly-20-cm-perlusin/ - Total in results: 63
Submitting task for: https://anjayasejati.com/product/penggaris-busur-butterfly-180-10-no-4-kecil-perlusin/
Starting crawl of https://anjayasejati.com/product/penggaris-busur-butterfly-180-10-no-4-kecil-perlusin/
Added URL to results: https://anjayasejati.com/product/penggaris-besi-joyko-20cm-perlusin/ - Total in results: 64
Submitting task for: https://anjayasejati.com/product/hekmasin-hekter-joyko-hd-10cl-per-2-pcs/
Starting crawl of https://anjayasejati.com/product/hekmasin-hekter-joyko-hd-10cl-per-2-pcs/
Added URL to results: https://anjayasejati.com/product/penggaris-busur-butterfly-180-10-new-perlusin/ - Total in results: 65
Submitting task for: https://anjayasejati.com/product/hekmasin-hekter-joyko-hd-10-per-3-pcs/
Starting crawl of https://anjayasejati.com/product/hekmasin-hekter-joyko-hd-10-per-3-pcs/
Added URL to results: https://anjayasejati.com/product/penggaris-busur-butterfly-180-10-no-4-kecil-perlusin/ - Total in results: 66
Submitting task for: https://anjayasejati.com/product/penggaris-segitiga-butterfly-no-6/
Starting crawl of https://anjayasejati.com/product/penggaris-segitiga-butterfly-no-6/
Added URL to results: https://anjayasejati.com/product/penggaris-butterfly-30-cm-perlusin/ - Total in results: 67
Submitting task for: https://anjayasejati.com/product/penggaris-segitiga-butterfly-no-10/
Starting crawl of https://anjayasejati.com/product/penggaris-segitiga-butterfly-no-10/
Added URL to results: https://anjayasejati.com/product/hekmasin-hekter-joyko-hd-10cl-per-2-pcs/ - Total in results: 68
Submitting task for: https://anjayasejati.com/product/penggaris-set-butterfly-500-perlusin/
Added URL to results: https://anjayasejati.com/product/hekmasin-hekter-joyko-hd-10-per-3-pcs/ - Total in results: 69
Starting crawl of https://anjayasejati.com/product/penggaris-set-butterfly-500-perlusin/
Submitting task for: https://anjayasejati.com/product/penggaris-set-butterfly-1700-per-set/
Starting crawl of https://anjayasejati.com/product/penggaris-set-butterfly-1700-per-set/
Added URL to results: https://anjayasejati.com/product/penggaris-segitiga-butterfly-no-6/ - Total in results: 70
Submitting task for: https://anjayasejati.com/product/gun-tacker-joyko-gt701/
Starting crawl of https://anjayasejati.com/product/gun-tacker-joyko-gt701/
Added URL to results: https://anjayasejati.com/product/penggaris-segitiga-butterfly-no-10/ - Total in results: 71
Submitting task for: https://anjayasejati.com/product/hekmasin-hekter-joyko-hd-50-per-2-pcs/
Starting crawl of https://anjayasejati.com/product/hekmasin-hekter-joyko-hd-50-per-2-pcs/
Added URL to results: https://anjayasejati.com/product/penggaris-set-butterfly-1700-per-set/ - Total in results: 72
Submitting task for: https://anjayasejati.com/product/hekmasin-hekter-joyko-hd-12n-24/
Starting crawl of https://anjayasejati.com/product/hekmasin-hekter-joyko-hd-12n-24/
Added URL to results: https://anjayasejati.com/product/gun-tacker-joyko-gt701/ - Total in results: 73
Submitting task for: https://anjayasejati.com/product/hekmasin-hekter-joyko-hd-10-m-per-2-pcs/
Added URL to results: https://anjayasejati.com/product/penggaris-set-butterfly-500-perlusin/ - Total in results: 74
Starting crawl of https://anjayasejati.com/product/hekmasin-hekter-joyko-hd-10-m-per-2-pcs/
Submitting task for: https://anjayasejati.com/product/hekmasin-hekter-max-hd-10-satuan/
Starting crawl of https://anjayasejati.com/product/hekmasin-hekter-max-hd-10-satuan/
Added URL to results: https://anjayasejati.com/product/hekmasin-hekter-joyko-hd-50-per-2-pcs/ - Total in results: 75
Submitting task for: https://anjayasejati.com/product/neces-isi-hekter-sdi-no-10-1200/
Added URL to results: https://anjayasejati.com/product/penggaris-butterfly-15cm-perlusin/ - Total in results: 76
Starting crawl of https://anjayasejati.com/product/neces-isi-hekter-sdi-no-10-1200/
Submitting task for: https://anjayasejati.com/product/neces-isi-hekter-sdi-no-03-1204/
Starting crawl of https://anjayasejati.com/product/neces-isi-hekter-sdi-no-03-1204/
Added URL to results: https://anjayasejati.com/product/hekmasin-hekter-joyko-hd-12n-24/ - Total in results: 77
Submitting task for: https://anjayasejati.com/product/map-documen-jenia-20lb-hitam/
Starting crawl of https://anjayasejati.com/product/map-documen-jenia-20lb-hitam/
get_status called - crawl_results length: 77, status: running, crawled: 77
Added URL to results: https://anjayasejati.com/product/hekmasin-hekter-max-hd-10-satuan/ - Total in results: 78
Submitting task for: https://anjayasejati.com/product/map-documen-jenia-20lb-hijau-tua/
Starting crawl of https://anjayasejati.com/product/map-documen-jenia-20lb-hijau-tua/
Added URL to results: https://anjayasejati.com/product/hekmasin-hekter-joyko-hd-10-m-per-2-pcs/ - Total in results: 79
Submitting task for: https://anjayasejati.com/product/map-documen-jenia-20lb-hijau/
Starting crawl of https://anjayasejati.com/product/map-documen-jenia-20lb-hijau/
Added URL to results: https://anjayasejati.com/product/neces-isi-hekter-sdi-no-10-1200/ - Total in results: 80
Submitting task for: https://anjayasejati.com/product/map-documen-jenia-20lb-biru-tua/
Starting crawl of https://anjayasejati.com/product/map-documen-jenia-20lb-biru-tua/
Added URL to results: https://anjayasejati.com/product/map-documen-jenia-20lb-hijau-tua/ - Total in results: 81
Submitting task for: https://anjayasejati.com/product/map-documen-jenia-20lb-biru/
Added URL to results: https://anjayasejati.com/product/map-documen-jenia-20lb-hitam/ - Total in results: 82
Starting crawl of https://anjayasejati.com/product/map-documen-jenia-20lb-biru/
Submitting task for: https://anjayasejati.com/product/map-documen-jenia-40lb-hijau-tua/
Added URL to results: https://anjayasejati.com/product/neces-isi-hekter-sdi-no-03-1204/ - Total in results: 83
Starting crawl of https://anjayasejati.com/product/map-documen-jenia-40lb-hijau-tua/
Submitting task for: https://anjayasejati.com/product/map-documen-jenia-40lb-hijau/
Starting crawl of https://anjayasejati.com/product/map-documen-jenia-40lb-hijau/
Added URL to results: https://anjayasejati.com/product/map-documen-jenia-20lb-biru-tua/ - Total in results: 84
Submitting task for: https://anjayasejati.com/product/map-documen-jenia-40lb-biru-tua/
Starting crawl of https://anjayasejati.com/product/map-documen-jenia-40lb-biru-tua/
Added URL to results: https://anjayasejati.com/product/map-documen-jenia-20lb-biru/ - Total in results: 85
Submitting task for: https://anjayasejati.com/product/map-documen-jenia-40lb-biru/
Starting crawl of https://anjayasejati.com/product/map-documen-jenia-40lb-biru/
Added URL to results: https://anjayasejati.com/product/map-documen-jenia-40lb-hijau/ - Total in results: 86
Submitting task for: https://anjayasejati.com/product/map-documen-jenia-20lb-merah/
Starting crawl of https://anjayasejati.com/product/map-documen-jenia-20lb-merah/
Added URL to results: https://anjayasejati.com/product/map-documen-jenia-40lb-biru-tua/ - Total in results: 87
Submitting task for: https://anjayasejati.com/product/map-documen-jenia-20lb-kuning/
Starting crawl of https://anjayasejati.com/product/map-documen-jenia-20lb-kuning/
Added URL to results: https://anjayasejati.com/product/map-documen-jenia-40lb-biru/ - Total in results: 88
Submitting task for: https://anjayasejati.com/product/map-documen-jenia-60lb-merah/
Starting crawl of https://anjayasejati.com/product/map-documen-jenia-60lb-merah/
Added URL to results: https://anjayasejati.com/product/map-documen-jenia-20lb-kuning/ - Total in results: 89
Submitting task for: https://anjayasejati.com/product/map-documen-jenia-60lb-hitam/
Starting crawl of https://anjayasejati.com/product/map-documen-jenia-60lb-hitam/
Added URL to results: https://anjayasejati.com/product/map-documen-jenia-60lb-merah/ - Total in results: 90
Submitting task for: https://anjayasejati.com/product/map-documen-jenia-60lb-biru-tua/
Starting crawl of https://anjayasejati.com/product/map-documen-jenia-60lb-biru-tua/
Added URL to results: https://anjayasejati.com/product/map-documen-jenia-60lb-hitam/ - Total in results: 91
Submitting task for: https://anjayasejati.com/product/map-documen-jenia-60lb-biru/
Starting crawl of https://anjayasejati.com/product/map-documen-jenia-60lb-biru/
Added URL to results: https://anjayasejati.com/product/map-documen-jenia-60lb-biru-tua/ - Total in results: 92
Submitting task for: https://anjayasejati.com/product/map-documen-jenia-40lb-merah/
Starting crawl of https://anjayasejati.com/product/map-documen-jenia-40lb-merah/
get_status called - crawl_results length: 92, status: running, crawled: 92
Added URL to results: https://anjayasejati.com/product/map-documen-jenia-40lb-merah/ - Total in results: 93
Submitting task for: https://anjayasejati.com/product/map-documen-jenia-40lb-kuning/
Starting crawl of https://anjayasejati.com/product/map-documen-jenia-40lb-kuning/
Added URL to results: https://anjayasejati.com/product/map-documen-jenia-60lb-biru/ - Total in results: 94
Submitting task for: https://anjayasejati.com/product/map-documen-jenia-40lb-hitam/
Starting crawl of https://anjayasejati.com/product/map-documen-jenia-40lb-hitam/
Added URL to results: https://anjayasejati.com/product/map-documen-jenia-40lb-kuning/ - Total in results: 95
Submitting task for: https://anjayasejati.com/product/clipboard-butterfly-dove/
Starting crawl of https://anjayasejati.com/product/clipboard-butterfly-dove/
Added URL to results: https://anjayasejati.com/product/map-documen-jenia-40lb-hitam/ - Total in results: 96
Submitting task for: https://anjayasejati.com/product/neces-isi-hekter-joyko-no-10/
Starting crawl of https://anjayasejati.com/product/neces-isi-hekter-joyko-no-10/
Added URL to results: https://anjayasejati.com/product/neces-isi-hekter-joyko-no-10/ - Total in results: 97
Submitting task for: https://anjayasejati.com/product/gun-tacker-joyko-gt700/
Starting crawl of https://anjayasejati.com/product/gun-tacker-joyko-gt700/
Added URL to results: https://anjayasejati.com/product/clipboard-butterfly-dove/ - Total in results: 98
Submitting task for: https://anjayasejati.com/product/stempel-nomor-joyko-n-8/
Starting crawl of https://anjayasejati.com/product/stempel-nomor-joyko-n-8/
Added URL to results: https://anjayasejati.com/product/gun-tacker-joyko-gt700/ - Total in results: 99
Submitting task for: https://anjayasejati.com/product/stempel-joyko-s-70-paid/
Starting crawl of https://anjayasejati.com/product/stempel-joyko-s-70-paid/
Added URL to results: https://anjayasejati.com/product/stempel-nomor-joyko-n-8/ - Total in results: 100
Submitting task for: https://anjayasejati.com/product/stempel-lunas-joyko-s-71/
Starting crawl of https://anjayasejati.com/product/stempel-lunas-joyko-s-71/
Added URL to results: https://anjayasejati.com/product/stempel-joyko-s-70-paid/ - Total in results: 101
Submitting task for: https://anjayasejati.com/product/stempel-tanggal-joyko-d3/
Starting crawl of https://anjayasejati.com/product/stempel-tanggal-joyko-d3/
get_status called - crawl_results length: 101, status: running, crawled: 101
Saved 50 URLs to database for crawl 1
Saved 4023 links to database for crawl 1
Saved 99 issues to database for crawl 1
Saved batch to database for crawl 1
Added URL to results: https://anjayasejati.com/product/stempel-lunas-joyko-s-71/ - Total in results: 102
Submitting task for: https://anjayasejati.com/product/stempel-lunas-joyko-s-68/
Starting crawl of https://anjayasejati.com/product/stempel-lunas-joyko-s-68/
Added URL to results: https://anjayasejati.com/product/stempel-tanggal-joyko-d3/ - Total in results: 103
Submitting task for: https://anjayasejati.com/product/penggaris-besi-joyko-15-cm-perlusin/
Starting crawl of https://anjayasejati.com/product/penggaris-besi-joyko-15-cm-perlusin/
Added URL to results: https://anjayasejati.com/product/stempel-lunas-joyko-s-68/ - Total in results: 104
Submitting task for: https://anjayasejati.com/product/stempel-nomor-joyko-n-7/
Starting crawl of https://anjayasejati.com/product/stempel-nomor-joyko-n-7/
Added URL to results: https://anjayasejati.com/product/penggaris-besi-joyko-15-cm-perlusin/ - Total in results: 105
Submitting task for: https://anjayasejati.com/product/pensil-warna-joyko-cp-107-pensil-gambar-per-3-pcs/
Starting crawl of https://anjayasejati.com/product/pensil-warna-joyko-cp-107-pensil-gambar-per-3-pcs/
Added URL to results: https://anjayasejati.com/product/map-documen-jenia-20lb-hijau/ - Total in results: 106
Submitting task for: https://anjayasejati.com/product/pensil-warna-joyko-cp-109-12-warna-pensil-gambar/
Starting crawl of https://anjayasejati.com/product/pensil-warna-joyko-cp-109-12-warna-pensil-gambar/
Added URL to results: https://anjayasejati.com/product/stempel-nomor-joyko-n-7/ - Total in results: 107
Submitting task for: https://anjayasejati.com/product/pensil-warna-joyko-cp-120-pensil-gambar/
Starting crawl of https://anjayasejati.com/product/pensil-warna-joyko-cp-120-pensil-gambar/
Added URL to results: https://anjayasejati.com/product/pensil-warna-joyko-cp-107-pensil-gambar-per-3-pcs/ - Total in results: 108
Submitting task for: https://anjayasejati.com/product/pensil-warna-joyko-cp-125p-pastel-pensil-gambar/
Starting crawl of https://anjayasejati.com/product/pensil-warna-joyko-cp-125p-pastel-pensil-gambar/
Added URL to results: https://anjayasejati.com/product/map-documen-jenia-40lb-hijau-tua/ - Total in results: 109
Submitting task for: https://anjayasejati.com/product/water-color-vtec-1325/
Starting crawl of https://anjayasejati.com/product/water-color-vtec-1325/
Added URL to results: https://anjayasejati.com/product/pensil-warna-joyko-cp-109-12-warna-pensil-gambar/ - Total in results: 110
Submitting task for: https://anjayasejati.com/product/pensil-warna-joyko-48-warna-pensil-gambar/
Starting crawl of https://anjayasejati.com/product/pensil-warna-joyko-48-warna-pensil-gambar/
Added URL to results: https://anjayasejati.com/product/pensil-warna-joyko-cp-120-pensil-gambar/ - Total in results: 111
Submitting task for: https://anjayasejati.com/product/pensil-warna-joyko-bi100-12-warna-2-warna-per-pensil-pensil-gambar/
Starting crawl of https://anjayasejati.com/product/pensil-warna-joyko-bi100-12-warna-2-warna-per-pensil-pensil-gambar/
Added URL to results: https://anjayasejati.com/product/map-documen-jenia-20lb-merah/ - Total in results: 112
Submitting task for: https://anjayasejati.com/product/bak-stempel-joyko-no-00/
Starting crawl of https://anjayasejati.com/product/bak-stempel-joyko-no-00/
Added URL to results: https://anjayasejati.com/product/pensil-warna-joyko-cp-125p-pastel-pensil-gambar/ - Total in results: 113
Submitting task for: https://anjayasejati.com/product/bak-stempel-joyko-no-1/
Starting crawl of https://anjayasejati.com/product/bak-stempel-joyko-no-1/
get_status called - crawl_results length: 113, status: running, crawled: 113
Added URL to results: https://anjayasejati.com/product/pensil-warna-joyko-48-warna-pensil-gambar/ - Total in results: 114
Submitting task for: https://anjayasejati.com/product/pensil-warna-joyko-cp-0127-48-warna-pensil-gambar/
Starting crawl of https://anjayasejati.com/product/pensil-warna-joyko-cp-0127-48-warna-pensil-gambar/
Added URL to results: https://anjayasejati.com/product/water-color-vtec-1325/ - Total in results: 115
Submitting task for: https://anjayasejati.com/product/bak-stempel-joyko-no-2/
Starting crawl of https://anjayasejati.com/product/bak-stempel-joyko-no-2/
Added URL to results: https://anjayasejati.com/product/bak-stempel-joyko-no-00/ - Total in results: 116
Submitting task for: https://anjayasejati.com/product/pensil-warna-joyko-cp-0128-36-warna-pensil-gambar/
Starting crawl of https://anjayasejati.com/product/pensil-warna-joyko-cp-0128-36-warna-pensil-gambar/
Added URL to results: https://anjayasejati.com/product/pensil-warna-joyko-cp-0127-48-warna-pensil-gambar/ - Total in results: 117
Submitting task for: https://anjayasejati.com/product/pensil-warna-joyko-0130-12-warna-pensil-gambar/
Starting crawl of https://anjayasejati.com/product/pensil-warna-joyko-0130-12-warna-pensil-gambar/
Added URL to results: https://anjayasejati.com/product/bak-stempel-joyko-no-2/ - Total in results: 118
Submitting task for: https://anjayasejati.com/product/pensil-warna-joyko-0130-24-warna-pensil-gambar/
Starting crawl of https://anjayasejati.com/product/pensil-warna-joyko-0130-24-warna-pensil-gambar/
Added URL to results: https://anjayasejati.com/product/pensil-warna-joyko-cp-0128-36-warna-pensil-gambar/ - Total in results: 119
Submitting task for: https://anjayasejati.com/product/pensil-warna-joyko-s12-12-warna-pendek-pensil-gambar/
Starting crawl of https://anjayasejati.com/product/pensil-warna-joyko-s12-12-warna-pendek-pensil-gambar/
Added URL to results: https://anjayasejati.com/product/pensil-warna-joyko-0130-12-warna-pensil-gambar/ - Total in results: 120
Submitting task for: https://anjayasejati.com/product/pensil-warna-joyko-12pb-12-warna-panjang-pensil-gambar/
Starting crawl of https://anjayasejati.com/product/pensil-warna-joyko-12pb-12-warna-panjang-pensil-gambar/
Added URL to results: https://anjayasejati.com/product/pensil-warna-joyko-0130-24-warna-pensil-gambar/ - Total in results: 121
Submitting task for: https://anjayasejati.com/product/pensil-warna-joyko-12tc-kaleng-pensil-gambar/
Starting crawl of https://anjayasejati.com/product/pensil-warna-joyko-12tc-kaleng-pensil-gambar/
Added URL to results: https://anjayasejati.com/product/pensil-warna-joyko-s12-12-warna-pendek-pensil-gambar/ - Total in results: 122
Submitting task for: https://anjayasejati.com/product/pensil-warna-joyko-24tc-kaleng-pensil-gambar/
Starting crawl of https://anjayasejati.com/product/pensil-warna-joyko-24tc-kaleng-pensil-gambar/
Added URL to results: https://anjayasejati.com/product/pensil-warna-joyko-12pb-12-warna-panjang-pensil-gambar/ - Total in results: 123
Submitting task for: https://anjayasejati.com/product/pensil-warna-joyko-s24-24-warna-pendek-pensil-gambar/
Starting crawl of https://anjayasejati.com/product/pensil-warna-joyko-s24-24-warna-pendek-pensil-gambar/
Added URL to results: https://anjayasejati.com/product/pensil-warna-joyko-12tc-kaleng-pensil-gambar/ - Total in results: 124
Submitting task for: https://anjayasejati.com/product/oil-pastel-pentel-25-warna/
Starting crawl of https://anjayasejati.com/product/oil-pastel-pentel-25-warna/
Added URL to results: https://anjayasejati.com/product/pensil-warna-joyko-s24-24-warna-pendek-pensil-gambar/ - Total in results: 125
get_status called - crawl_results length: 125, status: running, crawled: 125
Submitting task for: https://anjayasejati.com/product/pensil-warna-joyko-24pb-24-warna-panjang-pensil-gambar/
Starting crawl of https://anjayasejati.com/product/pensil-warna-joyko-24pb-24-warna-panjang-pensil-gambar/
Added URL to results: https://anjayasejati.com/product/oil-pastel-pentel-25-warna/ - Total in results: 126
Submitting task for: https://anjayasejati.com/product/oil-pastel-pentel-36-warna/
Starting crawl of https://anjayasejati.com/product/oil-pastel-pentel-36-warna/
Added URL to results: https://anjayasejati.com/product/pensil-warna-joyko-24pb-24-warna-panjang-pensil-gambar/ - Total in results: 127
Submitting task for: https://anjayasejati.com/product/oil-pastel-pentel-50-warna/
Starting crawl of https://anjayasejati.com/product/oil-pastel-pentel-50-warna/
Added URL to results: https://anjayasejati.com/product/oil-pastel-pentel-50-warna/ - Total in results: 128
Submitting task for: https://anjayasejati.com/product/palet-butterfly-bintang-perlusin/
Starting crawl of https://anjayasejati.com/product/palet-butterfly-bintang-perlusin/
Added URL to results: https://anjayasejati.com/product/palet-butterfly-bintang-perlusin/ - Total in results: 129
Submitting task for: https://anjayasejati.com/product/palet-butterfly-badut-perlusin/
Starting crawl of https://anjayasejati.com/product/palet-butterfly-badut-perlusin/
Added URL to results: https://anjayasejati.com/product/palet-butterfly-badut-perlusin/ - Total in results: 130
Submitting task for: https://anjayasejati.com/product/poster-color-joyko-12-warna-12ml/
Starting crawl of https://anjayasejati.com/product/poster-color-joyko-12-warna-12ml/
get_status called - crawl_results length: 130, status: running, crawled: 130
Added URL to results: https://anjayasejati.com/product/poster-color-joyko-12-warna-12ml/ - Total in results: 131
Submitting task for: https://anjayasejati.com/product/koas-set-joyko-br-6-no-7/
Starting crawl of https://anjayasejati.com/product/koas-set-joyko-br-6-no-7/
Added URL to results: https://anjayasejati.com/product/pensil-warna-joyko-bi100-12-warna-2-warna-per-pensil-pensil-gambar/ - Total in results: 132
Submitting task for: https://anjayasejati.com/product/koas-set-joyko-br-6-no-8/
Starting crawl of https://anjayasejati.com/product/koas-set-joyko-br-6-no-8/
Added URL to results: https://anjayasejati.com/product/koas-set-joyko-br-6-no-7/ - Total in results: 133
Submitting task for: https://anjayasejati.com/product/koas-set-joyko-br-6-no-9/
Added URL to results: https://anjayasejati.com/product/koas-set-joyko-br-6-no-8/ - Total in results: 134
Starting crawl of https://anjayasejati.com/product/koas-set-joyko-br-6-no-9/
Submitting task for: https://anjayasejati.com/product/koas-joyko-set-br-4/
Starting crawl of https://anjayasejati.com/product/koas-joyko-set-br-4/
Added URL to results: https://anjayasejati.com/product/koas-set-joyko-br-6-no-9/ - Total in results: 135
Submitting task for: https://anjayasejati.com/product/koas-butterfly-bt-art2/
Starting crawl of https://anjayasejati.com/product/koas-butterfly-bt-art2/
Added URL to results: https://anjayasejati.com/product/koas-joyko-set-br-4/ - Total in results: 136
Submitting task for: https://anjayasejati.com/product/oil-pastel-pentel-12-warna/
Starting crawl of https://anjayasejati.com/product/oil-pastel-pentel-12-warna/
Added URL to results: https://anjayasejati.com/product/koas-butterfly-bt-art2/ - Total in results: 137
Submitting task for: https://anjayasejati.com/product/oil-pastel-pentel-16-warna/
Starting crawl of https://anjayasejati.com/product/oil-pastel-pentel-16-warna/
Added URL to results: https://anjayasejati.com/product/bak-stempel-joyko-no-1/ - Total in results: 138
Submitting task for: https://anjayasejati.com/product/koas-set-joyko-br-6-no-12/
Starting crawl of https://anjayasejati.com/product/koas-set-joyko-br-6-no-12/
Added URL to results: https://anjayasejati.com/product/oil-pastel-pentel-12-warna/ - Total in results: 139
Submitting task for: https://anjayasejati.com/product/koas-set-joyko-br-6-no-2/
Starting crawl of https://anjayasejati.com/product/koas-set-joyko-br-6-no-2/
Added URL to results: https://anjayasejati.com/product/koas-set-joyko-br-6-no-12/ - Total in results: 140
Submitting task for: https://anjayasejati.com/product/koas-set-joyko-br-6-no-3/
Starting crawl of https://anjayasejati.com/product/koas-set-joyko-br-6-no-3/
Added URL to results: https://anjayasejati.com/product/koas-set-joyko-br-6-no-2/ - Total in results: 141
Submitting task for: https://anjayasejati.com/product/koas-set-joyko-br-6-no-4/
Starting crawl of https://anjayasejati.com/product/koas-set-joyko-br-6-no-4/
Added URL to results: https://anjayasejati.com/product/koas-set-joyko-br-6-no-3/ - Total in results: 142
Submitting task for: https://anjayasejati.com/product/koas-set-joyko-br-6-no-5/
Starting crawl of https://anjayasejati.com/product/koas-set-joyko-br-6-no-5/
get_status called - crawl_results length: 142, status: running, crawled: 142
Added URL to results: https://anjayasejati.com/product/koas-set-joyko-br-6-no-4/ - Total in results: 143
Submitting task for: https://anjayasejati.com/product/koas-set-joyko-br-6-no-6/
Starting crawl of https://anjayasejati.com/product/koas-set-joyko-br-6-no-6/
Added URL to results: https://anjayasejati.com/product/koas-set-joyko-br-6-no-5/ - Total in results: 144
Submitting task for: https://anjayasejati.com/product/koas-set-joyko-br-6-no-1/
Starting crawl of https://anjayasejati.com/product/koas-set-joyko-br-6-no-1/
Added URL to results: https://anjayasejati.com/product/koas-set-joyko-br-6-no-6/ - Total in results: 145
Submitting task for: https://anjayasejati.com/product/koas-set-joyko-br-6-no-11/
Starting crawl of https://anjayasejati.com/product/koas-set-joyko-br-6-no-11/
Added URL to results: https://anjayasejati.com/product/koas-set-joyko-br-6-no-11/ - Total in results: 146
Submitting task for: https://anjayasejati.com/product/crayon-joyko-p-48-warna/
Starting crawl of https://anjayasejati.com/product/crayon-joyko-p-48-warna/
Added URL to results: https://anjayasejati.com/product/crayon-joyko-p-48-warna/ - Total in results: 147
Submitting task for: https://anjayasejati.com/product/crayon-joyko-p-55-warna/
Starting crawl of https://anjayasejati.com/product/crayon-joyko-p-55-warna/
Added URL to results: https://anjayasejati.com/product/crayon-joyko-p-55-warna/ - Total in results: 148
Submitting task for: https://anjayasejati.com/product/crayon-silky-joyko-a-12/
Starting crawl of https://anjayasejati.com/product/crayon-silky-joyko-a-12/
Added URL to results: https://anjayasejati.com/product/pensil-warna-joyko-24tc-kaleng-pensil-gambar/ - Total in results: 149
Submitting task for: https://anjayasejati.com/product/crayon-putar-joyko-mini-12-warna/
Starting crawl of https://anjayasejati.com/product/crayon-putar-joyko-mini-12-warna/
Added URL to results: https://anjayasejati.com/product/crayon-silky-joyko-a-12/ - Total in results: 150
Submitting task for: https://anjayasejati.com/product/crayon-silky-joyko-a-24/
Starting crawl of https://anjayasejati.com/product/crayon-silky-joyko-a-24/
Added URL to results: https://anjayasejati.com/product/crayon-putar-joyko-mini-12-warna/ - Total in results: 151
Submitting task for: https://anjayasejati.com/product/crayon-putar-joyko-12-warna-pjg/
Starting crawl of https://anjayasejati.com/product/crayon-putar-joyko-12-warna-pjg/
get_status called - crawl_results length: 151, status: running, crawled: 151
Saved 50 URLs to database for crawl 1
Added URL to results: https://anjayasejati.com/product/oil-pastel-pentel-36-warna/ - Total in results: 152
Submitting task for: https://anjayasejati.com/product/crayon-silky-joyko-a-36/
Starting crawl of https://anjayasejati.com/product/crayon-silky-joyko-a-36/
Saved 4383 links to database for crawl 1
Saved 123 issues to database for crawl 1
Saved batch to database for crawl 1
Added URL to results: https://anjayasejati.com/product/crayon-putar-joyko-12-warna-pjg/ - Total in results: 153
Submitting task for: https://anjayasejati.com/product/crayon-putar-joyko-24-warna-pjg/
Starting crawl of https://anjayasejati.com/product/crayon-putar-joyko-24-warna-pjg/
Added URL to results: https://anjayasejati.com/product/crayon-silky-joyko-a-36/ - Total in results: 154
Submitting task for: https://anjayasejati.com/product/crayon-silky-joyko-a-48/
Starting crawl of https://anjayasejati.com/product/crayon-silky-joyko-a-48/
Added URL to results: https://anjayasejati.com/product/crayon-putar-joyko-24-warna-pjg/ - Total in results: 155
Submitting task for: https://anjayasejati.com/product/koas-joyko-set-br-1-12s/
Starting crawl of https://anjayasejati.com/product/koas-joyko-set-br-1-12s/
Added URL to results: https://anjayasejati.com/product/crayon-silky-joyko-a-48/ - Total in results: 156
Submitting task for: https://anjayasejati.com/product/crayon-putar-titi-12-warna-pjg/
Starting crawl of https://anjayasejati.com/product/crayon-putar-titi-12-warna-pjg/
Added URL to results: https://anjayasejati.com/product/koas-joyko-set-br-1-12s/ - Total in results: 157
Submitting task for: https://anjayasejati.com/product/koas-set-joyko-br-6-no-0/
Starting crawl of https://anjayasejati.com/product/koas-set-joyko-br-6-no-0/
Added URL to results: https://anjayasejati.com/product/crayon-putar-titi-12-warna-pjg/ - Total in results: 158
Submitting task for: https://anjayasejati.com/product/crayon-titi-12-warna/
Added URL to results: https://anjayasejati.com/product/koas-set-joyko-br-6-no-0/ - Total in results: 159
Starting crawl of https://anjayasejati.com/product/crayon-titi-12-warna/
Submitting task for: https://anjayasejati.com/product/koas-set-joyko-br-6-no-00/
Starting crawl of https://anjayasejati.com/product/koas-set-joyko-br-6-no-00/
get_status called - crawl_results length: 159, status: running, crawled: 159
Added URL to results: https://anjayasejati.com/product/koas-set-joyko-br-6-no-00/ - Total in results: 160
Submitting task for: https://anjayasejati.com/product/crayon-titi-18-warna/
Starting crawl of https://anjayasejati.com/product/crayon-titi-18-warna/
Added URL to results: https://anjayasejati.com/product/crayon-titi-12-warna/ - Total in results: 161
Submitting task for: https://anjayasejati.com/product/crayon-titi-24-warna/
Starting crawl of https://anjayasejati.com/product/crayon-titi-24-warna/
Added URL to results: https://anjayasejati.com/product/crayon-titi-24-warna/ - Total in results: 162
Submitting task for: https://anjayasejati.com/product/crayon-titi-36-warna/
Starting crawl of https://anjayasejati.com/product/crayon-titi-36-warna/
Added URL to results: https://anjayasejati.com/product/oil-pastel-pentel-16-warna/ - Total in results: 163
Submitting task for: https://anjayasejati.com/product/crayon-joyko-p-12-warna/
Starting crawl of https://anjayasejati.com/product/crayon-joyko-p-12-warna/
Added URL to results: https://anjayasejati.com/product/crayon-titi-36-warna/ - Total in results: 164
Submitting task for: https://anjayasejati.com/product/crayon-joyko-p-12-hexa/
Starting crawl of https://anjayasejati.com/product/crayon-joyko-p-12-hexa/
Added URL to results: https://anjayasejati.com/product/crayon-joyko-p-12-hexa/ - Total in results: 165
Submitting task for: https://anjayasejati.com/product/crayon-joyko-p-18-warna/
Starting crawl of https://anjayasejati.com/product/crayon-joyko-p-18-warna/
Added URL to results: https://anjayasejati.com/product/crayon-joyko-p-12-warna/ - Total in results: 166
Submitting task for: https://anjayasejati.com/product/crayon-joyko-p-24-warna/
Starting crawl of https://anjayasejati.com/product/crayon-joyko-p-24-warna/
Added URL to results: https://anjayasejati.com/product/crayon-joyko-p-18-warna/ - Total in results: 167
Submitting task for: https://anjayasejati.com/product/crayon-joyko-p-36-warna/
Starting crawl of https://anjayasejati.com/product/crayon-joyko-p-36-warna/
Added URL to results: https://anjayasejati.com/product/crayon-joyko-p-24-warna/ - Total in results: 168
Submitting task for: https://anjayasejati.com/product/clean-crayon-joyko-ab-12-warna/
Starting crawl of https://anjayasejati.com/product/clean-crayon-joyko-ab-12-warna/
get_status called - crawl_results length: 168, status: running, crawled: 168
Added URL to results: https://anjayasejati.com/product/koas-set-joyko-br-6-no-1/ - Total in results: 169
Submitting task for: https://anjayasejati.com/product/clean-crayon-joyko-ac-24-warna/
Starting crawl of https://anjayasejati.com/product/clean-crayon-joyko-ac-24-warna/
Added URL to results: https://anjayasejati.com/product/crayon-joyko-p-36-warna/ - Total in results: 170
Submitting task for: https://anjayasejati.com/product/acrylic-color-joyko-12ml-12w/
Starting crawl of https://anjayasejati.com/product/acrylic-color-joyko-12ml-12w/
Added URL to results: https://anjayasejati.com/product/clean-crayon-joyko-ab-12-warna/ - Total in results: 171
Submitting task for: https://anjayasejati.com/product/acrylic-vtec-612/
Starting crawl of https://anjayasejati.com/product/acrylic-vtec-612/
Added URL to results: https://anjayasejati.com/product/clean-crayon-joyko-ac-24-warna/ - Total in results: 172
Added URL to results: https://anjayasejati.com/product/acrylic-color-joyko-12ml-12w/ - Total in results: 173
Submitting task for: https://anjayasejati.com/product/brush-pen-acrylic-911/
Submitting task for: https://anjayasejati.com/product/brush-pen-joyko-clp-06/
Starting crawl of https://anjayasejati.com/product/brush-pen-acrylic-911/
Starting crawl of https://anjayasejati.com/product/brush-pen-joyko-clp-06/
Added URL to results: https://anjayasejati.com/product/crayon-silky-joyko-a-24/ - Total in results: 174
Added URL to results: https://anjayasejati.com/product/acrylic-vtec-612/ - Total in results: 175
Submitting task for: https://anjayasejati.com/product/odner-bantex-folio-semua-warna/
Submitting task for: https://anjayasejati.com/product/doc-bag-jk-46-b4-jala-putih-per-3-pcs/
Starting crawl of https://anjayasejati.com/product/odner-bantex-folio-semua-warna/
Starting crawl of https://anjayasejati.com/product/doc-bag-jk-46-b4-jala-putih-per-3-pcs/
Added URL to results: https://anjayasejati.com/product/brush-pen-joyko-clp-06/ - Total in results: 176
Submitting task for: https://anjayasejati.com/product/doc-bag-jk-46-b5-jala-putih-per-3-pcs/
Starting crawl of https://anjayasejati.com/product/doc-bag-jk-46-b5-jala-putih-per-3-pcs/
Added URL to results: https://anjayasejati.com/product/odner-bantex-folio-semua-warna/ - Total in results: 177
Submitting task for: https://anjayasejati.com/product/doc-bag-joyko-47-a4-army-per-3-pcs/
Starting crawl of https://anjayasejati.com/product/doc-bag-joyko-47-a4-army-per-3-pcs/
Added URL to results: https://anjayasejati.com/product/doc-bag-jk-46-b4-jala-putih-per-3-pcs/ - Total in results: 178
Submitting task for: https://anjayasejati.com/product/doc-bag-joyko-47-b4-army-per-3-pcs/
Starting crawl of https://anjayasejati.com/product/doc-bag-joyko-47-b4-army-per-3-pcs/
Added URL to results: https://anjayasejati.com/product/doc-bag-jk-46-b5-jala-putih-per-3-pcs/ - Total in results: 179
Submitting task for: https://anjayasejati.com/product/doc-bag-joyko-47-b5-army-per-3-pcs/
Starting crawl of https://anjayasejati.com/product/doc-bag-joyko-47-b5-army-per-3-pcs/
get_status called - crawl_results length: 179, status: running, crawled: 179
Added URL to results: https://anjayasejati.com/product/doc-bag-joyko-47-a4-army-per-3-pcs/ - Total in results: 180
Submitting task for: https://anjayasejati.com/product/map-binder-joyko-a5-102-wr/
Added URL to results: https://anjayasejati.com/product/doc-bag-joyko-47-b4-army-per-3-pcs/ - Total in results: 181
Starting crawl of https://anjayasejati.com/product/map-binder-joyko-a5-102-wr/
Submitting task for: https://anjayasejati.com/product/map-binder-joyko-b5-102-wr/
Added URL to results: https://anjayasejati.com/product/doc-bag-joyko-47-b5-army-per-3-pcs/ - Total in results: 182
Starting crawl of https://anjayasejati.com/product/map-binder-joyko-b5-102-wr/
Submitting task for: https://anjayasejati.com/product/doc-bag-jk-44-b4-latino-per-3-pcs/
Starting crawl of https://anjayasejati.com/product/doc-bag-jk-44-b4-latino-per-3-pcs/
Added URL to results: https://anjayasejati.com/product/crayon-titi-18-warna/ - Total in results: 183
Submitting task for: https://anjayasejati.com/product/doc-bag-jk-44-b5-latino-per-3-pcs/
Starting crawl of https://anjayasejati.com/product/doc-bag-jk-44-b5-latino-per-3-pcs/
Added URL to results: https://anjayasejati.com/product/map-binder-joyko-a5-102-wr/ - Total in results: 184
Submitting task for: https://anjayasejati.com/product/doc-bag-jk-45-a4-jaring-per-3-pcs/
Added URL to results: https://anjayasejati.com/product/map-binder-joyko-b5-102-wr/ - Total in results: 185
Starting crawl of https://anjayasejati.com/product/doc-bag-jk-45-a4-jaring-per-3-pcs/
Submitting task for: https://anjayasejati.com/product/doc-bag-jk-45-a5-jaring-per-3-pcs/
Starting crawl of https://anjayasejati.com/product/doc-bag-jk-45-a5-jaring-per-3-pcs/
Added URL to results: https://anjayasejati.com/product/doc-bag-jk-44-b4-latino-per-3-pcs/ - Total in results: 186
Submitting task for: https://anjayasejati.com/product/doc-bag-joyko-40-a4-kotak-per-3-pcs/
Starting crawl of https://anjayasejati.com/product/doc-bag-joyko-40-a4-kotak-per-3-pcs/
Added URL to results: https://anjayasejati.com/product/doc-bag-jk-44-b5-latino-per-3-pcs/ - Total in results: 187
Submitting task for: https://anjayasejati.com/product/doc-bag-jk-45-b4-jaring-per-3-pcs/
Starting crawl of https://anjayasejati.com/product/doc-bag-jk-45-b4-jaring-per-3-pcs/
Added URL to results: https://anjayasejati.com/product/doc-bag-jk-45-a4-jaring-per-3-pcs/ - Total in results: 188
Submitting task for: https://anjayasejati.com/product/doc-bag-joyko-40-a5-kotak-per-3-pcs/
Starting crawl of https://anjayasejati.com/product/doc-bag-joyko-40-a5-kotak-per-3-pcs/
Added URL to results: https://anjayasejati.com/product/doc-bag-jk-45-a5-jaring-per-3-pcs/ - Total in results: 189
Submitting task for: https://anjayasejati.com/product/doc-bag-jk-45-b5-jaring-per-3-pcs/
Added URL to results: https://anjayasejati.com/product/doc-bag-jk-45-b4-jaring-per-3-pcs/ - Total in results: 190
Starting crawl of https://anjayasejati.com/product/doc-bag-jk-45-b5-jaring-per-3-pcs/
Submitting task for: https://anjayasejati.com/product/doc-bag-joyko-40-bill-kotak-per-3-pcs/
Starting crawl of https://anjayasejati.com/product/doc-bag-joyko-40-bill-kotak-per-3-pcs/
Added URL to results: https://anjayasejati.com/product/brush-pen-acrylic-911/ - Total in results: 191
Submitting task for: https://anjayasejati.com/product/doc-bag-jk-46-a4-jala-putih-per-3-pcs/
Starting crawl of https://anjayasejati.com/product/doc-bag-jk-46-a4-jala-putih-per-3-pcs/
Added URL to results: https://anjayasejati.com/product/doc-bag-joyko-40-a4-kotak-per-3-pcs/ - Total in results: 192
Submitting task for: https://anjayasejati.com/product/doc-bag-joyko-40-b4-kotak-per-3-pcs/
Starting crawl of https://anjayasejati.com/product/doc-bag-joyko-40-b4-kotak-per-3-pcs/
Added URL to results: https://anjayasejati.com/product/doc-bag-jk-45-b5-jaring-per-3-pcs/ - Total in results: 193
Submitting task for: https://anjayasejati.com/product/doc-bag-jk-46-a5-jala-putih-per-3-pcs/
Starting crawl of https://anjayasejati.com/product/doc-bag-jk-46-a5-jala-putih-per-3-pcs/
Added URL to results: https://anjayasejati.com/product/doc-bag-joyko-40-a5-kotak-per-3-pcs/ - Total in results: 194
Submitting task for: https://anjayasejati.com/product/doc-bag-joyko-40-b5-kotak-per-3-pcs/
Added URL to results: https://anjayasejati.com/product/doc-bag-joyko-40-bill-kotak-per-3-pcs/ - Total in results: 195
Submitting task for: https://anjayasejati.com/product/doc-bag-joyko-42-a4-batik-per-3-pcs/
Starting crawl of https://anjayasejati.com/product/doc-bag-joyko-42-a4-batik-per-3-pcs/
Starting crawl of https://anjayasejati.com/product/doc-bag-joyko-40-b5-kotak-per-3-pcs/
Added URL to results: https://anjayasejati.com/product/doc-bag-jk-46-a4-jala-putih-per-3-pcs/ - Total in results: 196
Submitting task for: https://anjayasejati.com/product/doc-bag-jk-42-bill-batik-per-3-pcs/
Starting crawl of https://anjayasejati.com/product/doc-bag-jk-42-bill-batik-per-3-pcs/
Added URL to results: https://anjayasejati.com/product/doc-bag-joyko-40-b4-kotak-per-3-pcs/ - Total in results: 197
Submitting task for: https://anjayasejati.com/product/doc-bag-jk-42-b4-batik-per-3-pcs/
Starting crawl of https://anjayasejati.com/product/doc-bag-jk-42-b4-batik-per-3-pcs/
Added URL to results: https://anjayasejati.com/product/doc-bag-jk-46-a5-jala-putih-per-3-pcs/ - Total in results: 198
Submitting task for: https://anjayasejati.com/product/doc-bag-joyko-42-b5-batik-per-3-pcs/
Starting crawl of https://anjayasejati.com/product/doc-bag-joyko-42-b5-batik-per-3-pcs/
get_status called - crawl_results length: 198, status: running, crawled: 198
Added URL to results: https://anjayasejati.com/product/doc-bag-jk-42-bill-batik-per-3-pcs/ - Total in results: 199
Submitting task for: https://anjayasejati.com/product/doc-bag-joyko-44-a4-latino-per-3-pcs/
Added URL to results: https://anjayasejati.com/product/doc-bag-joyko-40-b5-kotak-per-3-pcs/ - Total in results: 200
Submitting task for: https://anjayasejati.com/product/doc-bag-jk-44-a5-latino-per-3-pcs/
Starting crawl of https://anjayasejati.com/product/doc-bag-jk-44-a5-latino-per-3-pcs/
Starting crawl of https://anjayasejati.com/product/doc-bag-joyko-44-a4-latino-per-3-pcs/
Added URL to results: https://anjayasejati.com/product/doc-bag-jk-44-a5-latino-per-3-pcs/ - Total in results: 201
Submitting task for: https://anjayasejati.com/product/doc-bag-jk-44-bill-latino-per-3-pcs/
Starting crawl of https://anjayasejati.com/product/doc-bag-jk-44-bill-latino-per-3-pcs/
Saved 53 URLs to database for crawl 1
Saved 0 URLs to database for crawl 1
Saved 4410 links to database for crawl 1
Saved 103 issues to database for crawl 1
Saved batch to database for crawl 1
Added URL to results: https://anjayasejati.com/product/doc-bag-joyko-42-a4-batik-per-3-pcs/ - Total in results: 202
Submitting task for: https://anjayasejati.com/product/acco-joyko-putih-pengikat-kertas-paper-fastener/
Starting crawl of https://anjayasejati.com/product/acco-joyko-putih-pengikat-kertas-paper-fastener/
Saved 0 links to database for crawl 1
Saved 2 issues to database for crawl 1
Saved batch to database for crawl 1
Added URL to results: https://anjayasejati.com/product/doc-bag-joyko-44-a4-latino-per-3-pcs/ - Total in results: 203
Submitting task for: https://anjayasejati.com/product/doc-bag-joyko-36-bill-satin-per-3-pcs/
Starting crawl of https://anjayasejati.com/product/doc-bag-joyko-36-bill-satin-per-3-pcs/
Added URL to results: https://anjayasejati.com/product/doc-bag-jk-44-bill-latino-per-3-pcs/ - Total in results: 204
Saved 1 URLs to database for crawl 1
Submitting task for: https://anjayasejati.com/product/acco-joyko-warna-pengikat-kertas-paper-fastener/
Starting crawl of https://anjayasejati.com/product/acco-joyko-warna-pengikat-kertas-paper-fastener/
Saved 80 links to database for crawl 1
Saved 4 issues to database for crawl 1
Saved batch to database for crawl 1
Added URL to results: https://anjayasejati.com/product/doc-bag-joyko-42-b5-batik-per-3-pcs/ - Total in results: 205
Submitting task for: https://anjayasejati.com/product/doc-bag-joyko-36-b4-satin-per-3-pcs/
Starting crawl of https://anjayasejati.com/product/doc-bag-joyko-36-b4-satin-per-3-pcs/
Saved 0 URLs to database for crawl 1
Saved 2 issues to database for crawl 1
Saved batch to database for crawl 1
Added URL to results: https://anjayasejati.com/product/doc-bag-jk-42-b4-batik-per-3-pcs/ - Total in results: 206
Submitting task for: https://anjayasejati.com/product/doc-bag-jk-32-a4-sarung-per-3-pcs/
Starting crawl of https://anjayasejati.com/product/doc-bag-jk-32-a4-sarung-per-3-pcs/
Added URL to results: https://anjayasejati.com/product/acco-joyko-putih-pengikat-kertas-paper-fastener/ - Total in results: 207
Submitting task for: https://anjayasejati.com/product/doc-bag-joyko-36-b5-satin-per-3-pcs/
Starting crawl of https://anjayasejati.com/product/doc-bag-joyko-36-b5-satin-per-3-pcs/
Added URL to results: https://anjayasejati.com/product/acco-joyko-warna-pengikat-kertas-paper-fastener/ - Total in results: 208
Submitting task for: https://anjayasejati.com/product/doc-bag-joyko-32-a5-sarung-per-3-pcs/
Added URL to results: https://anjayasejati.com/product/doc-bag-joyko-36-bill-satin-per-3-pcs/ - Total in results: 209
Starting crawl of https://anjayasejati.com/product/doc-bag-joyko-32-a5-sarung-per-3-pcs/
Submitting task for: https://anjayasejati.com/product/doc-bag-joyko-38-b4-grs-metalik-per-3-pcs/
Added URL to results: https://anjayasejati.com/product/doc-bag-joyko-36-b4-satin-per-3-pcs/ - Total in results: 210
Starting crawl of https://anjayasejati.com/product/doc-bag-joyko-38-b4-grs-metalik-per-3-pcs/
Submitting task for: https://anjayasejati.com/product/doc-bag-joyko-32-b4-sarung-per-3-pcs/
Starting crawl of https://anjayasejati.com/product/doc-bag-joyko-32-b4-sarung-per-3-pcs/
Added URL to results: https://anjayasejati.com/product/doc-bag-jk-32-a4-sarung-per-3-pcs/ - Total in results: 211
Submitting task for: https://anjayasejati.com/product/doc-bag-joyko-32-b5-sarung-per-3-pcs/
Starting crawl of https://anjayasejati.com/product/doc-bag-joyko-32-b5-sarung-per-3-pcs/
Added URL to results: https://anjayasejati.com/product/doc-bag-joyko-36-b5-satin-per-3-pcs/ - Total in results: 212
Submitting task for: https://anjayasejati.com/product/doc-bag-joyko-33-a4-jaring-per-3-pcs/
Starting crawl of https://anjayasejati.com/product/doc-bag-joyko-33-a4-jaring-per-3-pcs/
Added URL to results: https://anjayasejati.com/product/doc-bag-joyko-32-a5-sarung-per-3-pcs/ - Total in results: 213
Submitting task for: https://anjayasejati.com/product/doc-bag-joyko-33-a5-jaring-per-3-pcs/
Starting crawl of https://anjayasejati.com/product/doc-bag-joyko-33-a5-jaring-per-3-pcs/
Added URL to results: https://anjayasejati.com/product/doc-bag-joyko-38-b4-grs-metalik-per-3-pcs/ - Total in results: 214
Submitting task for: https://anjayasejati.com/product/doc-bag-joyko-33-bill-jaring-per-3-pcs/
Starting crawl of https://anjayasejati.com/product/doc-bag-joyko-33-bill-jaring-per-3-pcs/
Added URL to results: https://anjayasejati.com/product/doc-bag-joyko-32-b4-sarung-per-3-pcs/ - Total in results: 215
Submitting task for: https://anjayasejati.com/product/dog-bag-joyko-33-b4-jaring-per-3-pcs/
Added URL to results: https://anjayasejati.com/product/doc-bag-joyko-32-b5-sarung-per-3-pcs/ - Total in results: 216
Starting crawl of https://anjayasejati.com/product/dog-bag-joyko-33-b4-jaring-per-3-pcs/
Submitting task for: https://anjayasejati.com/product/doc-bag-joyko-33-b5-jaring-per-3-pcs/
Starting crawl of https://anjayasejati.com/product/doc-bag-joyko-33-b5-jaring-per-3-pcs/
get_status called - crawl_results length: 216, status: running, crawled: 216
Added URL to results: https://anjayasejati.com/product/doc-bag-joyko-33-a5-jaring-per-3-pcs/ - Total in results: 217
Submitting task for: https://anjayasejati.com/product/doc-bag-joyko-35-a5-parasut-per-3-pcs/
Starting crawl of https://anjayasejati.com/product/doc-bag-joyko-35-a5-parasut-per-3-pcs/
Added URL to results: https://anjayasejati.com/product/doc-bag-joyko-33-bill-jaring-per-3-pcs/ - Total in results: 218
Submitting task for: https://anjayasejati.com/product/doc-bag-joyko-35-bill-parasut-per-3-pcs/
Starting crawl of https://anjayasejati.com/product/doc-bag-joyko-35-bill-parasut-per-3-pcs/
Added URL to results: https://anjayasejati.com/product/doc-bag-joyko-33-b5-jaring-per-3-pcs/ - Total in results: 219
Submitting task for: https://anjayasejati.com/product/remover-pencabut-staples-joyko-sr-51/
Starting crawl of https://anjayasejati.com/product/remover-pencabut-staples-joyko-sr-51/
Added URL to results: https://anjayasejati.com/product/doc-bag-joyko-35-a5-parasut-per-3-pcs/ - Total in results: 220
Submitting task for: https://anjayasejati.com/product/doc-bag-joyko-35-b5-parasut-per-3-pcs/
Added URL to results: https://anjayasejati.com/product/doc-bag-joyko-35-bill-parasut-per-3-pcs/ - Total in results: 221
Starting crawl of https://anjayasejati.com/product/doc-bag-joyko-35-b5-parasut-per-3-pcs/
Submitting task for: https://anjayasejati.com/product/remover-pencabut-staples-joyko-sr-52/
Starting crawl of https://anjayasejati.com/product/remover-pencabut-staples-joyko-sr-52/
Added URL to results: https://anjayasejati.com/product/remover-pencabut-staples-joyko-sr-51/ - Total in results: 222
Submitting task for: https://anjayasejati.com/product/doc-bag-joyko-36-a4-satin-per-3-pcs/
Starting crawl of https://anjayasejati.com/product/doc-bag-joyko-36-a4-satin-per-3-pcs/
Added URL to results: https://anjayasejati.com/product/doc-bag-joyko-35-b5-parasut-per-3-pcs/ - Total in results: 223
Submitting task for: https://anjayasejati.com/product/remover-pencabut-staples-sdi-1164/
Starting crawl of https://anjayasejati.com/product/remover-pencabut-staples-sdi-1164/
Added URL to results: https://anjayasejati.com/product/doc-bag-joyko-36-a4-satin-per-3-pcs/ - Total in results: 224
Submitting task for: https://anjayasejati.com/product/doc-bag-joyko-36-a5-satin-per-3-pcs/
Starting crawl of https://anjayasejati.com/product/doc-bag-joyko-36-a5-satin-per-3-pcs/
Added URL to results: https://anjayasejati.com/product/remover-pencabut-staples-joyko-sr-52/ - Total in results: 225
Submitting task for: https://anjayasejati.com/product/hekmasin-hekter-joyko-hd-30-per-2-pcs/
Starting crawl of https://anjayasejati.com/product/hekmasin-hekter-joyko-hd-30-per-2-pcs/
Added URL to results: https://anjayasejati.com/product/doc-bag-joyko-36-a5-satin-per-3-pcs/ - Total in results: 226
Submitting task for: https://anjayasejati.com/product/gun-tacker-joyko-gt702/
Starting crawl of https://anjayasejati.com/product/gun-tacker-joyko-gt702/
Added URL to results: https://anjayasejati.com/product/remover-pencabut-staples-sdi-1164/ - Total in results: 227
Submitting task for: https://anjayasejati.com/product/hekmasin-hekter-kenko-hd-10d-satuan/
Starting crawl of https://anjayasejati.com/product/hekmasin-hekter-kenko-hd-10d-satuan/
Added URL to results: https://anjayasejati.com/product/hekmasin-hekter-joyko-hd-30-per-2-pcs/ - Total in results: 228
Submitting task for: https://anjayasejati.com/product/hekmasin-hekter-kenko-hd-50-satuan/
Starting crawl of https://anjayasejati.com/product/hekmasin-hekter-kenko-hd-50-satuan/
Added URL to results: https://anjayasejati.com/product/gun-tacker-joyko-gt702/ - Total in results: 229
Submitting task for: https://anjayasejati.com/product/neces-isi-hekter-etona-no-10/
Starting crawl of https://anjayasejati.com/product/neces-isi-hekter-etona-no-10/
get_status called - crawl_results length: 229, status: running, crawled: 229
Added URL to results: https://anjayasejati.com/product/hekmasin-hekter-kenko-hd-50-satuan/ - Total in results: 230
Submitting task for: https://anjayasejati.com/product/neces-isi-hekter-joyko-no-03/
Starting crawl of https://anjayasejati.com/product/neces-isi-hekter-joyko-no-03/
Added URL to results: https://anjayasejati.com/product/neces-isi-hekter-etona-no-10/ - Total in results: 231
Submitting task for: https://anjayasejati.com/product/neces-isi-hekter-joyko-1008s-per-3-pcs/
Starting crawl of https://anjayasejati.com/product/neces-isi-hekter-joyko-1008s-per-3-pcs/
Added URL to results: https://anjayasejati.com/product/neces-isi-hekter-joyko-no-03/ - Total in results: 232
Submitting task for: https://anjayasejati.com/product/hekmasin-hekter-joyko-hd-10d-per-3-pcs/
Starting crawl of https://anjayasejati.com/product/hekmasin-hekter-joyko-hd-10d-per-3-pcs/
Added URL to results: https://anjayasejati.com/product/doc-bag-joyko-33-a4-jaring-per-3-pcs/ - Total in results: 233
Added URL to results: https://anjayasejati.com/product/neces-isi-hekter-joyko-1008s-per-3-pcs/ - Total in results: 234
Submitting task for: https://anjayasejati.com/product/hekmasin-hekter-joyko-hd-10-mp-perlusin/
Submitting task for: https://anjayasejati.com/product/penggaris-besi-joyko-30cm-perlusin/
Starting crawl of https://anjayasejati.com/product/hekmasin-hekter-joyko-hd-10-mp-perlusin/
Starting crawl of https://anjayasejati.com/product/penggaris-besi-joyko-30cm-perlusin/
Added URL to results: https://anjayasejati.com/product/dog-bag-joyko-33-b4-jaring-per-3-pcs/ - Total in results: 235
Added URL to results: https://anjayasejati.com/product/hekmasin-hekter-joyko-hd-10d-per-3-pcs/ - Total in results: 236
Submitting task for: https://anjayasejati.com/my-account/?action=register
Submitting task for: https://anjayasejati.com/my-account/lost-password/
Starting crawl of https://anjayasejati.com/my-account/?action=register
Starting crawl of https://anjayasejati.com/my-account/lost-password/
Added URL to results: https://anjayasejati.com/product/hekmasin-hekter-joyko-hd-10-mp-perlusin/ - Total in results: 237
Submitting task for: https://anjayasejati.com/product-category/buku-kertas/
Starting crawl of https://anjayasejati.com/product-category/buku-kertas/
Added URL to results: https://anjayasejati.com/product/penggaris-besi-joyko-30cm-perlusin/ - Total in results: 238
Submitting task for: https://anjayasejati.com/product-category/perlengkapan-menggambar/
Starting crawl of https://anjayasejati.com/product-category/perlengkapan-menggambar/
Added URL to results: https://anjayasejati.com/product-category/buku-kertas/ - Total in results: 239
Submitting task for: https://anjayasejati.com/product-category/perlengkapan-sekolah-kantor/
Starting crawl of https://anjayasejati.com/product-category/perlengkapan-sekolah-kantor/
Added URL to results: https://anjayasejati.com/product-category/perlengkapan-sekolah-kantor/ - Total in results: 240
get_status called - crawl_results length: 240, status: running, crawled: 240
Submitting task for: https://anjayasejati.com/product-category/alat-tulis/
Starting crawl of https://anjayasejati.com/product-category/alat-tulis/
Added URL to results: https://anjayasejati.com/product-category/perlengkapan-menggambar/ - Total in results: 241
Submitting task for: https://anjayasejati.com/product-category/perlengkapan-pesta/
Starting crawl of https://anjayasejati.com/product-category/perlengkapan-pesta/
Added URL to results: https://anjayasejati.com/product-category/alat-tulis/ - Total in results: 242
Submitting task for: https://anjayasejati.com/product-category/tinta-printer/
Starting crawl of https://anjayasejati.com/product-category/tinta-printer/
Added URL to results: https://anjayasejati.com/product-category/perlengkapan-pesta/ - Total in results: 243
Submitting task for: https://anjayasejati.com/product-category/lainnya/
Starting crawl of https://anjayasejati.com/product-category/lainnya/
Added URL to results: https://anjayasejati.com/product-category/tinta-printer/ - Total in results: 244
Submitting task for: https://anjayasejati.com/blog/category/artikel/
Starting crawl of https://anjayasejati.com/blog/category/artikel/
Added URL to results: https://anjayasejati.com/product-category/lainnya/ - Total in results: 245
Submitting task for: https://anjayasejati.com/author/aksesinternal/
Starting crawl of https://anjayasejati.com/author/aksesinternal/
Added URL to results: https://anjayasejati.com/blog/category/artikel/ - Total in results: 246
Submitting task for: https://anjayasejati.com/blog/buku-tulis-jenis-ukuran-rekomendasi-merek-bagus
Starting crawl of https://anjayasejati.com/blog/buku-tulis-jenis-ukuran-rekomendasi-merek-bagus
Added URL to results: https://anjayasejati.com/product/hekmasin-hekter-kenko-hd-10d-satuan/ - Total in results: 247
Submitting task for: https://anjayasejati.com/blog/category/panduan/
Added URL to results: https://anjayasejati.com/author/aksesinternal/ - Total in results: 248
Starting crawl of https://anjayasejati.com/blog/category/panduan/
Submitting task for: https://anjayasejati.com/cdn-cgi/l/email-protection
Starting crawl of https://anjayasejati.com/cdn-cgi/l/email-protection
Added URL to results: https://anjayasejati.com/cdn-cgi/l/email-protection - Total in results: 249
Submitting task for: https://anjayasejati.com/toko-belanja/?utm_source=chatgpt.com
Starting crawl of https://anjayasejati.com/toko-belanja/?utm_source=chatgpt.com
Added URL to results: https://anjayasejati.com/blog/category/panduan/ - Total in results: 250
Submitting task for: https://anjayasejati.com/?utm_source=chatgpt.com
Starting crawl of https://anjayasejati.com/?utm_source=chatgpt.com
Added URL to results: https://anjayasejati.com/toko-belanja/?utm_source=chatgpt.com - Total in results: 251
Submitting task for: https://anjayasejati.com/blog/hvs-a4-ukuran-gramasi-rekomendasi-terbaik
Starting crawl of https://anjayasejati.com/blog/hvs-a4-ukuran-gramasi-rekomendasi-terbaik
Added URL to results: https://anjayasejati.com/?utm_source=chatgpt.com - Total in results: 252
Submitting task for: https://anjayasejati.com/author/akbar/
Starting crawl of https://anjayasejati.com/author/akbar/
get_status called - crawl_results length: 252, status: running, crawled: 252
Added URL to results: https://anjayasejati.com/my-account/?action=register - Total in results: 253
Submitting task for: https://anjayasejati.com/product-category/alat-pesta/
Starting crawl of https://anjayasejati.com/product-category/alat-pesta/
Added URL to results: https://anjayasejati.com/my-account/lost-password/ - Total in results: 254
Submitting task for: https://anjayasejati.com/product-category/alat-musik/
Starting crawl of https://anjayasejati.com/product-category/alat-musik/
Added URL to results: https://anjayasejati.com/product-category/alat-pesta/ - Total in results: 255
Submitting task for: https://anjayasejati.com/product-category/buku-kertas/label-mesin/
Starting crawl of https://anjayasejati.com/product-category/buku-kertas/label-mesin/
Saved 50 URLs to database for crawl 1
Saved 4151 links to database for crawl 1
Added URL to results: https://anjayasejati.com/product-category/buku-kertas/label-mesin/ - Total in results: 256
Saved 120 issues to database for crawl 1
Submitting task for: https://anjayasejati.com/product-category/buku-kertas/hvs/
Starting crawl of https://anjayasejati.com/product-category/buku-kertas/hvs/
Saved batch to database for crawl 1
Added URL to results: https://anjayasejati.com/product-category/alat-musik/ - Total in results: 257
Submitting task for: https://anjayasejati.com/product-category/buku-kertas/kertas/
Starting crawl of https://anjayasejati.com/product-category/buku-kertas/kertas/
Added URL to results: https://anjayasejati.com/blog/buku-tulis-jenis-ukuran-rekomendasi-merek-bagus - Total in results: 258
Submitting task for: https://anjayasejati.com/product-category/buku-kertas/index-memo/
Starting crawl of https://anjayasejati.com/product-category/buku-kertas/index-memo/
get_status called - crawl_results length: 258, status: running, crawled: 258
Added URL to results: https://anjayasejati.com/product-category/buku-kertas/index-memo/ - Total in results: 259
Submitting task for: https://anjayasejati.com/product-category/buku-kertas/buku/
Starting crawl of https://anjayasejati.com/product-category/buku-kertas/buku/
Added URL to results: https://anjayasejati.com/product-category/buku-kertas/buku/ - Total in results: 260
Submitting task for: https://anjayasejati.com/product-category/alat-tulis/penghapus/
Starting crawl of https://anjayasejati.com/product-category/alat-tulis/penghapus/
Added URL to results: https://anjayasejati.com/blog/hvs-a4-ukuran-gramasi-rekomendasi-terbaik - Total in results: 261
Submitting task for: https://anjayasejati.com/product-category/alat-tulis/bolpen-gelpen/
Starting crawl of https://anjayasejati.com/product-category/alat-tulis/bolpen-gelpen/
Added URL to results: https://anjayasejati.com/author/akbar/ - Total in results: 262
Submitting task for: https://anjayasejati.com/product-category/alat-tulis/pensil/
Starting crawl of https://anjayasejati.com/product-category/alat-tulis/pensil/
Added URL to results: https://anjayasejati.com/product-category/alat-tulis/penghapus/ - Total in results: 263
Submitting task for: https://anjayasejati.com/product-category/alat-tulis/spidol/
Starting crawl of https://anjayasejati.com/product-category/alat-tulis/spidol/
Added URL to results: https://anjayasejati.com/product-category/alat-tulis/bolpen-gelpen/ - Total in results: 264
Submitting task for: https://anjayasejati.com/product-category/alat-tulis/tipex/
Starting crawl of https://anjayasejati.com/product-category/alat-tulis/tipex/
Added URL to results: https://anjayasejati.com/product-category/alat-tulis/pensil/ - Total in results: 265
Submitting task for: https://anjayasejati.com/product-category/alat-tulis/isi-gel-pulpen/
Starting crawl of https://anjayasejati.com/product-category/alat-tulis/isi-gel-pulpen/
Added URL to results: https://anjayasejati.com/product-category/alat-tulis/tipex/ - Total in results: 266
Submitting task for: https://anjayasejati.com/product-category/perlengkapan-menggambar/brush-pen/
Starting crawl of https://anjayasejati.com/product-category/perlengkapan-menggambar/brush-pen/
Added URL to results: https://anjayasejati.com/product-category/alat-tulis/spidol/ - Total in results: 267
Submitting task for: https://anjayasejati.com/product-category/perlengkapan-menggambar/palet-lukis-palet-cat-air/
Starting crawl of https://anjayasejati.com/product-category/perlengkapan-menggambar/palet-lukis-palet-cat-air/
Added URL to results: https://anjayasejati.com/product-category/alat-tulis/isi-gel-pulpen/ - Total in results: 268
Submitting task for: https://anjayasejati.com/product-category/perlengkapan-menggambar/perlengkapan-cat/
Starting crawl of https://anjayasejati.com/product-category/perlengkapan-menggambar/perlengkapan-cat/
Added URL to results: https://anjayasejati.com/product-category/perlengkapan-menggambar/brush-pen/ - Total in results: 269
Submitting task for: https://anjayasejati.com/product-category/perlengkapan-menggambar/crayon/
Starting crawl of https://anjayasejati.com/product-category/perlengkapan-menggambar/crayon/
Added URL to results: https://anjayasejati.com/product-category/perlengkapan-menggambar/perlengkapan-cat/ - Total in results: 270
Submitting task for: https://anjayasejati.com/product-category/perlengkapan-menggambar/kuas/
Starting crawl of https://anjayasejati.com/product-category/perlengkapan-menggambar/kuas/
get_status called - crawl_results length: 270, status: running, crawled: 270
Added URL to results: https://anjayasejati.com/product-category/perlengkapan-menggambar/crayon/ - Total in results: 271
Submitting task for: https://anjayasejati.com/product-category/perlengkapan-menggambar/pensil-warna/
Starting crawl of https://anjayasejati.com/product-category/perlengkapan-menggambar/pensil-warna/
Added URL to results: https://anjayasejati.com/product-category/perlengkapan-menggambar/palet-lukis-palet-cat-air/ - Total in results: 272
Submitting task for: https://anjayasejati.com/product-category/perlengkapan-sekolah-kantor/amplop/
Starting crawl of https://anjayasejati.com/product-category/perlengkapan-sekolah-kantor/amplop/
Added URL to results: https://anjayasejati.com/product-category/buku-kertas/kertas/ - Total in results: 273
Submitting task for: https://anjayasejati.com/product-category/perlengkapan-sekolah-kantor/batrai/
Added URL to results: https://anjayasejati.com/product-category/perlengkapan-menggambar/kuas/ - Total in results: 274
Starting crawl of https://anjayasejati.com/product-category/perlengkapan-sekolah-kantor/batrai/
Submitting task for: https://anjayasejati.com/product-category/perlengkapan-sekolah-kantor/stampel/
Starting crawl of https://anjayasejati.com/product-category/perlengkapan-sekolah-kantor/stampel/
Added URL to results: https://anjayasejati.com/product-category/buku-kertas/hvs/ - Total in results: 275
Submitting task for: https://anjayasejati.com/product-category/perlengkapan-sekolah-kantor/penjepit-kertas/
Starting crawl of https://anjayasejati.com/product-category/perlengkapan-sekolah-kantor/penjepit-kertas/
Added URL to results: https://anjayasejati.com/product-category/perlengkapan-menggambar/pensil-warna/ - Total in results: 276
Submitting task for: https://anjayasejati.com/product-category/perlengkapan-sekolah-kantor/desk-set-tempat-pensil/
Starting crawl of https://anjayasejati.com/product-category/perlengkapan-sekolah-kantor/desk-set-tempat-pensil/
Added URL to results: https://anjayasejati.com/product-category/perlengkapan-sekolah-kantor/stampel/ - Total in results: 277
Submitting task for: https://anjayasejati.com/product-category/perlengkapan-sekolah-kantor/stampel-tinta-cap/
Starting crawl of https://anjayasejati.com/product-category/perlengkapan-sekolah-kantor/stampel-tinta-cap/
Added URL to results: https://anjayasejati.com/product-category/perlengkapan-sekolah-kantor/penjepit-kertas/ - Total in results: 278
Submitting task for: https://anjayasejati.com/product-category/perlengkapan-sekolah-kantor/kalkulator/
Starting crawl of https://anjayasejati.com/product-category/perlengkapan-sekolah-kantor/kalkulator/
Added URL to results: https://anjayasejati.com/product-category/perlengkapan-sekolah-kantor/desk-set-tempat-pensil/ - Total in results: 279
Submitting task for: https://anjayasejati.com/product-category/perlengkapan-sekolah-kantor/penggaris/
Starting crawl of https://anjayasejati.com/product-category/perlengkapan-sekolah-kantor/penggaris/
Added URL to results: https://anjayasejati.com/product-category/perlengkapan-sekolah-kantor/batrai/ - Total in results: 280
Submitting task for: https://anjayasejati.com/product-category/perlengkapan-sekolah-kantor/solasi-lakban/
Starting crawl of https://anjayasejati.com/product-category/perlengkapan-sekolah-kantor/solasi-lakban/
Added URL to results: https://anjayasejati.com/product-category/perlengkapan-sekolah-kantor/stampel-tinta-cap/ - Total in results: 281
Submitting task for: https://anjayasejati.com/product-category/perlengkapan-sekolah-kantor/hekmasin-hekter/
Starting crawl of https://anjayasejati.com/product-category/perlengkapan-sekolah-kantor/hekmasin-hekter/
Added URL to results: https://anjayasejati.com/product-category/perlengkapan-sekolah-kantor/solasi-lakban/ - Total in results: 282
Submitting task for: https://anjayasejati.com/product-category/perlengkapan-sekolah-kantor/serutan/
Starting crawl of https://anjayasejati.com/product-category/perlengkapan-sekolah-kantor/serutan/
Added URL to results: https://anjayasejati.com/product-category/perlengkapan-sekolah-kantor/penggaris/ - Total in results: 283
Submitting task for: https://anjayasejati.com/product-category/perlengkapan-sekolah-kantor/map/
Starting crawl of https://anjayasejati.com/product-category/perlengkapan-sekolah-kantor/map/
Added URL to results: https://anjayasejati.com/product-category/perlengkapan-sekolah-kantor/map/ - Total in results: 284
Submitting task for: https://anjayasejati.com/product-category/perlengkapan-sekolah-kantor/lem/
Starting crawl of https://anjayasejati.com/product-category/perlengkapan-sekolah-kantor/lem/
get_status called - crawl_results length: 284, status: running, crawled: 284
Added URL to results: https://anjayasejati.com/product-category/perlengkapan-sekolah-kantor/hekmasin-hekter/ - Total in results: 285
Submitting task for: https://anjayasejati.com/product-category/perlengkapan-sekolah-kantor/clipboard/
Starting crawl of https://anjayasejati.com/product-category/perlengkapan-sekolah-kantor/clipboard/
Added URL to results: https://anjayasejati.com/product-category/perlengkapan-sekolah-kantor/clipboard/ - Total in results: 286
Submitting task for: https://anjayasejati.com/product-category/perlengkapan-sekolah-kantor/cutter-gunting/
Starting crawl of https://anjayasejati.com/product-category/perlengkapan-sekolah-kantor/cutter-gunting/
Added URL to results: https://anjayasejati.com/product-category/perlengkapan-sekolah-kantor/cutter-gunting/ - Total in results: 287
Submitting task for: https://anjayasejati.com/product-category/perlengkapan-sekolah-kantor/label-mesin-sekolah-kantor/
Starting crawl of https://anjayasejati.com/product-category/perlengkapan-sekolah-kantor/label-mesin-sekolah-kantor/
Added URL to results: https://anjayasejati.com/product-category/perlengkapan-sekolah-kantor/amplop/ - Total in results: 288
Submitting task for: https://anjayasejati.com/product-category/perlengkapan-pesta/balon/
Starting crawl of https://anjayasejati.com/product-category/perlengkapan-pesta/balon/
get_status called - crawl_results length: 288, status: running, crawled: 288
get_status called - crawl_results length: 288, status: running, crawled: 288
Added URL to results: https://anjayasejati.com/product-category/perlengkapan-sekolah-kantor/kalkulator/ - Total in results: 289
Submitting task for: https://anjayasejati.com/product-category/lainnya/suling/
Starting crawl of https://anjayasejati.com/product-category/lainnya/suling/
Added URL to results: https://anjayasejati.com/product-category/lainnya/suling/ - Total in results: 290
Submitting task for: https://anjayasejati.com/product-category/lainnya/pianika/
Starting crawl of https://anjayasejati.com/product-category/lainnya/pianika/
Added URL to results: https://anjayasejati.com/product-category/perlengkapan-sekolah-kantor/serutan/ - Total in results: 291
Submitting task for: https://anjayasejati.com/toko-belanja/?per_page=9
Starting crawl of https://anjayasejati.com/toko-belanja/?per_page=9
Added URL to results: https://anjayasejati.com/toko-belanja/?per_page=9 - Total in results: 292
Submitting task for: https://anjayasejati.com/toko-belanja/?per_page=12
Starting crawl of https://anjayasejati.com/toko-belanja/?per_page=12
Added URL to results: https://anjayasejati.com/product-category/lainnya/pianika/ - Total in results: 293
Submitting task for: https://anjayasejati.com/toko-belanja/?per_page=18
Starting crawl of https://anjayasejati.com/toko-belanja/?per_page=18
Added URL to results: https://anjayasejati.com/product-category/perlengkapan-sekolah-kantor/lem/ - Total in results: 294
Submitting task for: https://anjayasejati.com/toko-belanja/?per_page=24
Starting crawl of https://anjayasejati.com/toko-belanja/?per_page=24
Added URL to results: https://anjayasejati.com/toko-belanja/?per_page=12 - Total in results: 295
Submitting task for: https://anjayasejati.com/toko-belanja/?shop_view=list
Starting crawl of https://anjayasejati.com/toko-belanja/?shop_view=list
Added URL to results: https://anjayasejati.com/toko-belanja/?per_page=18 - Total in results: 296
Submitting task for: https://anjayasejati.com/toko-belanja/?shop_view=grid&per_row=2
get_status called - crawl_results length: 296, status: running, crawled: 296
Starting crawl of https://anjayasejati.com/toko-belanja/?shop_view=grid&per_row=2
Added URL to results: https://anjayasejati.com/product-category/perlengkapan-sekolah-kantor/label-mesin-sekolah-kantor/ - Total in results: 297
Submitting task for: https://anjayasejati.com/toko-belanja/?shop_view=grid&per_row=3
Starting crawl of https://anjayasejati.com/toko-belanja/?shop_view=grid&per_row=3
Added URL to results: https://anjayasejati.com/toko-belanja/?shop_view=grid&per_row=2 - Total in results: 298
Submitting task for: https://anjayasejati.com/toko-belanja/?shop_view=grid&per_row=4
Starting crawl of https://anjayasejati.com/toko-belanja/?shop_view=grid&per_row=4
Added URL to results: https://anjayasejati.com/product-category/perlengkapan-pesta/balon/ - Total in results: 299
Submitting task for: https://anjayasejati.com/toko-belanja/page/2/
Starting crawl of https://anjayasejati.com/toko-belanja/page/2/
get_status called - crawl_results length: 299, status: running, crawled: 299
get_status called - crawl_results length: 299, status: running, crawled: 299
get_status called - crawl_results length: 299, status: running, crawled: 299
Added URL to results: https://anjayasejati.com/toko-belanja/?per_page=24 - Total in results: 300
Submitting task for: https://anjayasejati.com/toko-belanja/page/3/
Added URL to results: https://anjayasejati.com/toko-belanja/?shop_view=list - Total in results: 301
Submitting task for: https://anjayasejati.com/toko-belanja/page/4/
Starting crawl of https://anjayasejati.com/toko-belanja/page/4/
Starting crawl of https://anjayasejati.com/toko-belanja/page/3/
Added URL to results: https://anjayasejati.com/toko-belanja/?shop_view=grid&per_row=3 - Total in results: 302
Submitting task for: https://anjayasejati.com/toko-belanja/page/15/
Starting crawl of https://anjayasejati.com/toko-belanja/page/15/
Added URL to results: https://anjayasejati.com/toko-belanja/?shop_view=grid&per_row=4 - Total in results: 303
Submitting task for: https://anjayasejati.com/toko-belanja/page/16/
Starting crawl of https://anjayasejati.com/toko-belanja/page/16/
Added URL to results: https://anjayasejati.com/toko-belanja/page/15/ - Total in results: 304
Submitting task for: https://anjayasejati.com/toko-belanja/page/17/
Starting crawl of https://anjayasejati.com/toko-belanja/page/17/
Added URL to results: https://anjayasejati.com/toko-belanja/page/2/ - Total in results: 305
Submitting task for: https://anjayasejati.com/product/penggaris-flexible-lentur-joyko-ps4/
Starting crawl of https://anjayasejati.com/product/penggaris-flexible-lentur-joyko-ps4/
Saved 50 URLs to database for crawl 1
Added URL to results: https://anjayasejati.com/product/penggaris-flexible-lentur-joyko-ps4/ - Total in results: 306
Submitting task for: https://anjayasejati.com/product-category/perlengkapan-sekolah-kantor/?per_page=9
Starting crawl of https://anjayasejati.com/product-category/perlengkapan-sekolah-kantor/?per_page=9
Saved 4958 links to database for crawl 1
Saved 160 issues to database for crawl 1
Saved batch to database for crawl 1
Added URL to results: https://anjayasejati.com/toko-belanja/page/17/ - Total in results: 307
Submitting task for: https://anjayasejati.com/product-category/perlengkapan-sekolah-kantor/?per_page=12
Starting crawl of https://anjayasejati.com/product-category/perlengkapan-sekolah-kantor/?per_page=12
get_status called - crawl_results length: 307, status: running, crawled: 307
Added URL to results: https://anjayasejati.com/product-category/perlengkapan-sekolah-kantor/?per_page=12 - Total in results: 308
Submitting task for: https://anjayasejati.com/product-category/perlengkapan-sekolah-kantor/?per_page=18
Starting crawl of https://anjayasejati.com/product-category/perlengkapan-sekolah-kantor/?per_page=18
get_status called - crawl_results length: 308, status: running, crawled: 308
get_status called - crawl_results length: 308, status: running, crawled: 308
Added URL to results: https://anjayasejati.com/toko-belanja/page/16/ - Total in results: 309
Submitting task for: https://anjayasejati.com/product-category/perlengkapan-sekolah-kantor/?per_page=24
Starting crawl of https://anjayasejati.com/product-category/perlengkapan-sekolah-kantor/?per_page=24
Added URL to results: https://anjayasejati.com/toko-belanja/page/4/ - Total in results: 310
Submitting task for: https://anjayasejati.com/product-category/perlengkapan-sekolah-kantor/?shop_view=list
Starting crawl of https://anjayasejati.com/product-category/perlengkapan-sekolah-kantor/?shop_view=list
Added URL to results: https://anjayasejati.com/toko-belanja/page/3/ - Total in results: 311
Submitting task for: https://anjayasejati.com/product-category/perlengkapan-sekolah-kantor/?shop_view=grid&per_row=2
Starting crawl of https://anjayasejati.com/product-category/perlengkapan-sekolah-kantor/?shop_view=grid&per_row=2
get_status called - crawl_results length: 311, status: running, crawled: 311
Added URL to results: https://anjayasejati.com/product-category/perlengkapan-sekolah-kantor/?per_page=9 - Total in results: 312
Submitting task for: https://anjayasejati.com/product-category/perlengkapan-sekolah-kantor/?shop_view=grid&per_row=3
Starting crawl of https://anjayasejati.com/product-category/perlengkapan-sekolah-kantor/?shop_view=grid&per_row=3
Added URL to results: https://anjayasejati.com/product-category/perlengkapan-sekolah-kantor/?shop_view=grid&per_row=2 - Total in results: 313
Submitting task for: https://anjayasejati.com/product-category/perlengkapan-sekolah-kantor/?shop_view=grid&per_row=4
Starting crawl of https://anjayasejati.com/product-category/perlengkapan-sekolah-kantor/?shop_view=grid&per_row=4
Added URL to results: https://anjayasejati.com/product-category/perlengkapan-sekolah-kantor/?shop_view=grid&per_row=4 - Total in results: 314
Submitting task for: https://anjayasejati.com/product-category/perlengkapan-sekolah-kantor/page/2/
Starting crawl of https://anjayasejati.com/product-category/perlengkapan-sekolah-kantor/page/2/
Added URL to results: https://anjayasejati.com/product-category/perlengkapan-sekolah-kantor/?per_page=18 - Total in results: 315
Submitting task for: https://anjayasejati.com/product-category/perlengkapan-sekolah-kantor/page/3/
Starting crawl of https://anjayasejati.com/product-category/perlengkapan-sekolah-kantor/page/3/
Added URL to results: https://anjayasejati.com/product-category/perlengkapan-sekolah-kantor/page/3/ - Total in results: 316
Submitting task for: https://anjayasejati.com/product-category/perlengkapan-sekolah-kantor/page/4/
Starting crawl of https://anjayasejati.com/product-category/perlengkapan-sekolah-kantor/page/4/
get_status called - crawl_results length: 316, status: running, crawled: 316
get_status called - crawl_results length: 316, status: running, crawled: 316
Added URL to results: https://anjayasejati.com/product-category/perlengkapan-sekolah-kantor/?per_page=24 - Total in results: 317
Submitting task for: https://anjayasejati.com/product-category/perlengkapan-sekolah-kantor/page/8/
Starting crawl of https://anjayasejati.com/product-category/perlengkapan-sekolah-kantor/page/8/
Added URL to results: https://anjayasejati.com/product-category/perlengkapan-sekolah-kantor/page/8/ - Total in results: 318
Submitting task for: https://anjayasejati.com/product-category/perlengkapan-sekolah-kantor/page/9/
Starting crawl of https://anjayasejati.com/product-category/perlengkapan-sekolah-kantor/page/9/
Added URL to results: https://anjayasejati.com/product-category/perlengkapan-sekolah-kantor/?shop_view=list - Total in results: 319
Submitting task for: https://anjayasejati.com/product-category/perlengkapan-sekolah-kantor/page/10/
Starting crawl of https://anjayasejati.com/product-category/perlengkapan-sekolah-kantor/page/10/
get_status called - crawl_results length: 319, status: running, crawled: 319
Added URL to results: https://anjayasejati.com/product-category/perlengkapan-sekolah-kantor/?shop_view=grid&per_row=3 - Total in results: 320
Submitting task for: https://anjayasejati.com/product-category/perlengkapan-menggambar/?per_page=9
Starting crawl of https://anjayasejati.com/product-category/perlengkapan-menggambar/?per_page=9
Added URL to results: https://anjayasejati.com/product-category/perlengkapan-sekolah-kantor/page/2/ - Total in results: 321
Submitting task for: https://anjayasejati.com/product-category/perlengkapan-menggambar/?per_page=12
Starting crawl of https://anjayasejati.com/product-category/perlengkapan-menggambar/?per_page=12
Added URL to results: https://anjayasejati.com/product-category/perlengkapan-menggambar/?per_page=9 - Total in results: 322
Submitting task for: https://anjayasejati.com/product-category/perlengkapan-menggambar/?per_page=18
Starting crawl of https://anjayasejati.com/product-category/perlengkapan-menggambar/?per_page=18
Added URL to results: https://anjayasejati.com/product-category/perlengkapan-sekolah-kantor/page/4/ - Total in results: 323
Submitting task for: https://anjayasejati.com/product-category/perlengkapan-menggambar/?per_page=24
Starting crawl of https://anjayasejati.com/product-category/perlengkapan-menggambar/?per_page=24
Added URL to results: https://anjayasejati.com/product-category/perlengkapan-menggambar/?per_page=18 - Total in results: 324
Submitting task for: https://anjayasejati.com/product-category/perlengkapan-menggambar/?shop_view=list
Starting crawl of https://anjayasejati.com/product-category/perlengkapan-menggambar/?shop_view=list
get_status called - crawl_results length: 324, status: running, crawled: 324
get_status called - crawl_results length: 324, status: running, crawled: 324
Added URL to results: https://anjayasejati.com/product-category/perlengkapan-sekolah-kantor/page/9/ - Total in results: 325
Submitting task for: https://anjayasejati.com/product-category/perlengkapan-menggambar/?shop_view=grid&per_row=2
Starting crawl of https://anjayasejati.com/product-category/perlengkapan-menggambar/?shop_view=grid&per_row=2
Added URL to results: https://anjayasejati.com/product-category/perlengkapan-sekolah-kantor/page/10/ - Total in results: 326
Submitting task for: https://anjayasejati.com/product-category/perlengkapan-menggambar/?shop_view=grid&per_row=3
Starting crawl of https://anjayasejati.com/product-category/perlengkapan-menggambar/?shop_view=grid&per_row=3
Added URL to results: https://anjayasejati.com/product-category/perlengkapan-menggambar/?shop_view=grid&per_row=2 - Total in results: 327
Submitting task for: https://anjayasejati.com/product-category/perlengkapan-menggambar/?shop_view=grid&per_row=4
Starting crawl of https://anjayasejati.com/product-category/perlengkapan-menggambar/?shop_view=grid&per_row=4
Added URL to results: https://anjayasejati.com/product-category/perlengkapan-menggambar/?shop_view=grid&per_row=3 - Total in results: 328
Submitting task for: https://anjayasejati.com/product-category/perlengkapan-menggambar/page/2/
Starting crawl of https://anjayasejati.com/product-category/perlengkapan-menggambar/page/2/
Added URL to results: https://anjayasejati.com/product-category/perlengkapan-menggambar/?shop_view=grid&per_row=4 - Total in results: 329
Submitting task for: https://anjayasejati.com/product-category/perlengkapan-menggambar/page/3/
Starting crawl of https://anjayasejati.com/product-category/perlengkapan-menggambar/page/3/
Added URL to results: https://anjayasejati.com/product-category/perlengkapan-menggambar/page/2/ - Total in results: 330
get_status called - crawl_results length: 330, status: running, crawled: 330
Submitting task for: https://anjayasejati.com/product-category/perlengkapan-menggambar/page/4/
Starting crawl of https://anjayasejati.com/product-category/perlengkapan-menggambar/page/4/
Added URL to results: https://anjayasejati.com/product-category/perlengkapan-menggambar/page/4/ - Total in results: 331
Submitting task for: https://anjayasejati.com/product-category/perlengkapan-menggambar/page/5/
Starting crawl of https://anjayasejati.com/product-category/perlengkapan-menggambar/page/5/
Added URL to results: https://anjayasejati.com/product-category/perlengkapan-menggambar/page/5/ - Total in results: 332
Submitting task for: https://anjayasejati.com/product-category/perlengkapan-menggambar/page/6/
Starting crawl of https://anjayasejati.com/product-category/perlengkapan-menggambar/page/6/
Added URL to results: https://anjayasejati.com/product-category/perlengkapan-menggambar/?per_page=12 - Total in results: 333
Submitting task for: https://anjayasejati.com/product-category/perlengkapan-menggambar/page/7/
Starting crawl of https://anjayasejati.com/product-category/perlengkapan-menggambar/page/7/
Added URL to results: https://anjayasejati.com/product-category/perlengkapan-menggambar/page/7/ - Total in results: 334
Submitting task for: https://anjayasejati.com/product-category/tinta-printer/?per_page=9
Starting crawl of https://anjayasejati.com/product-category/tinta-printer/?per_page=9
Added URL to results: https://anjayasejati.com/product-category/perlengkapan-menggambar/?per_page=24 - Total in results: 335
Submitting task for: https://anjayasejati.com/product-category/tinta-printer/?per_page=12
Starting crawl of https://anjayasejati.com/product-category/tinta-printer/?per_page=12
Added URL to results: https://anjayasejati.com/product-category/perlengkapan-menggambar/?shop_view=list - Total in results: 336
Submitting task for: https://anjayasejati.com/product-category/tinta-printer/?per_page=18
Starting crawl of https://anjayasejati.com/product-category/tinta-printer/?per_page=18
Added URL to results: https://anjayasejati.com/product-category/tinta-printer/?per_page=12 - Total in results: 337
Submitting task for: https://anjayasejati.com/product-category/tinta-printer/?per_page=24
Starting crawl of https://anjayasejati.com/product-category/tinta-printer/?per_page=24
get_status called - crawl_results length: 337, status: running, crawled: 337
get_status called - crawl_results length: 337, status: running, crawled: 337
Added URL to results: https://anjayasejati.com/product-category/perlengkapan-menggambar/page/6/ - Total in results: 338
Submitting task for: https://anjayasejati.com/product-category/tinta-printer/?shop_view=list
Starting crawl of https://anjayasejati.com/product-category/tinta-printer/?shop_view=list
get_status called - crawl_results length: 338, status: running, crawled: 338
Added URL to results: https://anjayasejati.com/product-category/perlengkapan-menggambar/page/3/ - Total in results: 339
Submitting task for: https://anjayasejati.com/product-category/tinta-printer/?shop_view=grid&per_row=2
Starting crawl of https://anjayasejati.com/product-category/tinta-printer/?shop_view=grid&per_row=2
Added URL to results: https://anjayasejati.com/product-category/tinta-printer/?shop_view=grid&per_row=2 - Total in results: 340
Submitting task for: https://anjayasejati.com/product-category/tinta-printer/?shop_view=grid&per_row=3
Starting crawl of https://anjayasejati.com/product-category/tinta-printer/?shop_view=grid&per_row=3
Added URL to results: https://anjayasejati.com/product-category/tinta-printer/?per_page=9 - Total in results: 341
Submitting task for: https://anjayasejati.com/product-category/tinta-printer/?shop_view=grid&per_row=4
Starting crawl of https://anjayasejati.com/product-category/tinta-printer/?shop_view=grid&per_row=4
Added URL to results: https://anjayasejati.com/product-category/tinta-printer/?shop_view=grid&per_row=3 - Total in results: 342
Submitting task for: https://anjayasejati.com/blog/category/artikel/page/2/
Starting crawl of https://anjayasejati.com/blog/category/artikel/page/2/
Added URL to results: https://anjayasejati.com/product-category/tinta-printer/?per_page=24 - Total in results: 343
Submitting task for: https://anjayasejati.com/product-category/perlengkapan-menggambar/brush-pen/?per_page=9
get_status called - crawl_results length: 343, status: running, crawled: 343
Starting crawl of https://anjayasejati.com/product-category/perlengkapan-menggambar/brush-pen/?per_page=9
Added URL to results: https://anjayasejati.com/product-category/tinta-printer/?per_page=18 - Total in results: 344
Submitting task for: https://anjayasejati.com/product-category/perlengkapan-menggambar/brush-pen/?per_page=12
Starting crawl of https://anjayasejati.com/product-category/perlengkapan-menggambar/brush-pen/?per_page=12
Added URL to results: https://anjayasejati.com/blog/category/artikel/page/2/ - Total in results: 345
Submitting task for: https://anjayasejati.com/product-category/perlengkapan-menggambar/brush-pen/?per_page=18
Starting crawl of https://anjayasejati.com/product-category/perlengkapan-menggambar/brush-pen/?per_page=18
Added URL to results: https://anjayasejati.com/product-category/perlengkapan-menggambar/brush-pen/?per_page=18 - Total in results: 346
Submitting task for: https://anjayasejati.com/product-category/perlengkapan-menggambar/brush-pen/?per_page=24
Starting crawl of https://anjayasejati.com/product-category/perlengkapan-menggambar/brush-pen/?per_page=24
get_status called - crawl_results length: 346, status: running, crawled: 346
Added URL to results: https://anjayasejati.com/product-category/tinta-printer/?shop_view=list - Total in results: 347
Submitting task for: https://anjayasejati.com/product-category/perlengkapan-menggambar/brush-pen/?shop_view=list
Starting crawl of https://anjayasejati.com/product-category/perlengkapan-menggambar/brush-pen/?shop_view=list
get_status called - crawl_results length: 347, status: running, crawled: 347
Added URL to results: https://anjayasejati.com/product-category/tinta-printer/?shop_view=grid&per_row=4 - Total in results: 348
Submitting task for: https://anjayasejati.com/product-category/perlengkapan-menggambar/brush-pen/?shop_view=grid&per_row=2
Starting crawl of https://anjayasejati.com/product-category/perlengkapan-menggambar/brush-pen/?shop_view=grid&per_row=2
get_status called - crawl_results length: 348, status: running, crawled: 348
Added URL to results: https://anjayasejati.com/product-category/perlengkapan-menggambar/brush-pen/?per_page=9 - Total in results: 349
Submitting task for: https://anjayasejati.com/product-category/perlengkapan-menggambar/brush-pen/?shop_view=grid&per_row=3
Starting crawl of https://anjayasejati.com/product-category/perlengkapan-menggambar/brush-pen/?shop_view=grid&per_row=3
Added URL to results: https://anjayasejati.com/product-category/perlengkapan-menggambar/brush-pen/?per_page=12 - Total in results: 350
Added URL to results: https://anjayasejati.com/product-category/perlengkapan-menggambar/brush-pen/?shop_view=grid&per_row=2 - Total in results: 351
Submitting task for: https://anjayasejati.com/product-category/perlengkapan-menggambar/brush-pen/?shop_view=grid&per_row=4
Submitting task for: https://anjayasejati.com/product-category/perlengkapan-menggambar/perlengkapan-cat/?per_page=9
Starting crawl of https://anjayasejati.com/product-category/perlengkapan-menggambar/brush-pen/?shop_view=grid&per_row=4
Starting crawl of https://anjayasejati.com/product-category/perlengkapan-menggambar/perlengkapan-cat/?per_page=9
Added URL to results: https://anjayasejati.com/product-category/perlengkapan-menggambar/brush-pen/?per_page=24 - Total in results: 352
Submitting task for: https://anjayasejati.com/product-category/perlengkapan-menggambar/perlengkapan-cat/?per_page=12
Starting crawl of https://anjayasejati.com/product-category/perlengkapan-menggambar/perlengkapan-cat/?per_page=12
Added URL to results: https://anjayasejati.com/product-category/perlengkapan-menggambar/perlengkapan-cat/?per_page=9 - Total in results: 353
Submitting task for: https://anjayasejati.com/product-category/perlengkapan-menggambar/perlengkapan-cat/?per_page=18
Starting crawl of https://anjayasejati.com/product-category/perlengkapan-menggambar/perlengkapan-cat/?per_page=18
Added URL to results: https://anjayasejati.com/product-category/perlengkapan-menggambar/perlengkapan-cat/?per_page=12 - Total in results: 354
Submitting task for: https://anjayasejati.com/product-category/perlengkapan-menggambar/perlengkapan-cat/?per_page=24
Starting crawl of https://anjayasejati.com/product-category/perlengkapan-menggambar/perlengkapan-cat/?per_page=24
Added URL to results: https://anjayasejati.com/product-category/perlengkapan-menggambar/perlengkapan-cat/?per_page=18 - Total in results: 355
Submitting task for: https://anjayasejati.com/product-category/perlengkapan-menggambar/perlengkapan-cat/?shop_view=list
Starting crawl of https://anjayasejati.com/product-category/perlengkapan-menggambar/perlengkapan-cat/?shop_view=list
Saved 50 URLs to database for crawl 1
Saved 5464 links to database for crawl 1
Saved 133 issues to database for crawl 1
Saved batch to database for crawl 1
Added URL to results: https://anjayasejati.com/product-category/perlengkapan-menggambar/perlengkapan-cat/?per_page=24 - Total in results: 356
Submitting task for: https://anjayasejati.com/product-category/perlengkapan-menggambar/perlengkapan-cat/?shop_view=grid&per_row=2
Starting crawl of https://anjayasejati.com/product-category/perlengkapan-menggambar/perlengkapan-cat/?shop_view=grid&per_row=2
get_status called - crawl_results length: 356, status: running, crawled: 356
Added URL to results: https://anjayasejati.com/product-category/perlengkapan-menggambar/brush-pen/?shop_view=list - Total in results: 357
Submitting task for: https://anjayasejati.com/product-category/perlengkapan-menggambar/perlengkapan-cat/?shop_view=grid&per_row=3
Starting crawl of https://anjayasejati.com/product-category/perlengkapan-menggambar/perlengkapan-cat/?shop_view=grid&per_row=3
get_status called - crawl_results length: 357, status: running, crawled: 357
Added URL to results: https://anjayasejati.com/product-category/perlengkapan-menggambar/brush-pen/?shop_view=grid&per_row=4 - Total in results: 358
Submitting task for: https://anjayasejati.com/product-category/perlengkapan-menggambar/perlengkapan-cat/?shop_view=grid&per_row=4
Starting crawl of https://anjayasejati.com/product-category/perlengkapan-menggambar/perlengkapan-cat/?shop_view=grid&per_row=4
Added URL to results: https://anjayasejati.com/product-category/perlengkapan-menggambar/brush-pen/?shop_view=grid&per_row=3 - Total in results: 359
Submitting task for: https://anjayasejati.com/product-category/perlengkapan-menggambar/crayon/?per_page=9
Starting crawl of https://anjayasejati.com/product-category/perlengkapan-menggambar/crayon/?per_page=9
Added URL to results: https://anjayasejati.com/product-category/perlengkapan-menggambar/crayon/?per_page=9 - Total in results: 360
Submitting task for: https://anjayasejati.com/product-category/perlengkapan-menggambar/crayon/?per_page=12
Starting crawl of https://anjayasejati.com/product-category/perlengkapan-menggambar/crayon/?per_page=12
get_status called - crawl_results length: 360, status: running, crawled: 360
Added URL to results: https://anjayasejati.com/product-category/perlengkapan-menggambar/perlengkapan-cat/?shop_view=list - Total in results: 361
Submitting task for: https://anjayasejati.com/product-category/perlengkapan-menggambar/crayon/?per_page=18
Starting crawl of https://anjayasejati.com/product-category/perlengkapan-menggambar/crayon/?per_page=18
Added URL to results: https://anjayasejati.com/product-category/perlengkapan-menggambar/crayon/?per_page=18 - Total in results: 362
Submitting task for: https://anjayasejati.com/product-category/perlengkapan-menggambar/crayon/?per_page=24
Starting crawl of https://anjayasejati.com/product-category/perlengkapan-menggambar/crayon/?per_page=24
Added URL to results: https://anjayasejati.com/product-category/perlengkapan-menggambar/perlengkapan-cat/?shop_view=grid&per_row=2 - Total in results: 363
Submitting task for: https://anjayasejati.com/product-category/perlengkapan-menggambar/crayon/?shop_view=list
Starting crawl of https://anjayasejati.com/product-category/perlengkapan-menggambar/crayon/?shop_view=list
Added URL to results: https://anjayasejati.com/product-category/perlengkapan-menggambar/crayon/?shop_view=list - Total in results: 364
get_status called - crawl_results length: 364, status: running, crawled: 364
Submitting task for: https://anjayasejati.com/product-category/perlengkapan-menggambar/crayon/?shop_view=grid&per_row=2
Added URL to results: https://anjayasejati.com/product-category/perlengkapan-menggambar/crayon/?per_page=24 - Total in results: 365
Starting crawl of https://anjayasejati.com/product-category/perlengkapan-menggambar/crayon/?shop_view=grid&per_row=2
Submitting task for: https://anjayasejati.com/product-category/perlengkapan-menggambar/crayon/?shop_view=grid&per_row=3
Starting crawl of https://anjayasejati.com/product-category/perlengkapan-menggambar/crayon/?shop_view=grid&per_row=3
Added URL to results: https://anjayasejati.com/product-category/perlengkapan-menggambar/perlengkapan-cat/?shop_view=grid&per_row=3 - Total in results: 366
Submitting task for: https://anjayasejati.com/product-category/perlengkapan-menggambar/crayon/?shop_view=grid&per_row=4
Starting crawl of https://anjayasejati.com/product-category/perlengkapan-menggambar/crayon/?shop_view=grid&per_row=4
Added URL to results: https://anjayasejati.com/product-category/perlengkapan-menggambar/crayon/?shop_view=grid&per_row=3 - Total in results: 367
Submitting task for: https://anjayasejati.com/product-category/perlengkapan-menggambar/crayon/page/2/
Starting crawl of https://anjayasejati.com/product-category/perlengkapan-menggambar/crayon/page/2/
Added URL to results: https://anjayasejati.com/product-category/perlengkapan-menggambar/crayon/?shop_view=grid&per_row=2 - Total in results: 368
Submitting task for: https://anjayasejati.com/product-category/perlengkapan-menggambar/palet-lukis-palet-cat-air/?per_page=9
Starting crawl of https://anjayasejati.com/product-category/perlengkapan-menggambar/palet-lukis-palet-cat-air/?per_page=9
Added URL to results: https://anjayasejati.com/product-category/perlengkapan-menggambar/crayon/page/2/ - Total in results: 369
Submitting task for: https://anjayasejati.com/product-category/perlengkapan-menggambar/palet-lukis-palet-cat-air/?per_page=12
Starting crawl of https://anjayasejati.com/product-category/perlengkapan-menggambar/palet-lukis-palet-cat-air/?per_page=12
Added URL to results: https://anjayasejati.com/product-category/perlengkapan-menggambar/crayon/?shop_view=grid&per_row=4 - Total in results: 370
Submitting task for: https://anjayasejati.com/product-category/perlengkapan-menggambar/palet-lukis-palet-cat-air/?per_page=18
Starting crawl of https://anjayasejati.com/product-category/perlengkapan-menggambar/palet-lukis-palet-cat-air/?per_page=18
Added URL to results: https://anjayasejati.com/product-category/perlengkapan-menggambar/palet-lukis-palet-cat-air/?per_page=18 - Total in results: 371
Submitting task for: https://anjayasejati.com/product-category/perlengkapan-menggambar/palet-lukis-palet-cat-air/?per_page=24
Starting crawl of https://anjayasejati.com/product-category/perlengkapan-menggambar/palet-lukis-palet-cat-air/?per_page=24
Added URL to results: https://anjayasejati.com/product-category/perlengkapan-menggambar/palet-lukis-palet-cat-air/?per_page=12 - Total in results: 372
Submitting task for: https://anjayasejati.com/product-category/perlengkapan-menggambar/palet-lukis-palet-cat-air/?shop_view=list
Starting crawl of https://anjayasejati.com/product-category/perlengkapan-menggambar/palet-lukis-palet-cat-air/?shop_view=list
get_status called - crawl_results length: 372, status: running, crawled: 372
Added URL to results: https://anjayasejati.com/product-category/perlengkapan-menggambar/perlengkapan-cat/?shop_view=grid&per_row=4 - Total in results: 373
Submitting task for: https://anjayasejati.com/product-category/perlengkapan-menggambar/palet-lukis-palet-cat-air/?shop_view=grid&per_row=2
Starting crawl of https://anjayasejati.com/product-category/perlengkapan-menggambar/palet-lukis-palet-cat-air/?shop_view=grid&per_row=2
Added URL to results: https://anjayasejati.com/product-category/perlengkapan-menggambar/crayon/?per_page=12 - Total in results: 374
Submitting task for: https://anjayasejati.com/product-category/perlengkapan-menggambar/palet-lukis-palet-cat-air/?shop_view=grid&per_row=3
Starting crawl of https://anjayasejati.com/product-category/perlengkapan-menggambar/palet-lukis-palet-cat-air/?shop_view=grid&per_row=3
get_status called - crawl_results length: 374, status: running, crawled: 374
get_status called - crawl_results length: 374, status: running, crawled: 374
Added URL to results: https://anjayasejati.com/product-category/perlengkapan-menggambar/palet-lukis-palet-cat-air/?per_page=9 - Total in results: 375
Submitting task for: https://anjayasejati.com/product-category/perlengkapan-menggambar/palet-lukis-palet-cat-air/?shop_view=grid&per_row=4
Starting crawl of https://anjayasejati.com/product-category/perlengkapan-menggambar/palet-lukis-palet-cat-air/?shop_view=grid&per_row=4
Added URL to results: https://anjayasejati.com/product-category/perlengkapan-menggambar/palet-lukis-palet-cat-air/?shop_view=grid&per_row=4 - Total in results: 376
Submitting task for: https://anjayasejati.com/product-category/perlengkapan-menggambar/kuas/?per_page=9
Starting crawl of https://anjayasejati.com/product-category/perlengkapan-menggambar/kuas/?per_page=9
get_status called - crawl_results length: 376, status: running, crawled: 376
Added URL to results: https://anjayasejati.com/product-category/perlengkapan-menggambar/kuas/?per_page=9 - Total in results: 377
Submitting task for: https://anjayasejati.com/product-category/perlengkapan-menggambar/kuas/?per_page=12
Starting crawl of https://anjayasejati.com/product-category/perlengkapan-menggambar/kuas/?per_page=12
Added URL to results: https://anjayasejati.com/product-category/perlengkapan-menggambar/palet-lukis-palet-cat-air/?shop_view=list - Total in results: 378
Submitting task for: https://anjayasejati.com/product-category/perlengkapan-menggambar/kuas/?per_page=18
Starting crawl of https://anjayasejati.com/product-category/perlengkapan-menggambar/kuas/?per_page=18
Added URL to results: https://anjayasejati.com/product-category/perlengkapan-menggambar/palet-lukis-palet-cat-air/?per_page=24 - Total in results: 379
Submitting task for: https://anjayasejati.com/product-category/perlengkapan-menggambar/kuas/?per_page=24
Starting crawl of https://anjayasejati.com/product-category/perlengkapan-menggambar/kuas/?per_page=24
Added URL to results: https://anjayasejati.com/product-category/perlengkapan-menggambar/kuas/?per_page=18 - Total in results: 380
Submitting task for: https://anjayasejati.com/product-category/perlengkapan-menggambar/kuas/?shop_view=list
Starting crawl of https://anjayasejati.com/product-category/perlengkapan-menggambar/kuas/?shop_view=list
Added URL to results: https://anjayasejati.com/product-category/perlengkapan-menggambar/kuas/?shop_view=list - Total in results: 381
Submitting task for: https://anjayasejati.com/product-category/perlengkapan-menggambar/kuas/?shop_view=grid&per_row=2
Starting crawl of https://anjayasejati.com/product-category/perlengkapan-menggambar/kuas/?shop_view=grid&per_row=2
Added URL to results: https://anjayasejati.com/product-category/perlengkapan-menggambar/palet-lukis-palet-cat-air/?shop_view=grid&per_row=2 - Total in results: 382
Submitting task for: https://anjayasejati.com/product-category/perlengkapan-menggambar/kuas/?shop_view=grid&per_row=3
Starting crawl of https://anjayasejati.com/product-category/perlengkapan-menggambar/kuas/?shop_view=grid&per_row=3
get_status called - crawl_results length: 382, status: running, crawled: 382
Added URL to results: https://anjayasejati.com/product-category/perlengkapan-menggambar/kuas/?shop_view=grid&per_row=3 - Total in results: 383
Submitting task for: https://anjayasejati.com/product-category/perlengkapan-menggambar/kuas/?shop_view=grid&per_row=4
Starting crawl of https://anjayasejati.com/product-category/perlengkapan-menggambar/kuas/?shop_view=grid&per_row=4
Added URL to results: https://anjayasejati.com/product-category/perlengkapan-menggambar/kuas/?shop_view=grid&per_row=4 - Total in results: 384
Submitting task for: https://anjayasejati.com/product-category/perlengkapan-menggambar/kuas/page/2/
Starting crawl of https://anjayasejati.com/product-category/perlengkapan-menggambar/kuas/page/2/
Added URL to results: https://anjayasejati.com/product-category/perlengkapan-menggambar/palet-lukis-palet-cat-air/?shop_view=grid&per_row=3 - Total in results: 385
Submitting task for: https://anjayasejati.com/product-category/perlengkapan-menggambar/pensil-warna/?per_page=9
Starting crawl of https://anjayasejati.com/product-category/perlengkapan-menggambar/pensil-warna/?per_page=9
get_status called - crawl_results length: 385, status: running, crawled: 385
get_status called - crawl_results length: 385, status: running, crawled: 385
Added URL to results: https://anjayasejati.com/product-category/perlengkapan-menggambar/kuas/?per_page=12 - Total in results: 386
Submitting task for: https://anjayasejati.com/product-category/perlengkapan-menggambar/pensil-warna/?per_page=12
Starting crawl of https://anjayasejati.com/product-category/perlengkapan-menggambar/pensil-warna/?per_page=12
Added URL to results: https://anjayasejati.com/product-category/perlengkapan-menggambar/kuas/?per_page=24 - Total in results: 387
Submitting task for: https://anjayasejati.com/product-category/perlengkapan-menggambar/pensil-warna/?per_page=18
Starting crawl of https://anjayasejati.com/product-category/perlengkapan-menggambar/pensil-warna/?per_page=18
Added URL to results: https://anjayasejati.com/product-category/perlengkapan-menggambar/pensil-warna/?per_page=12 - Total in results: 388
get_status called - crawl_results length: 388, status: running, crawled: 388
Submitting task for: https://anjayasejati.com/product-category/perlengkapan-menggambar/pensil-warna/?per_page=24
Starting crawl of https://anjayasejati.com/product-category/perlengkapan-menggambar/pensil-warna/?per_page=24
Added URL to results: https://anjayasejati.com/product-category/perlengkapan-menggambar/kuas/?shop_view=grid&per_row=2 - Total in results: 389
Submitting task for: https://anjayasejati.com/product-category/perlengkapan-menggambar/pensil-warna/?shop_view=list
Starting crawl of https://anjayasejati.com/product-category/perlengkapan-menggambar/pensil-warna/?shop_view=list
Added URL to results: https://anjayasejati.com/product-category/perlengkapan-menggambar/pensil-warna/?shop_view=list - Total in results: 390
Submitting task for: https://anjayasejati.com/product-category/perlengkapan-menggambar/pensil-warna/?shop_view=grid&per_row=2
Starting crawl of https://anjayasejati.com/product-category/perlengkapan-menggambar/pensil-warna/?shop_view=grid&per_row=2
Added URL to results: https://anjayasejati.com/product-category/perlengkapan-menggambar/kuas/page/2/ - Total in results: 391
Submitting task for: https://anjayasejati.com/product-category/perlengkapan-menggambar/pensil-warna/?shop_view=grid&per_row=3
Starting crawl of https://anjayasejati.com/product-category/perlengkapan-menggambar/pensil-warna/?shop_view=grid&per_row=3
Added URL to results: https://anjayasejati.com/product-category/perlengkapan-menggambar/pensil-warna/?per_page=9 - Total in results: 392
Submitting task for: https://anjayasejati.com/product-category/perlengkapan-menggambar/pensil-warna/?shop_view=grid&per_row=4
Starting crawl of https://anjayasejati.com/product-category/perlengkapan-menggambar/pensil-warna/?shop_view=grid&per_row=4
Added URL to results: https://anjayasejati.com/product-category/perlengkapan-menggambar/pensil-warna/?shop_view=grid&per_row=2 - Total in results: 393
Submitting task for: https://anjayasejati.com/product-category/perlengkapan-menggambar/pensil-warna/page/2/
Starting crawl of https://anjayasejati.com/product-category/perlengkapan-menggambar/pensil-warna/page/2/
Added URL to results: https://anjayasejati.com/product-category/perlengkapan-menggambar/pensil-warna/?shop_view=grid&per_row=3 - Total in results: 394
Submitting task for: https://anjayasejati.com/product-category/perlengkapan-sekolah-kantor/stampel/?per_page=9
Starting crawl of https://anjayasejati.com/product-category/perlengkapan-sekolah-kantor/stampel/?per_page=9
Added URL to results: https://anjayasejati.com/product-category/perlengkapan-sekolah-kantor/stampel/?per_page=9 - Total in results: 395
Submitting task for: https://anjayasejati.com/product-category/perlengkapan-sekolah-kantor/stampel/?per_page=12
Starting crawl of https://anjayasejati.com/product-category/perlengkapan-sekolah-kantor/stampel/?per_page=12
get_status called - crawl_results length: 395, status: running, crawled: 395
get_status called - crawl_results length: 395, status: running, crawled: 395
get_status called - crawl_results length: 395, status: running, crawled: 395
Added URL to results: https://anjayasejati.com/product-category/perlengkapan-menggambar/pensil-warna/?per_page=18 - Total in results: 396
Submitting task for: https://anjayasejati.com/product-category/perlengkapan-sekolah-kantor/stampel/?per_page=18
Starting crawl of https://anjayasejati.com/product-category/perlengkapan-sekolah-kantor/stampel/?per_page=18
Added URL to results: https://anjayasejati.com/product-category/perlengkapan-menggambar/pensil-warna/?per_page=24 - Total in results: 397
Submitting task for: https://anjayasejati.com/product-category/perlengkapan-sekolah-kantor/stampel/?per_page=24
Starting crawl of https://anjayasejati.com/product-category/perlengkapan-sekolah-kantor/stampel/?per_page=24
Added URL to results: https://anjayasejati.com/product-category/perlengkapan-menggambar/pensil-warna/page/2/ - Total in results: 398
Submitting task for: https://anjayasejati.com/product-category/perlengkapan-sekolah-kantor/stampel/?shop_view=list
Starting crawl of https://anjayasejati.com/product-category/perlengkapan-sekolah-kantor/stampel/?shop_view=list
Added URL to results: https://anjayasejati.com/product-category/perlengkapan-sekolah-kantor/stampel/?per_page=18 - Total in results: 399
Submitting task for: https://anjayasejati.com/product-category/perlengkapan-sekolah-kantor/stampel/?shop_view=grid&per_row=2
Starting crawl of https://anjayasejati.com/product-category/perlengkapan-sekolah-kantor/stampel/?shop_view=grid&per_row=2
Added URL to results: https://anjayasejati.com/product-category/perlengkapan-sekolah-kantor/stampel/?shop_view=grid&per_row=2 - Total in results: 400
Submitting task for: https://anjayasejati.com/product-category/perlengkapan-sekolah-kantor/stampel/?shop_view=grid&per_row=3
Starting crawl of https://anjayasejati.com/product-category/perlengkapan-sekolah-kantor/stampel/?shop_view=grid&per_row=3
Added URL to results: https://anjayasejati.com/product-category/perlengkapan-menggambar/pensil-warna/?shop_view=grid&per_row=4 - Total in results: 401
Submitting task for: https://anjayasejati.com/product-category/perlengkapan-sekolah-kantor/stampel/?shop_view=grid&per_row=4
Starting crawl of https://anjayasejati.com/product-category/perlengkapan-sekolah-kantor/stampel/?shop_view=grid&per_row=4
Added URL to results: https://anjayasejati.com/product-category/perlengkapan-sekolah-kantor/stampel/?per_page=12 - Total in results: 402
Submitting task for: https://anjayasejati.com/product-category/perlengkapan-sekolah-kantor/penggaris/?per_page=9
Starting crawl of https://anjayasejati.com/product-category/perlengkapan-sekolah-kantor/penggaris/?per_page=9
get_status called - crawl_results length: 402, status: running, crawled: 402
Added URL to results: https://anjayasejati.com/product-category/perlengkapan-sekolah-kantor/penggaris/?per_page=9 - Total in results: 403
Submitting task for: https://anjayasejati.com/product-category/perlengkapan-sekolah-kantor/penggaris/?per_page=12
Starting crawl of https://anjayasejati.com/product-category/perlengkapan-sekolah-kantor/penggaris/?per_page=12
Added URL to results: https://anjayasejati.com/product-category/perlengkapan-sekolah-kantor/penggaris/?per_page=12 - Total in results: 404
Submitting task for: https://anjayasejati.com/product-category/perlengkapan-sekolah-kantor/penggaris/?per_page=18
Starting crawl of https://anjayasejati.com/product-category/perlengkapan-sekolah-kantor/penggaris/?per_page=18
get_status called - crawl_results length: 404, status: running, crawled: 404
get_status called - crawl_results length: 404, status: running, crawled: 404
Added URL to results: https://anjayasejati.com/product-category/perlengkapan-sekolah-kantor/stampel/?shop_view=list - Total in results: 405
Submitting task for: https://anjayasejati.com/product-category/perlengkapan-sekolah-kantor/penggaris/?per_page=24
Starting crawl of https://anjayasejati.com/product-category/perlengkapan-sekolah-kantor/penggaris/?per_page=24
Saved 50 URLs to database for crawl 1
Saved 5914 links to database for crawl 1
Added URL to results: https://anjayasejati.com/product-category/perlengkapan-sekolah-kantor/stampel/?shop_view=grid&per_row=3 - Total in results: 406
Submitting task for: https://anjayasejati.com/product-category/perlengkapan-sekolah-kantor/penggaris/?shop_view=list
Starting crawl of https://anjayasejati.com/product-category/perlengkapan-sekolah-kantor/penggaris/?shop_view=list
Saved 148 issues to database for crawl 1
Saved batch to database for crawl 1
Added URL to results: https://anjayasejati.com/product-category/perlengkapan-sekolah-kantor/stampel/?per_page=24 - Total in results: 407
Submitting task for: https://anjayasejati.com/product-category/perlengkapan-sekolah-kantor/penggaris/?shop_view=grid&per_row=2
Starting crawl of https://anjayasejati.com/product-category/perlengkapan-sekolah-kantor/penggaris/?shop_view=grid&per_row=2
Added URL to results: https://anjayasejati.com/product-category/perlengkapan-sekolah-kantor/stampel/?shop_view=grid&per_row=4 - Total in results: 408
Submitting task for: https://anjayasejati.com/product-category/perlengkapan-sekolah-kantor/penggaris/?shop_view=grid&per_row=3
Starting crawl of https://anjayasejati.com/product-category/perlengkapan-sekolah-kantor/penggaris/?shop_view=grid&per_row=3
get_status called - crawl_results length: 408, status: running, crawled: 408
Added URL to results: https://anjayasejati.com/product-category/perlengkapan-sekolah-kantor/penggaris/?shop_view=grid&per_row=2 - Total in results: 409
Submitting task for: https://anjayasejati.com/product-category/perlengkapan-sekolah-kantor/penggaris/?shop_view=grid&per_row=4
Starting crawl of https://anjayasejati.com/product-category/perlengkapan-sekolah-kantor/penggaris/?shop_view=grid&per_row=4
Added URL to results: https://anjayasejati.com/product-category/perlengkapan-sekolah-kantor/penggaris/?shop_view=grid&per_row=4 - Total in results: 410
Submitting task for: https://anjayasejati.com/product-category/perlengkapan-sekolah-kantor/penggaris/page/2/
Starting crawl of https://anjayasejati.com/product-category/perlengkapan-sekolah-kantor/penggaris/page/2/
Added URL to results: https://anjayasejati.com/product-category/perlengkapan-sekolah-kantor/penggaris/?per_page=18 - Total in results: 411
Submitting task for: https://anjayasejati.com/product-category/perlengkapan-sekolah-kantor/map/?per_page=9
Starting crawl of https://anjayasejati.com/product-category/perlengkapan-sekolah-kantor/map/?per_page=9
Added URL to results: https://anjayasejati.com/product-category/perlengkapan-sekolah-kantor/penggaris/page/2/ - Total in results: 412
Submitting task for: https://anjayasejati.com/product-category/perlengkapan-sekolah-kantor/map/?per_page=12
Starting crawl of https://anjayasejati.com/product-category/perlengkapan-sekolah-kantor/map/?per_page=12
Added URL to results: https://anjayasejati.com/product-category/perlengkapan-sekolah-kantor/map/?per_page=12 - Total in results: 413
Submitting task for: https://anjayasejati.com/product-category/perlengkapan-sekolah-kantor/map/?per_page=18
Starting crawl of https://anjayasejati.com/product-category/perlengkapan-sekolah-kantor/map/?per_page=18
get_status called - crawl_results length: 413, status: running, crawled: 413
get_status called - crawl_results length: 413, status: running, crawled: 413
get_status called - crawl_results length: 413, status: running, crawled: 413
Added URL to results: https://anjayasejati.com/product-category/perlengkapan-sekolah-kantor/penggaris/?per_page=24 - Total in results: 414
Submitting task for: https://anjayasejati.com/product-category/perlengkapan-sekolah-kantor/map/?per_page=24
Starting crawl of https://anjayasejati.com/product-category/perlengkapan-sekolah-kantor/map/?per_page=24
Added URL to results: https://anjayasejati.com/product-category/perlengkapan-sekolah-kantor/penggaris/?shop_view=list - Total in results: 415
Submitting task for: https://anjayasejati.com/product-category/perlengkapan-sekolah-kantor/map/?shop_view=list
Starting crawl of https://anjayasejati.com/product-category/perlengkapan-sekolah-kantor/map/?shop_view=list
Added URL to results: https://anjayasejati.com/product-category/perlengkapan-sekolah-kantor/penggaris/?shop_view=grid&per_row=3 - Total in results: 416
Submitting task for: https://anjayasejati.com/product-category/perlengkapan-sekolah-kantor/map/?shop_view=grid&per_row=2
Starting crawl of https://anjayasejati.com/product-category/perlengkapan-sekolah-kantor/map/?shop_view=grid&per_row=2
Added URL to results: https://anjayasejati.com/product-category/perlengkapan-sekolah-kantor/map/?per_page=24 - Total in results: 417
Submitting task for: https://anjayasejati.com/product-category/perlengkapan-sekolah-kantor/map/?shop_view=grid&per_row=3
Starting crawl of https://anjayasejati.com/product-category/perlengkapan-sekolah-kantor/map/?shop_view=grid&per_row=3
Added URL to results: https://anjayasejati.com/product-category/perlengkapan-sekolah-kantor/map/?shop_view=grid&per_row=2 - Total in results: 418
Submitting task for: https://anjayasejati.com/product-category/perlengkapan-sekolah-kantor/map/?shop_view=grid&per_row=4
Starting crawl of https://anjayasejati.com/product-category/perlengkapan-sekolah-kantor/map/?shop_view=grid&per_row=4
Added URL to results: https://anjayasejati.com/product-category/perlengkapan-sekolah-kantor/map/?per_page=9 - Total in results: 419
Submitting task for: https://anjayasejati.com/product-category/perlengkapan-sekolah-kantor/map/page/2/
Starting crawl of https://anjayasejati.com/product-category/perlengkapan-sekolah-kantor/map/page/2/
Added URL to results: https://anjayasejati.com/product-category/perlengkapan-sekolah-kantor/map/page/2/ - Total in results: 420
Submitting task for: https://anjayasejati.com/product-category/perlengkapan-sekolah-kantor/map/page/3/
Starting crawl of https://anjayasejati.com/product-category/perlengkapan-sekolah-kantor/map/page/3/
Added URL to results: https://anjayasejati.com/product-category/perlengkapan-sekolah-kantor/map/?per_page=18 - Total in results: 421
Submitting task for: https://anjayasejati.com/product-category/perlengkapan-sekolah-kantor/map/page/4/
Starting crawl of https://anjayasejati.com/product-category/perlengkapan-sekolah-kantor/map/page/4/
get_status called - crawl_results length: 421, status: running, crawled: 421
get_status called - crawl_results length: 421, status: running, crawled: 421
Added URL to results: https://anjayasejati.com/product-category/perlengkapan-sekolah-kantor/map/?shop_view=list - Total in results: 422
Submitting task for: https://anjayasejati.com/product-category/perlengkapan-sekolah-kantor/map/page/5/
Starting crawl of https://anjayasejati.com/product-category/perlengkapan-sekolah-kantor/map/page/5/
Added URL to results: https://anjayasejati.com/product-category/perlengkapan-sekolah-kantor/map/?shop_view=grid&per_row=3 - Total in results: 423
Submitting task for: https://anjayasejati.com/product-category/perlengkapan-sekolah-kantor/map/page/6/
Starting crawl of https://anjayasejati.com/product-category/perlengkapan-sekolah-kantor/map/page/6/
Added URL to results: https://anjayasejati.com/product-category/perlengkapan-sekolah-kantor/map/?shop_view=grid&per_row=4 - Total in results: 424
Submitting task for: https://anjayasejati.com/product-category/perlengkapan-sekolah-kantor/hekmasin-hekter/?per_page=9
Starting crawl of https://anjayasejati.com/product-category/perlengkapan-sekolah-kantor/hekmasin-hekter/?per_page=9
Added URL to results: https://anjayasejati.com/product-category/perlengkapan-sekolah-kantor/map/page/4/ - Total in results: 425
Submitting task for: https://anjayasejati.com/product-category/perlengkapan-sekolah-kantor/hekmasin-hekter/?per_page=12
Starting crawl of https://anjayasejati.com/product-category/perlengkapan-sekolah-kantor/hekmasin-hekter/?per_page=12
Added URL to results: https://anjayasejati.com/product-category/perlengkapan-sekolah-kantor/map/page/3/ - Total in results: 426
Submitting task for: https://anjayasejati.com/product-category/perlengkapan-sekolah-kantor/hekmasin-hekter/?per_page=18
Starting crawl of https://anjayasejati.com/product-category/perlengkapan-sekolah-kantor/hekmasin-hekter/?per_page=18
Added URL to results: https://anjayasejati.com/product-category/perlengkapan-sekolah-kantor/hekmasin-hekter/?per_page=9 - Total in results: 427
Submitting task for: https://anjayasejati.com/product-category/perlengkapan-sekolah-kantor/hekmasin-hekter/?per_page=24
Starting crawl of https://anjayasejati.com/product-category/perlengkapan-sekolah-kantor/hekmasin-hekter/?per_page=24
Added URL to results: https://anjayasejati.com/product-category/perlengkapan-sekolah-kantor/hekmasin-hekter/?per_page=18 - Total in results: 428
Submitting task for: https://anjayasejati.com/product-category/perlengkapan-sekolah-kantor/hekmasin-hekter/?shop_view=list
Starting crawl of https://anjayasejati.com/product-category/perlengkapan-sekolah-kantor/hekmasin-hekter/?shop_view=list
Added URL to results: https://anjayasejati.com/product-category/perlengkapan-sekolah-kantor/hekmasin-hekter/?per_page=24 - Total in results: 429
Submitting task for: https://anjayasejati.com/product-category/perlengkapan-sekolah-kantor/hekmasin-hekter/?shop_view=grid&per_row=2
Starting crawl of https://anjayasejati.com/product-category/perlengkapan-sekolah-kantor/hekmasin-hekter/?shop_view=grid&per_row=2
Added URL to results: https://anjayasejati.com/product-category/perlengkapan-sekolah-kantor/hekmasin-hekter/?shop_view=list - Total in results: 430
Submitting task for: https://anjayasejati.com/product-category/perlengkapan-sekolah-kantor/hekmasin-hekter/?shop_view=grid&per_row=3
Starting crawl of https://anjayasejati.com/product-category/perlengkapan-sekolah-kantor/hekmasin-hekter/?shop_view=grid&per_row=3
Added URL to results: https://anjayasejati.com/product-category/perlengkapan-sekolah-kantor/hekmasin-hekter/?shop_view=grid&per_row=3 - Total in results: 431
Submitting task for: https://anjayasejati.com/product-category/perlengkapan-sekolah-kantor/hekmasin-hekter/?shop_view=grid&per_row=4
Starting crawl of https://anjayasejati.com/product-category/perlengkapan-sekolah-kantor/hekmasin-hekter/?shop_view=grid&per_row=4
get_status called - crawl_results length: 431, status: running, crawled: 431
Added URL to results: https://anjayasejati.com/product-category/perlengkapan-sekolah-kantor/map/page/5/ - Total in results: 432
Submitting task for: https://anjayasejati.com/product-category/perlengkapan-sekolah-kantor/hekmasin-hekter/page/2/
Starting crawl of https://anjayasejati.com/product-category/perlengkapan-sekolah-kantor/hekmasin-hekter/page/2/
Added URL to results: https://anjayasejati.com/product-category/perlengkapan-sekolah-kantor/map/page/6/ - Total in results: 433
Submitting task for: https://anjayasejati.com/product-category/perlengkapan-sekolah-kantor/clipboard/?per_page=9
Starting crawl of https://anjayasejati.com/product-category/perlengkapan-sekolah-kantor/clipboard/?per_page=9
Added URL to results: https://anjayasejati.com/product-category/perlengkapan-sekolah-kantor/hekmasin-hekter/page/2/ - Total in results: 434
Submitting task for: https://anjayasejati.com/product-category/perlengkapan-sekolah-kantor/clipboard/?per_page=12
Starting crawl of https://anjayasejati.com/product-category/perlengkapan-sekolah-kantor/clipboard/?per_page=12
Added URL to results: https://anjayasejati.com/product-category/perlengkapan-sekolah-kantor/clipboard/?per_page=9 - Total in results: 435
Submitting task for: https://anjayasejati.com/product-category/perlengkapan-sekolah-kantor/clipboard/?per_page=18
Starting crawl of https://anjayasejati.com/product-category/perlengkapan-sekolah-kantor/clipboard/?per_page=18
Added URL to results: https://anjayasejati.com/product-category/perlengkapan-sekolah-kantor/clipboard/?per_page=12 - Total in results: 436
Submitting task for: https://anjayasejati.com/product-category/perlengkapan-sekolah-kantor/clipboard/?per_page=24
Starting crawl of https://anjayasejati.com/product-category/perlengkapan-sekolah-kantor/clipboard/?per_page=24
get_status called - crawl_results length: 436, status: running, crawled: 436
get_status called - crawl_results length: 436, status: running, crawled: 436
Added URL to results: https://anjayasejati.com/product-category/perlengkapan-sekolah-kantor/hekmasin-hekter/?per_page=12 - Total in results: 437
Submitting task for: https://anjayasejati.com/product-category/perlengkapan-sekolah-kantor/clipboard/?shop_view=list
Starting crawl of https://anjayasejati.com/product-category/perlengkapan-sekolah-kantor/clipboard/?shop_view=list
Added URL to results: https://anjayasejati.com/product-category/perlengkapan-sekolah-kantor/hekmasin-hekter/?shop_view=grid&per_row=2 - Total in results: 438
Submitting task for: https://anjayasejati.com/product-category/perlengkapan-sekolah-kantor/clipboard/?shop_view=grid&per_row=2
Starting crawl of https://anjayasejati.com/product-category/perlengkapan-sekolah-kantor/clipboard/?shop_view=grid&per_row=2
Added URL to results: https://anjayasejati.com/product-category/perlengkapan-sekolah-kantor/hekmasin-hekter/?shop_view=grid&per_row=4 - Total in results: 439
Submitting task for: https://anjayasejati.com/product-category/perlengkapan-sekolah-kantor/clipboard/?shop_view=grid&per_row=3
Starting crawl of https://anjayasejati.com/product-category/perlengkapan-sekolah-kantor/clipboard/?shop_view=grid&per_row=3
Added URL to results: https://anjayasejati.com/product-category/perlengkapan-sekolah-kantor/clipboard/?per_page=18 - Total in results: 440
Submitting task for: https://anjayasejati.com/product-category/perlengkapan-sekolah-kantor/clipboard/?shop_view=grid&per_row=4
Starting crawl of https://anjayasejati.com/product-category/perlengkapan-sekolah-kantor/clipboard/?shop_view=grid&per_row=4
Added URL to results: https://anjayasejati.com/product-category/perlengkapan-sekolah-kantor/clipboard/?per_page=24 - Total in results: 441
Submitting task for: https://anjayasejati.com/toko-belanja/?per_page=9&shop_view=list
Starting crawl of https://anjayasejati.com/toko-belanja/?per_page=9&shop_view=list
get_status called - crawl_results length: 441, status: running, crawled: 441
get_status called - crawl_results length: 441, status: running, crawled: 441
Added URL to results: https://anjayasejati.com/product-category/perlengkapan-sekolah-kantor/clipboard/?shop_view=list - Total in results: 442
Submitting task for: https://anjayasejati.com/toko-belanja/?per_page=9&shop_view=grid&per_row=2
Starting crawl of https://anjayasejati.com/toko-belanja/?per_page=9&shop_view=grid&per_row=2
Added URL to results: https://anjayasejati.com/product-category/perlengkapan-sekolah-kantor/clipboard/?shop_view=grid&per_row=2 - Total in results: 443
Submitting task for: https://anjayasejati.com/toko-belanja/?per_page=9&shop_view=grid&per_row=3
Starting crawl of https://anjayasejati.com/toko-belanja/?per_page=9&shop_view=grid&per_row=3
get_status called - crawl_results length: 443, status: running, crawled: 443
Added URL to results: https://anjayasejati.com/product-category/perlengkapan-sekolah-kantor/clipboard/?shop_view=grid&per_row=3 - Total in results: 444
Submitting task for: https://anjayasejati.com/toko-belanja/?per_page=9&shop_view=grid&per_row=4
Starting crawl of https://anjayasejati.com/toko-belanja/?per_page=9&shop_view=grid&per_row=4
Added URL to results: https://anjayasejati.com/toko-belanja/?per_page=9&shop_view=grid&per_row=4 - Total in results: 445
Submitting task for: https://anjayasejati.com/toko-belanja/page/2/?per_page=9
Starting crawl of https://anjayasejati.com/toko-belanja/page/2/?per_page=9
Added URL to results: https://anjayasejati.com/product-category/perlengkapan-sekolah-kantor/clipboard/?shop_view=grid&per_row=4 - Total in results: 446
Submitting task for: https://anjayasejati.com/toko-belanja/page/3/?per_page=9
Starting crawl of https://anjayasejati.com/toko-belanja/page/3/?per_page=9
get_status called - crawl_results length: 446, status: running, crawled: 446
Added URL to results: https://anjayasejati.com/toko-belanja/?per_page=9&shop_view=list - Total in results: 447
Added URL to results: https://anjayasejati.com/toko-belanja/page/3/?per_page=9 - Total in results: 448
Submitting task for: https://anjayasejati.com/toko-belanja/page/4/?per_page=9
Submitting task for: https://anjayasejati.com/toko-belanja/page/21/?per_page=9
Starting crawl of https://anjayasejati.com/toko-belanja/page/4/?per_page=9
Starting crawl of https://anjayasejati.com/toko-belanja/page/21/?per_page=9
get_status called - crawl_results length: 448, status: running, crawled: 448
Added URL to results: https://anjayasejati.com/toko-belanja/?per_page=9&shop_view=grid&per_row=2 - Total in results: 449
Submitting task for: https://anjayasejati.com/toko-belanja/page/22/?per_page=9
Starting crawl of https://anjayasejati.com/toko-belanja/page/22/?per_page=9
Added URL to results: https://anjayasejati.com/toko-belanja/page/22/?per_page=9 - Total in results: 450
Submitting task for: https://anjayasejati.com/toko-belanja/page/23/?per_page=9
Starting crawl of https://anjayasejati.com/toko-belanja/page/23/?per_page=9
Added URL to results: https://anjayasejati.com/toko-belanja/?per_page=9&shop_view=grid&per_row=3 - Total in results: 451
Submitting task for: https://anjayasejati.com/toko-belanja/?per_page=12&shop_view=list
Starting crawl of https://anjayasejati.com/toko-belanja/?per_page=12&shop_view=list
get_status called - crawl_results length: 451, status: running, crawled: 451
Added URL to results: https://anjayasejati.com/toko-belanja/page/2/?per_page=9 - Total in results: 452
Submitting task for: https://anjayasejati.com/toko-belanja/?per_page=12&shop_view=grid&per_row=2
Starting crawl of https://anjayasejati.com/toko-belanja/?per_page=12&shop_view=grid&per_row=2
get_status called - crawl_results length: 452, status: running, crawled: 452
Added URL to results: https://anjayasejati.com/toko-belanja/page/4/?per_page=9 - Total in results: 453
Submitting task for: https://anjayasejati.com/toko-belanja/?per_page=12&shop_view=grid&per_row=3
Starting crawl of https://anjayasejati.com/toko-belanja/?per_page=12&shop_view=grid&per_row=3
Added URL to results: https://anjayasejati.com/toko-belanja/page/21/?per_page=9 - Total in results: 454
Submitting task for: https://anjayasejati.com/toko-belanja/?per_page=12&shop_view=grid&per_row=4
Starting crawl of https://anjayasejati.com/toko-belanja/?per_page=12&shop_view=grid&per_row=4
Added URL to results: https://anjayasejati.com/toko-belanja/?per_page=12&shop_view=grid&per_row=4 - Total in results: 455
Submitting task for: https://anjayasejati.com/toko-belanja/page/2/?per_page=12
Starting crawl of https://anjayasejati.com/toko-belanja/page/2/?per_page=12
get_status called - crawl_results length: 455, status: running, crawled: 455
Saved 50 URLs to database for crawl 1
Added URL to results: https://anjayasejati.com/toko-belanja/?per_page=12&shop_view=list - Total in results: 456
Submitting task for: https://anjayasejati.com/toko-belanja/page/3/?per_page=12
Starting crawl of https://anjayasejati.com/toko-belanja/page/3/?per_page=12
Saved 5762 links to database for crawl 1
Saved 179 issues to database for crawl 1
Saved batch to database for crawl 1
Added URL to results: https://anjayasejati.com/toko-belanja/page/23/?per_page=9 - Total in results: 457
Submitting task for: https://anjayasejati.com/toko-belanja/page/4/?per_page=12
Starting crawl of https://anjayasejati.com/toko-belanja/page/4/?per_page=12
Added URL to results: https://anjayasejati.com/toko-belanja/page/4/?per_page=12 - Total in results: 458
Submitting task for: https://anjayasejati.com/toko-belanja/page/15/?per_page=12
Starting crawl of https://anjayasejati.com/toko-belanja/page/15/?per_page=12
get_status called - crawl_results length: 458, status: running, crawled: 458
Added URL to results: https://anjayasejati.com/toko-belanja/?per_page=12&shop_view=grid&per_row=2 - Total in results: 459
Submitting task for: https://anjayasejati.com/toko-belanja/page/16/?per_page=12
Starting crawl of https://anjayasejati.com/toko-belanja/page/16/?per_page=12
get_status called - crawl_results length: 459, status: running, crawled: 459
Added URL to results: https://anjayasejati.com/toko-belanja/?per_page=12&shop_view=grid&per_row=3 - Total in results: 460
Submitting task for: https://anjayasejati.com/toko-belanja/page/17/?per_page=12
Starting crawl of https://anjayasejati.com/toko-belanja/page/17/?per_page=12
Added URL to results: https://anjayasejati.com/toko-belanja/page/2/?per_page=12 - Total in results: 461
Submitting task for: https://anjayasejati.com/toko-belanja/?per_page=18&shop_view=list
Starting crawl of https://anjayasejati.com/toko-belanja/?per_page=18&shop_view=list
get_status called - crawl_results length: 461, status: running, crawled: 461
Added URL to results: https://anjayasejati.com/toko-belanja/page/3/?per_page=12 - Total in results: 462
Submitting task for: https://anjayasejati.com/toko-belanja/?per_page=18&shop_view=grid&per_row=2
Starting crawl of https://anjayasejati.com/toko-belanja/?per_page=18&shop_view=grid&per_row=2
get_status called - crawl_results length: 462, status: running, crawled: 462
Added URL to results: https://anjayasejati.com/toko-belanja/page/15/?per_page=12 - Total in results: 463
Submitting task for: https://anjayasejati.com/toko-belanja/?per_page=18&shop_view=grid&per_row=3
Starting crawl of https://anjayasejati.com/toko-belanja/?per_page=18&shop_view=grid&per_row=3
Added URL to results: https://anjayasejati.com/toko-belanja/page/16/?per_page=12 - Total in results: 464
Submitting task for: https://anjayasejati.com/toko-belanja/?per_page=18&shop_view=grid&per_row=4
Starting crawl of https://anjayasejati.com/toko-belanja/?per_page=18&shop_view=grid&per_row=4
get_status called - crawl_results length: 464, status: running, crawled: 464
Added URL to results: https://anjayasejati.com/toko-belanja/page/17/?per_page=12 - Total in results: 465
Submitting task for: https://anjayasejati.com/toko-belanja/page/2/?per_page=18
Starting crawl of https://anjayasejati.com/toko-belanja/page/2/?per_page=18
Added URL to results: https://anjayasejati.com/toko-belanja/?per_page=18&shop_view=list - Total in results: 466
Submitting task for: https://anjayasejati.com/toko-belanja/page/3/?per_page=18
Starting crawl of https://anjayasejati.com/toko-belanja/page/3/?per_page=18
Added URL to results: https://anjayasejati.com/toko-belanja/page/2/?per_page=18 - Total in results: 467
Submitting task for: https://anjayasejati.com/toko-belanja/page/4/?per_page=18
Starting crawl of https://anjayasejati.com/toko-belanja/page/4/?per_page=18
Added URL to results: https://anjayasejati.com/toko-belanja/page/3/?per_page=18 - Total in results: 468
Submitting task for: https://anjayasejati.com/toko-belanja/page/10/?per_page=18
Starting crawl of https://anjayasejati.com/toko-belanja/page/10/?per_page=18
get_status called - crawl_results length: 468, status: running, crawled: 468
Added URL to results: https://anjayasejati.com/toko-belanja/page/4/?per_page=18 - Total in results: 469
Submitting task for: https://anjayasejati.com/toko-belanja/page/11/?per_page=18
Starting crawl of https://anjayasejati.com/toko-belanja/page/11/?per_page=18
Added URL to results: https://anjayasejati.com/toko-belanja/page/11/?per_page=18 - Total in results: 470
Submitting task for: https://anjayasejati.com/toko-belanja/page/12/?per_page=18
Starting crawl of https://anjayasejati.com/toko-belanja/page/12/?per_page=18
Added URL to results: https://anjayasejati.com/toko-belanja/page/12/?per_page=18 - Total in results: 471
Submitting task for: https://anjayasejati.com/toko-belanja/?per_row=2&shop_view=grid&per_page=9
Starting crawl of https://anjayasejati.com/toko-belanja/?per_row=2&shop_view=grid&per_page=9
Added URL to results: https://anjayasejati.com/toko-belanja/?per_page=18&shop_view=grid&per_row=2 - Total in results: 472
Submitting task for: https://anjayasejati.com/toko-belanja/?per_row=2&shop_view=grid&per_page=12
Starting crawl of https://anjayasejati.com/toko-belanja/?per_row=2&shop_view=grid&per_page=12
Added URL to results: https://anjayasejati.com/toko-belanja/?per_row=2&shop_view=grid&per_page=9 - Total in results: 473
Submitting task for: https://anjayasejati.com/toko-belanja/?per_row=2&shop_view=grid&per_page=18
Starting crawl of https://anjayasejati.com/toko-belanja/?per_row=2&shop_view=grid&per_page=18
Added URL to results: https://anjayasejati.com/toko-belanja/?per_row=2&shop_view=grid&per_page=18 - Total in results: 474
Submitting task for: https://anjayasejati.com/toko-belanja/?per_row=2&shop_view=grid&per_page=24
Starting crawl of https://anjayasejati.com/toko-belanja/?per_row=2&shop_view=grid&per_page=24
Added URL to results: https://anjayasejati.com/toko-belanja/?per_page=18&shop_view=grid&per_row=3 - Total in results: 475
Submitting task for: https://anjayasejati.com/toko-belanja/?per_row=2&shop_view=list
Starting crawl of https://anjayasejati.com/toko-belanja/?per_row=2&shop_view=list
get_status called - crawl_results length: 475, status: running, crawled: 475
Added URL to results: https://anjayasejati.com/toko-belanja/?per_row=2&shop_view=list - Total in results: 476
Submitting task for: https://anjayasejati.com/toko-belanja/?per_row=2&shop_view=grid
Starting crawl of https://anjayasejati.com/toko-belanja/?per_row=2&shop_view=grid
Added URL to results: https://anjayasejati.com/toko-belanja/?per_page=18&shop_view=grid&per_row=4 - Total in results: 477
Submitting task for: https://anjayasejati.com/toko-belanja/?per_row=3&shop_view=grid
Starting crawl of https://anjayasejati.com/toko-belanja/?per_row=3&shop_view=grid
get_status called - crawl_results length: 477, status: running, crawled: 477
Added URL to results: https://anjayasejati.com/toko-belanja/page/10/?per_page=18 - Total in results: 478
Submitting task for: https://anjayasejati.com/toko-belanja/?per_row=4&shop_view=grid
Starting crawl of https://anjayasejati.com/toko-belanja/?per_row=4&shop_view=grid
get_status called - crawl_results length: 478, status: running, crawled: 478
Added URL to results: https://anjayasejati.com/toko-belanja/?per_row=2&shop_view=grid&per_page=12 - Total in results: 479
Submitting task for: https://anjayasejati.com/toko-belanja/page/2/?shop_view=grid&per_row=2
Starting crawl of https://anjayasejati.com/toko-belanja/page/2/?shop_view=grid&per_row=2
Added URL to results: https://anjayasejati.com/toko-belanja/page/2/?shop_view=grid&per_row=2 - Total in results: 480
Submitting task for: https://anjayasejati.com/toko-belanja/page/3/?shop_view=grid&per_row=2
Starting crawl of https://anjayasejati.com/toko-belanja/page/3/?shop_view=grid&per_row=2
Added URL to results: https://anjayasejati.com/toko-belanja/page/3/?shop_view=grid&per_row=2 - Total in results: 481
Submitting task for: https://anjayasejati.com/toko-belanja/page/4/?shop_view=grid&per_row=2
Starting crawl of https://anjayasejati.com/toko-belanja/page/4/?shop_view=grid&per_row=2
Added URL to results: https://anjayasejati.com/toko-belanja/?per_row=2&shop_view=grid&per_page=24 - Total in results: 482
Submitting task for: https://anjayasejati.com/toko-belanja/page/15/?shop_view=grid&per_row=2
Starting crawl of https://anjayasejati.com/toko-belanja/page/15/?shop_view=grid&per_row=2
get_status called - crawl_results length: 482, status: running, crawled: 482
Added URL to results: https://anjayasejati.com/toko-belanja/page/15/?shop_view=grid&per_row=2 - Total in results: 483
Submitting task for: https://anjayasejati.com/toko-belanja/page/16/?shop_view=grid&per_row=2
Starting crawl of https://anjayasejati.com/toko-belanja/page/16/?shop_view=grid&per_row=2
Added URL to results: https://anjayasejati.com/toko-belanja/?per_row=2&shop_view=grid - Total in results: 484
Submitting task for: https://anjayasejati.com/toko-belanja/page/17/?shop_view=grid&per_row=2
Starting crawl of https://anjayasejati.com/toko-belanja/page/17/?shop_view=grid&per_row=2
Added URL to results: https://anjayasejati.com/toko-belanja/?per_row=3&shop_view=grid - Total in results: 485
Submitting task for: https://anjayasejati.com/toko-belanja/?per_page=24&shop_view=list
Starting crawl of https://anjayasejati.com/toko-belanja/?per_page=24&shop_view=list
get_status called - crawl_results length: 485, status: running, crawled: 485
Added URL to results: https://anjayasejati.com/toko-belanja/?per_row=4&shop_view=grid - Total in results: 486
Submitting task for: https://anjayasejati.com/toko-belanja/?per_page=24&shop_view=grid&per_row=2
Starting crawl of https://anjayasejati.com/toko-belanja/?per_page=24&shop_view=grid&per_row=2
get_status called - crawl_results length: 486, status: running, crawled: 486
Added URL to results: https://anjayasejati.com/toko-belanja/page/17/?shop_view=grid&per_row=2 - Total in results: 487
Submitting task for: https://anjayasejati.com/toko-belanja/?per_page=24&shop_view=grid&per_row=3
Starting crawl of https://anjayasejati.com/toko-belanja/?per_page=24&shop_view=grid&per_row=3
Added URL to results: https://anjayasejati.com/toko-belanja/page/16/?shop_view=grid&per_row=2 - Total in results: 488
Submitting task for: https://anjayasejati.com/toko-belanja/?per_page=24&shop_view=grid&per_row=4
Starting crawl of https://anjayasejati.com/toko-belanja/?per_page=24&shop_view=grid&per_row=4
Added URL to results: https://anjayasejati.com/toko-belanja/page/4/?shop_view=grid&per_row=2 - Total in results: 489
Submitting task for: https://anjayasejati.com/toko-belanja/page/2/?per_page=24
Starting crawl of https://anjayasejati.com/toko-belanja/page/2/?per_page=24
get_status called - crawl_results length: 489, status: running, crawled: 489
Added URL to results: https://anjayasejati.com/toko-belanja/?per_page=24&shop_view=list - Total in results: 490
Submitting task for: https://anjayasejati.com/toko-belanja/page/3/?per_page=24
Starting crawl of https://anjayasejati.com/toko-belanja/page/3/?per_page=24
get_status called - crawl_results length: 490, status: running, crawled: 490
get_status called - crawl_results length: 490, status: running, crawled: 490
Added URL to results: https://anjayasejati.com/toko-belanja/?per_page=24&shop_view=grid&per_row=2 - Total in results: 491
Submitting task for: https://anjayasejati.com/toko-belanja/page/4/?per_page=24
Starting crawl of https://anjayasejati.com/toko-belanja/page/4/?per_page=24
get_status called - crawl_results length: 491, status: running, crawled: 491
Added URL to results: https://anjayasejati.com/toko-belanja/?per_page=24&shop_view=grid&per_row=3 - Total in results: 492
Submitting task for: https://anjayasejati.com/toko-belanja/page/7/?per_page=24
Starting crawl of https://anjayasejati.com/toko-belanja/page/7/?per_page=24
Added URL to results: https://anjayasejati.com/toko-belanja/page/2/?per_page=24 - Total in results: 493
Submitting task for: https://anjayasejati.com/toko-belanja/page/8/?per_page=24
Starting crawl of https://anjayasejati.com/toko-belanja/page/8/?per_page=24
Added URL to results: https://anjayasejati.com/toko-belanja/?per_page=24&shop_view=grid&per_row=4 - Total in results: 494
Submitting task for: https://anjayasejati.com/toko-belanja/page/9/?per_page=24
Starting crawl of https://anjayasejati.com/toko-belanja/page/9/?per_page=24
get_status called - crawl_results length: 494, status: running, crawled: 494
Added URL to results: https://anjayasejati.com/toko-belanja/page/3/?per_page=24 - Total in results: 495
Submitting task for: https://anjayasejati.com/toko-belanja/?shop_view=list&per_page=9
Starting crawl of https://anjayasejati.com/toko-belanja/?shop_view=list&per_page=9
get_status called - crawl_results length: 495, status: running, crawled: 495
Added URL to results: https://anjayasejati.com/toko-belanja/page/4/?per_page=24 - Total in results: 496
Submitting task for: https://anjayasejati.com/toko-belanja/?shop_view=list&per_page=12
Starting crawl of https://anjayasejati.com/toko-belanja/?shop_view=list&per_page=12
get_status called - crawl_results length: 496, status: running, crawled: 496
Added URL to results: https://anjayasejati.com/toko-belanja/page/9/?per_page=24 - Total in results: 497
Submitting task for: https://anjayasejati.com/toko-belanja/?shop_view=list&per_page=18
Starting crawl of https://anjayasejati.com/toko-belanja/?shop_view=list&per_page=18
Added URL to results: https://anjayasejati.com/toko-belanja/page/7/?per_page=24 - Total in results: 498
Submitting task for: https://anjayasejati.com/toko-belanja/?shop_view=list&per_page=24
Starting crawl of https://anjayasejati.com/toko-belanja/?shop_view=list&per_page=24
Added URL to results: https://anjayasejati.com/toko-belanja/page/8/?per_page=24 - Total in results: 499
Submitting task for: https://anjayasejati.com/toko-belanja/page/2/?shop_view=list
Starting crawl of https://anjayasejati.com/toko-belanja/page/2/?shop_view=list
Added URL to results: https://anjayasejati.com/toko-belanja/?shop_view=list&per_page=18 - Total in results: 500
Submitting task for: https://anjayasejati.com/toko-belanja/page/3/?shop_view=list
Starting crawl of https://anjayasejati.com/toko-belanja/page/3/?shop_view=list
get_status called - crawl_results length: 500, status: running, crawled: 500
Added URL to results: https://anjayasejati.com/toko-belanja/?shop_view=list&per_page=9 - Total in results: 501
Submitting task for: https://anjayasejati.com/toko-belanja/page/4/?shop_view=list
Starting crawl of https://anjayasejati.com/toko-belanja/page/4/?shop_view=list
get_status called - crawl_results length: 501, status: running, crawled: 501
Added URL to results: https://anjayasejati.com/toko-belanja/?shop_view=list&per_page=12 - Total in results: 502
Submitting task for: https://anjayasejati.com/toko-belanja/page/7/?shop_view=list
Starting crawl of https://anjayasejati.com/toko-belanja/page/7/?shop_view=list
get_status called - crawl_results length: 502, status: running, crawled: 502
Added URL to results: https://anjayasejati.com/toko-belanja/?shop_view=list&per_page=24 - Total in results: 503
Submitting task for: https://anjayasejati.com/toko-belanja/page/8/?shop_view=list
Starting crawl of https://anjayasejati.com/toko-belanja/page/8/?shop_view=list
get_status called - crawl_results length: 503, status: running, crawled: 503
Added URL to results: https://anjayasejati.com/toko-belanja/page/2/?shop_view=list - Total in results: 504
Added URL to results: https://anjayasejati.com/toko-belanja/page/3/?shop_view=list - Total in results: 505
Submitting task for: https://anjayasejati.com/toko-belanja/page/9/?shop_view=list
Submitting task for: https://anjayasejati.com/toko-belanja/?per_row=3&shop_view=grid&per_page=9
Starting crawl of https://anjayasejati.com/toko-belanja/page/9/?shop_view=list
Starting crawl of https://anjayasejati.com/toko-belanja/?per_row=3&shop_view=grid&per_page=9
Saved 50 URLs to database for crawl 1
Saved 6441 links to database for crawl 1
Saved 142 issues to database for crawl 1
Saved batch to database for crawl 1
Added URL to results: https://anjayasejati.com/toko-belanja/page/4/?shop_view=list - Total in results: 506
Submitting task for: https://anjayasejati.com/toko-belanja/?per_row=3&shop_view=grid&per_page=12
Starting crawl of https://anjayasejati.com/toko-belanja/?per_row=3&shop_view=grid&per_page=12
get_status called - crawl_results length: 506, status: running, crawled: 506
Added URL to results: https://anjayasejati.com/toko-belanja/page/7/?shop_view=list - Total in results: 507
Submitting task for: https://anjayasejati.com/toko-belanja/?per_row=3&shop_view=grid&per_page=18
Starting crawl of https://anjayasejati.com/toko-belanja/?per_row=3&shop_view=grid&per_page=18
get_status called - crawl_results length: 507, status: running, crawled: 507
Added URL to results: https://anjayasejati.com/toko-belanja/page/8/?shop_view=list - Total in results: 508
Submitting task for: https://anjayasejati.com/toko-belanja/?per_row=3&shop_view=grid&per_page=24
Starting crawl of https://anjayasejati.com/toko-belanja/?per_row=3&shop_view=grid&per_page=24
get_status called - crawl_results length: 508, status: running, crawled: 508
Added URL to results: https://anjayasejati.com/toko-belanja/page/9/?shop_view=list - Total in results: 509
Submitting task for: https://anjayasejati.com/toko-belanja/?per_row=3&shop_view=list
Starting crawl of https://anjayasejati.com/toko-belanja/?per_row=3&shop_view=list
Added URL to results: https://anjayasejati.com/toko-belanja/?per_row=3&shop_view=grid&per_page=9 - Total in results: 510
Submitting task for: https://anjayasejati.com/toko-belanja/page/2/?shop_view=grid&per_row=3
Starting crawl of https://anjayasejati.com/toko-belanja/page/2/?shop_view=grid&per_row=3
Added URL to results: https://anjayasejati.com/toko-belanja/?per_row=3&shop_view=list - Total in results: 511
Submitting task for: https://anjayasejati.com/toko-belanja/page/3/?shop_view=grid&per_row=3
Starting crawl of https://anjayasejati.com/toko-belanja/page/3/?shop_view=grid&per_row=3
Added URL to results: https://anjayasejati.com/toko-belanja/?per_row=3&shop_view=grid&per_page=12 - Total in results: 512
Submitting task for: https://anjayasejati.com/toko-belanja/page/4/?shop_view=grid&per_row=3
Starting crawl of https://anjayasejati.com/toko-belanja/page/4/?shop_view=grid&per_row=3
Added URL to results: https://anjayasejati.com/toko-belanja/page/4/?shop_view=grid&per_row=3 - Total in results: 513
Submitting task for: https://anjayasejati.com/toko-belanja/page/7/?shop_view=grid&per_row=3
Starting crawl of https://anjayasejati.com/toko-belanja/page/7/?shop_view=grid&per_row=3
get_status called - crawl_results length: 513, status: running, crawled: 513
get_status called - crawl_results length: 513, status: running, crawled: 513
Added URL to results: https://anjayasejati.com/toko-belanja/?per_row=3&shop_view=grid&per_page=18 - Total in results: 514
Submitting task for: https://anjayasejati.com/toko-belanja/page/8/?shop_view=grid&per_row=3
Starting crawl of https://anjayasejati.com/toko-belanja/page/8/?shop_view=grid&per_row=3
get_status called - crawl_results length: 514, status: running, crawled: 514
Added URL to results: https://anjayasejati.com/toko-belanja/?per_row=3&shop_view=grid&per_page=24 - Total in results: 515
Submitting task for: https://anjayasejati.com/toko-belanja/page/9/?shop_view=grid&per_row=3
Starting crawl of https://anjayasejati.com/toko-belanja/page/9/?shop_view=grid&per_row=3
Added URL to results: https://anjayasejati.com/toko-belanja/page/9/?shop_view=grid&per_row=3 - Total in results: 516
Submitting task for: https://anjayasejati.com/toko-belanja/?per_row=4&shop_view=grid&per_page=9
Starting crawl of https://anjayasejati.com/toko-belanja/?per_row=4&shop_view=grid&per_page=9
get_status called - crawl_results length: 516, status: running, crawled: 516
Added URL to results: https://anjayasejati.com/toko-belanja/?per_row=4&shop_view=grid&per_page=9 - Total in results: 517
Submitting task for: https://anjayasejati.com/toko-belanja/?per_row=4&shop_view=grid&per_page=12
Starting crawl of https://anjayasejati.com/toko-belanja/?per_row=4&shop_view=grid&per_page=12
Added URL to results: https://anjayasejati.com/toko-belanja/page/2/?shop_view=grid&per_row=3 - Total in results: 518
Submitting task for: https://anjayasejati.com/toko-belanja/?per_row=4&shop_view=grid&per_page=18
Starting crawl of https://anjayasejati.com/toko-belanja/?per_row=4&shop_view=grid&per_page=18
Added URL to results: https://anjayasejati.com/toko-belanja/page/3/?shop_view=grid&per_row=3 - Total in results: 519
Submitting task for: https://anjayasejati.com/toko-belanja/?per_row=4&shop_view=grid&per_page=24
Starting crawl of https://anjayasejati.com/toko-belanja/?per_row=4&shop_view=grid&per_page=24
Added URL to results: https://anjayasejati.com/toko-belanja/?per_row=4&shop_view=grid&per_page=24 - Total in results: 520
Submitting task for: https://anjayasejati.com/toko-belanja/?per_row=4&shop_view=list
Starting crawl of https://anjayasejati.com/toko-belanja/?per_row=4&shop_view=list
Added URL to results: https://anjayasejati.com/toko-belanja/page/7/?shop_view=grid&per_row=3 - Total in results: 521
Submitting task for: https://anjayasejati.com/toko-belanja/page/2/?shop_view=grid&per_row=4
Starting crawl of https://anjayasejati.com/toko-belanja/page/2/?shop_view=grid&per_row=4
get_status called - crawl_results length: 521, status: running, crawled: 521
Added URL to results: https://anjayasejati.com/toko-belanja/page/8/?shop_view=grid&per_row=3 - Total in results: 522
Submitting task for: https://anjayasejati.com/toko-belanja/page/3/?shop_view=grid&per_row=4
Starting crawl of https://anjayasejati.com/toko-belanja/page/3/?shop_view=grid&per_row=4
get_status called - crawl_results length: 522, status: running, crawled: 522
get_status called - crawl_results length: 522, status: running, crawled: 522
Added URL to results: https://anjayasejati.com/toko-belanja/?per_row=4&shop_view=grid&per_page=12 - Total in results: 523
Submitting task for: https://anjayasejati.com/toko-belanja/page/4/?shop_view=grid&per_row=4
Starting crawl of https://anjayasejati.com/toko-belanja/page/4/?shop_view=grid&per_row=4
Added URL to results: https://anjayasejati.com/toko-belanja/?per_row=4&shop_view=grid&per_page=18 - Total in results: 524
Submitting task for: https://anjayasejati.com/toko-belanja/page/7/?shop_view=grid&per_row=4
Starting crawl of https://anjayasejati.com/toko-belanja/page/7/?shop_view=grid&per_row=4
Added URL to results: https://anjayasejati.com/toko-belanja/page/7/?shop_view=grid&per_row=4 - Total in results: 525
Submitting task for: https://anjayasejati.com/toko-belanja/page/8/?shop_view=grid&per_row=4
Starting crawl of https://anjayasejati.com/toko-belanja/page/8/?shop_view=grid&per_row=4
get_status called - crawl_results length: 525, status: running, crawled: 525
Added URL to results: https://anjayasejati.com/toko-belanja/?per_row=4&shop_view=list - Total in results: 526
Submitting task for: https://anjayasejati.com/toko-belanja/page/9/?shop_view=grid&per_row=4
Starting crawl of https://anjayasejati.com/toko-belanja/page/9/?shop_view=grid&per_row=4
Added URL to results: https://anjayasejati.com/toko-belanja/page/2/?shop_view=grid&per_row=4 - Total in results: 527
Submitting task for: https://anjayasejati.com/toko-belanja/page/14/
Starting crawl of https://anjayasejati.com/toko-belanja/page/14/
get_status called - crawl_results length: 527, status: running, crawled: 527
Added URL to results: https://anjayasejati.com/toko-belanja/page/3/?shop_view=grid&per_row=4 - Total in results: 528
Submitting task for: https://anjayasejati.com/toko-belanja/page/1/
Starting crawl of https://anjayasejati.com/toko-belanja/page/1/
get_status called - crawl_results length: 528, status: running, crawled: 528
Added URL to results: https://anjayasejati.com/toko-belanja/page/4/?shop_view=grid&per_row=4 - Total in results: 529
Submitting task for: https://anjayasejati.com/toko-belanja/page/12/
Starting crawl of https://anjayasejati.com/toko-belanja/page/12/
Added URL to results: https://anjayasejati.com/toko-belanja/page/12/ - Total in results: 530
Submitting task for: https://anjayasejati.com/toko-belanja/page/13/
Starting crawl of https://anjayasejati.com/toko-belanja/page/13/
get_status called - crawl_results length: 530, status: running, crawled: 530
Added URL to results: https://anjayasejati.com/toko-belanja/page/14/ - Total in results: 531
Submitting task for: https://anjayasejati.com/toko-belanja/page/5/
Starting crawl of https://anjayasejati.com/toko-belanja/page/5/
Added URL to results: https://anjayasejati.com/toko-belanja/page/8/?shop_view=grid&per_row=4 - Total in results: 532
Submitting task for: https://anjayasejati.com/toko-belanja/page/7/
Starting crawl of https://anjayasejati.com/toko-belanja/page/7/
Added URL to results: https://anjayasejati.com/toko-belanja/page/1/ - Total in results: 533
Submitting task for: https://anjayasejati.com/toko-belanja/page/8/
Starting crawl of https://anjayasejati.com/toko-belanja/page/8/
Added URL to results: https://anjayasejati.com/toko-belanja/page/9/?shop_view=grid&per_row=4 - Total in results: 534
Submitting task for: https://anjayasejati.com/toko-belanja/page/9/
Starting crawl of https://anjayasejati.com/toko-belanja/page/9/
Added URL to results: https://anjayasejati.com/toko-belanja/page/8/ - Total in results: 535
Submitting task for: https://anjayasejati.com/product-category/perlengkapan-sekolah-kantor/?per_page=12&shop_view=list
Starting crawl of https://anjayasejati.com/product-category/perlengkapan-sekolah-kantor/?per_page=12&shop_view=list
get_status called - crawl_results length: 535, status: running, crawled: 535
get_status called - crawl_results length: 535, status: running, crawled: 535
Added URL to results: https://anjayasejati.com/toko-belanja/page/13/ - Total in results: 536
Submitting task for: https://anjayasejati.com/product-category/perlengkapan-sekolah-kantor/?per_page=12&shop_view=grid&per_row=2
Starting crawl of https://anjayasejati.com/product-category/perlengkapan-sekolah-kantor/?per_page=12&shop_view=grid&per_row=2
get_status called - crawl_results length: 536, status: running, crawled: 536
Added URL to results: https://anjayasejati.com/toko-belanja/page/5/ - Total in results: 537
Submitting task for: https://anjayasejati.com/product-category/perlengkapan-sekolah-kantor/?per_page=12&shop_view=grid&per_row=3
Starting crawl of https://anjayasejati.com/product-category/perlengkapan-sekolah-kantor/?per_page=12&shop_view=grid&per_row=3
Added URL to results: https://anjayasejati.com/toko-belanja/page/7/ - Total in results: 538
Submitting task for: https://anjayasejati.com/product-category/perlengkapan-sekolah-kantor/?per_page=12&shop_view=grid&per_row=4
Starting crawl of https://anjayasejati.com/product-category/perlengkapan-sekolah-kantor/?per_page=12&shop_view=grid&per_row=4
Added URL to results: https://anjayasejati.com/product-category/perlengkapan-sekolah-kantor/?per_page=12&shop_view=list - Total in results: 539
Submitting task for: https://anjayasejati.com/product-category/perlengkapan-sekolah-kantor/page/2/?per_page=12
Starting crawl of https://anjayasejati.com/product-category/perlengkapan-sekolah-kantor/page/2/?per_page=12
Added URL to results: https://anjayasejati.com/toko-belanja/page/9/ - Total in results: 540
Submitting task for: https://anjayasejati.com/product-category/perlengkapan-sekolah-kantor/page/3/?per_page=12
Starting crawl of https://anjayasejati.com/product-category/perlengkapan-sekolah-kantor/page/3/?per_page=12
Added URL to results: https://anjayasejati.com/product-category/perlengkapan-sekolah-kantor/?per_page=12&shop_view=grid&per_row=4 - Total in results: 541
get_status called - crawl_results length: 541, status: running, crawled: 541
Submitting task for: https://anjayasejati.com/product-category/perlengkapan-sekolah-kantor/page/4/?per_page=12
Starting crawl of https://anjayasejati.com/product-category/perlengkapan-sekolah-kantor/page/4/?per_page=12
Added URL to results: https://anjayasejati.com/product-category/perlengkapan-sekolah-kantor/page/2/?per_page=12 - Total in results: 542
Submitting task for: https://anjayasejati.com/product-category/perlengkapan-sekolah-kantor/page/8/?per_page=12
Starting crawl of https://anjayasejati.com/product-category/perlengkapan-sekolah-kantor/page/8/?per_page=12
Added URL to results: https://anjayasejati.com/product-category/perlengkapan-sekolah-kantor/page/4/?per_page=12 - Total in results: 543
Submitting task for: https://anjayasejati.com/product-category/perlengkapan-sekolah-kantor/page/9/?per_page=12
Starting crawl of https://anjayasejati.com/product-category/perlengkapan-sekolah-kantor/page/9/?per_page=12
Added URL to results: https://anjayasejati.com/product-category/perlengkapan-sekolah-kantor/?per_page=12&shop_view=grid&per_row=2 - Total in results: 544
Submitting task for: https://anjayasejati.com/product-category/perlengkapan-sekolah-kantor/page/10/?per_page=12
Starting crawl of https://anjayasejati.com/product-category/perlengkapan-sekolah-kantor/page/10/?per_page=12
get_status called - crawl_results length: 544, status: running, crawled: 544
Added URL to results: https://anjayasejati.com/product-category/perlengkapan-sekolah-kantor/page/10/?per_page=12 - Total in results: 545
Submitting task for: https://anjayasejati.com/toko-belanja/page/6/
Starting crawl of https://anjayasejati.com/toko-belanja/page/6/
get_status called - crawl_results length: 545, status: running, crawled: 545
Added URL to results: https://anjayasejati.com/product-category/perlengkapan-sekolah-kantor/?per_page=12&shop_view=grid&per_row=3 - Total in results: 546
Submitting task for: https://anjayasejati.com/product-category/perlengkapan-sekolah-kantor/?per_page=9&shop_view=list
Starting crawl of https://anjayasejati.com/product-category/perlengkapan-sekolah-kantor/?per_page=9&shop_view=list
Added URL to results: https://anjayasejati.com/product-category/perlengkapan-sekolah-kantor/page/3/?per_page=12 - Total in results: 547
Submitting task for: https://anjayasejati.com/product-category/perlengkapan-sekolah-kantor/?per_page=9&shop_view=grid&per_row=2
Starting crawl of https://anjayasejati.com/product-category/perlengkapan-sekolah-kantor/?per_page=9&shop_view=grid&per_row=2
get_status called - crawl_results length: 547, status: running, crawled: 547
Added URL to results: https://anjayasejati.com/product-category/perlengkapan-sekolah-kantor/page/8/?per_page=12 - Total in results: 548
Submitting task for: https://anjayasejati.com/product-category/perlengkapan-sekolah-kantor/?per_page=9&shop_view=grid&per_row=3
Starting crawl of https://anjayasejati.com/product-category/perlengkapan-sekolah-kantor/?per_page=9&shop_view=grid&per_row=3
Added URL to results: https://anjayasejati.com/product-category/perlengkapan-sekolah-kantor/page/9/?per_page=12 - Total in results: 549
Submitting task for: https://anjayasejati.com/product-category/perlengkapan-sekolah-kantor/?per_page=9&shop_view=grid&per_row=4
Starting crawl of https://anjayasejati.com/product-category/perlengkapan-sekolah-kantor/?per_page=9&shop_view=grid&per_row=4
Added URL to results: https://anjayasejati.com/product-category/perlengkapan-sekolah-kantor/?per_page=9&shop_view=grid&per_row=3 - Total in results: 550
Submitting task for: https://anjayasejati.com/product-category/perlengkapan-sekolah-kantor/page/2/?per_page=9
Starting crawl of https://anjayasejati.com/product-category/perlengkapan-sekolah-kantor/page/2/?per_page=9
get_status called - crawl_results length: 550, status: running, crawled: 550
Added URL to results: https://anjayasejati.com/toko-belanja/page/6/ - Total in results: 551
Submitting task for: https://anjayasejati.com/product-category/perlengkapan-sekolah-kantor/page/3/?per_page=9
Starting crawl of https://anjayasejati.com/product-category/perlengkapan-sekolah-kantor/page/3/?per_page=9
Added URL to results: https://anjayasejati.com/product-category/perlengkapan-sekolah-kantor/page/3/?per_page=9 - Total in results: 552
Submitting task for: https://anjayasejati.com/product-category/perlengkapan-sekolah-kantor/page/4/?per_page=9
Starting crawl of https://anjayasejati.com/product-category/perlengkapan-sekolah-kantor/page/4/?per_page=9
get_status called - crawl_results length: 552, status: running, crawled: 552
Added URL to results: https://anjayasejati.com/product-category/perlengkapan-sekolah-kantor/?per_page=9&shop_view=list - Total in results: 553
Submitting task for: https://anjayasejati.com/product-category/perlengkapan-sekolah-kantor/page/11/?per_page=9
Starting crawl of https://anjayasejati.com/product-category/perlengkapan-sekolah-kantor/page/11/?per_page=9
Added URL to results: https://anjayasejati.com/product-category/perlengkapan-sekolah-kantor/?per_page=9&shop_view=grid&per_row=2 - Total in results: 554
Submitting task for: https://anjayasejati.com/product-category/perlengkapan-sekolah-kantor/page/12/?per_page=9
Starting crawl of https://anjayasejati.com/product-category/perlengkapan-sekolah-kantor/page/12/?per_page=9
get_status called - crawl_results length: 554, status: running, crawled: 554
Added URL to results: https://anjayasejati.com/product-category/perlengkapan-sekolah-kantor/?per_page=9&shop_view=grid&per_row=4 - Total in results: 555
Submitting task for: https://anjayasejati.com/product-category/perlengkapan-sekolah-kantor/page/13/?per_page=9
Starting crawl of https://anjayasejati.com/product-category/perlengkapan-sekolah-kantor/page/13/?per_page=9
Saved 50 URLs to database for crawl 1
Saved 6340 links to database for crawl 1
Saved 138 issues to database for crawl 1
Saved batch to database for crawl 1
Added URL to results: https://anjayasejati.com/product-category/perlengkapan-sekolah-kantor/page/2/?per_page=9 - Total in results: 556
Submitting task for: https://anjayasejati.com/product-category/perlengkapan-sekolah-kantor/?per_row=2&shop_view=grid&per_page=9
Starting crawl of https://anjayasejati.com/product-category/perlengkapan-sekolah-kantor/?per_row=2&shop_view=grid&per_page=9
get_status called - crawl_results length: 556, status: running, crawled: 556
Added URL to results: https://anjayasejati.com/product-category/perlengkapan-sekolah-kantor/page/4/?per_page=9 - Total in results: 557
Submitting task for: https://anjayasejati.com/product-category/perlengkapan-sekolah-kantor/?per_row=2&shop_view=grid&per_page=12
Starting crawl of https://anjayasejati.com/product-category/perlengkapan-sekolah-kantor/?per_row=2&shop_view=grid&per_page=12
get_status called - crawl_results length: 557, status: running, crawled: 557
Added URL to results: https://anjayasejati.com/product-category/perlengkapan-sekolah-kantor/page/11/?per_page=9 - Total in results: 558
Submitting task for: https://anjayasejati.com/product-category/perlengkapan-sekolah-kantor/?per_row=2&shop_view=grid&per_page=18
Starting crawl of https://anjayasejati.com/product-category/perlengkapan-sekolah-kantor/?per_row=2&shop_view=grid&per_page=18
get_status called - crawl_results length: 558, status: running, crawled: 558
Added URL to results: https://anjayasejati.com/product-category/perlengkapan-sekolah-kantor/page/12/?per_page=9 - Total in results: 559
Submitting task for: https://anjayasejati.com/product-category/perlengkapan-sekolah-kantor/?per_row=2&shop_view=grid&per_page=24
Starting crawl of https://anjayasejati.com/product-category/perlengkapan-sekolah-kantor/?per_row=2&shop_view=grid&per_page=24
Added URL to results: https://anjayasejati.com/product-category/perlengkapan-sekolah-kantor/?per_row=2&shop_view=grid&per_page=24 - Total in results: 560
Submitting task for: https://anjayasejati.com/product-category/perlengkapan-sekolah-kantor/?per_row=2&shop_view=list
Starting crawl of https://anjayasejati.com/product-category/perlengkapan-sekolah-kantor/?per_row=2&shop_view=list
Added URL to results: https://anjayasejati.com/product-category/perlengkapan-sekolah-kantor/page/13/?per_page=9 - Total in results: 561
Submitting task for: https://anjayasejati.com/product-category/perlengkapan-sekolah-kantor/?per_row=2&shop_view=grid
Starting crawl of https://anjayasejati.com/product-category/perlengkapan-sekolah-kantor/?per_row=2&shop_view=grid
Added URL to results: https://anjayasejati.com/product-category/perlengkapan-sekolah-kantor/?per_row=2&shop_view=list - Total in results: 562
Submitting task for: https://anjayasejati.com/product-category/perlengkapan-sekolah-kantor/?per_row=3&shop_view=grid
Starting crawl of https://anjayasejati.com/product-category/perlengkapan-sekolah-kantor/?per_row=3&shop_view=grid
Added URL to results: https://anjayasejati.com/product-category/perlengkapan-sekolah-kantor/?per_row=2&shop_view=grid - Total in results: 563
Submitting task for: https://anjayasejati.com/product-category/perlengkapan-sekolah-kantor/?per_row=4&shop_view=grid
Starting crawl of https://anjayasejati.com/product-category/perlengkapan-sekolah-kantor/?per_row=4&shop_view=grid
Added URL to results: https://anjayasejati.com/product-category/perlengkapan-sekolah-kantor/?per_row=2&shop_view=grid&per_page=9 - Total in results: 564
Submitting task for: https://anjayasejati.com/product-category/perlengkapan-sekolah-kantor/page/2/?shop_view=grid&per_row=2
Starting crawl of https://anjayasejati.com/product-category/perlengkapan-sekolah-kantor/page/2/?shop_view=grid&per_row=2
Added URL to results: https://anjayasejati.com/product-category/perlengkapan-sekolah-kantor/?per_row=3&shop_view=grid - Total in results: 565
Submitting task for: https://anjayasejati.com/product-category/perlengkapan-sekolah-kantor/page/3/?shop_view=grid&per_row=2
Starting crawl of https://anjayasejati.com/product-category/perlengkapan-sekolah-kantor/page/3/?shop_view=grid&per_row=2
Added URL to results: https://anjayasejati.com/product-category/perlengkapan-sekolah-kantor/page/2/?shop_view=grid&per_row=2 - Total in results: 566
Submitting task for: https://anjayasejati.com/product-category/perlengkapan-sekolah-kantor/page/4/?shop_view=grid&per_row=2
Starting crawl of https://anjayasejati.com/product-category/perlengkapan-sekolah-kantor/page/4/?shop_view=grid&per_row=2
get_status called - crawl_results length: 566, status: running, crawled: 566
Added URL to results: https://anjayasejati.com/product-category/perlengkapan-sekolah-kantor/?per_row=2&shop_view=grid&per_page=12 - Total in results: 567
Submitting task for: https://anjayasejati.com/product-category/perlengkapan-sekolah-kantor/page/8/?shop_view=grid&per_row=2
Starting crawl of https://anjayasejati.com/product-category/perlengkapan-sekolah-kantor/page/8/?shop_view=grid&per_row=2
get_status called - crawl_results length: 567, status: running, crawled: 567
get_status called - crawl_results length: 567, status: running, crawled: 567
Added URL to results: https://anjayasejati.com/product-category/perlengkapan-sekolah-kantor/?per_row=2&shop_view=grid&per_page=18 - Total in results: 568
Submitting task for: https://anjayasejati.com/product-category/perlengkapan-sekolah-kantor/page/9/?shop_view=grid&per_row=2
Starting crawl of https://anjayasejati.com/product-category/perlengkapan-sekolah-kantor/page/9/?shop_view=grid&per_row=2
Added URL to results: https://anjayasejati.com/product-category/perlengkapan-sekolah-kantor/?per_row=4&shop_view=grid - Total in results: 569
Submitting task for: https://anjayasejati.com/product-category/perlengkapan-sekolah-kantor/page/10/?shop_view=grid&per_row=2
Starting crawl of https://anjayasejati.com/product-category/perlengkapan-sekolah-kantor/page/10/?shop_view=grid&per_row=2
Added URL to results: https://anjayasejati.com/product-category/perlengkapan-sekolah-kantor/page/10/?shop_view=grid&per_row=2 - Total in results: 570
Submitting task for: https://anjayasejati.com/product-category/perlengkapan-sekolah-kantor/?per_row=4&shop_view=grid&per_page=9
Starting crawl of https://anjayasejati.com/product-category/perlengkapan-sekolah-kantor/?per_row=4&shop_view=grid&per_page=9
Added URL to results: https://anjayasejati.com/product-category/perlengkapan-sekolah-kantor/page/3/?shop_view=grid&per_row=2 - Total in results: 571
Submitting task for: https://anjayasejati.com/product-category/perlengkapan-sekolah-kantor/?per_row=4&shop_view=grid&per_page=12
Starting crawl of https://anjayasejati.com/product-category/perlengkapan-sekolah-kantor/?per_row=4&shop_view=grid&per_page=12
Added URL to results: https://anjayasejati.com/product-category/perlengkapan-sekolah-kantor/page/4/?shop_view=grid&per_row=2 - Total in results: 572
Submitting task for: https://anjayasejati.com/product-category/perlengkapan-sekolah-kantor/?per_row=4&shop_view=grid&per_page=18
Starting crawl of https://anjayasejati.com/product-category/perlengkapan-sekolah-kantor/?per_row=4&shop_view=grid&per_page=18
get_status called - crawl_results length: 572, status: running, crawled: 572
Added URL to results: https://anjayasejati.com/product-category/perlengkapan-sekolah-kantor/?per_row=4&shop_view=grid&per_page=18 - Total in results: 573
Submitting task for: https://anjayasejati.com/product-category/perlengkapan-sekolah-kantor/?per_row=4&shop_view=grid&per_page=24
Starting crawl of https://anjayasejati.com/product-category/perlengkapan-sekolah-kantor/?per_row=4&shop_view=grid&per_page=24
Added URL to results: https://anjayasejati.com/product-category/perlengkapan-sekolah-kantor/?per_row=4&shop_view=grid&per_page=24 - Total in results: 574
Submitting task for: https://anjayasejati.com/product-category/perlengkapan-sekolah-kantor/?per_row=4&shop_view=list
Starting crawl of https://anjayasejati.com/product-category/perlengkapan-sekolah-kantor/?per_row=4&shop_view=list
Added URL to results: https://anjayasejati.com/product-category/perlengkapan-sekolah-kantor/page/8/?shop_view=grid&per_row=2 - Total in results: 575
Submitting task for: https://anjayasejati.com/product-category/perlengkapan-sekolah-kantor/page/2/?shop_view=grid&per_row=4
Starting crawl of https://anjayasejati.com/product-category/perlengkapan-sekolah-kantor/page/2/?shop_view=grid&per_row=4
Added URL to results: https://anjayasejati.com/product-category/perlengkapan-sekolah-kantor/?per_row=4&shop_view=list - Total in results: 576
Submitting task for: https://anjayasejati.com/product-category/perlengkapan-sekolah-kantor/page/3/?shop_view=grid&per_row=4
Starting crawl of https://anjayasejati.com/product-category/perlengkapan-sekolah-kantor/page/3/?shop_view=grid&per_row=4
get_status called - crawl_results length: 576, status: running, crawled: 576
Added URL to results: https://anjayasejati.com/product-category/perlengkapan-sekolah-kantor/page/9/?shop_view=grid&per_row=2 - Total in results: 577
Submitting task for: https://anjayasejati.com/product-category/perlengkapan-sekolah-kantor/page/4/?shop_view=grid&per_row=4
Starting crawl of https://anjayasejati.com/product-category/perlengkapan-sekolah-kantor/page/4/?shop_view=grid&per_row=4
Added URL to results: https://anjayasejati.com/product-category/perlengkapan-sekolah-kantor/page/4/?shop_view=grid&per_row=4 - Total in results: 578
Submitting task for: https://anjayasejati.com/product-category/perlengkapan-sekolah-kantor/page/8/?shop_view=grid&per_row=4
Starting crawl of https://anjayasejati.com/product-category/perlengkapan-sekolah-kantor/page/8/?shop_view=grid&per_row=4
Added URL to results: https://anjayasejati.com/product-category/perlengkapan-sekolah-kantor/page/8/?shop_view=grid&per_row=4 - Total in results: 579
Submitting task for: https://anjayasejati.com/product-category/perlengkapan-sekolah-kantor/page/9/?shop_view=grid&per_row=4
Starting crawl of https://anjayasejati.com/product-category/perlengkapan-sekolah-kantor/page/9/?shop_view=grid&per_row=4
get_status called - crawl_results length: 579, status: running, crawled: 579
Added URL to results: https://anjayasejati.com/product-category/perlengkapan-sekolah-kantor/?per_row=4&shop_view=grid&per_page=9 - Total in results: 580
Submitting task for: https://anjayasejati.com/product-category/perlengkapan-sekolah-kantor/page/10/?shop_view=grid&per_row=4
Starting crawl of https://anjayasejati.com/product-category/perlengkapan-sekolah-kantor/page/10/?shop_view=grid&per_row=4
Added URL to results: https://anjayasejati.com/product-category/perlengkapan-sekolah-kantor/?per_row=4&shop_view=grid&per_page=12 - Total in results: 581
Submitting task for: https://anjayasejati.com/product-category/perlengkapan-sekolah-kantor/?per_page=18&shop_view=list
Starting crawl of https://anjayasejati.com/product-category/perlengkapan-sekolah-kantor/?per_page=18&shop_view=list
Added URL to results: https://anjayasejati.com/product-category/perlengkapan-sekolah-kantor/page/10/?shop_view=grid&per_row=4 - Total in results: 582
Submitting task for: https://anjayasejati.com/product-category/perlengkapan-sekolah-kantor/?per_page=18&shop_view=grid&per_row=2
Starting crawl of https://anjayasejati.com/product-category/perlengkapan-sekolah-kantor/?per_page=18&shop_view=grid&per_row=2
get_status called - crawl_results length: 582, status: running, crawled: 582
Added URL to results: https://anjayasejati.com/product-category/perlengkapan-sekolah-kantor/?per_page=18&shop_view=grid&per_row=2 - Total in results: 583
Submitting task for: https://anjayasejati.com/product-category/perlengkapan-sekolah-kantor/?per_page=18&shop_view=grid&per_row=3
Starting crawl of https://anjayasejati.com/product-category/perlengkapan-sekolah-kantor/?per_page=18&shop_view=grid&per_row=3
Added URL to results: https://anjayasejati.com/product-category/perlengkapan-sekolah-kantor/page/2/?shop_view=grid&per_row=4 - Total in results: 584
Submitting task for: https://anjayasejati.com/product-category/perlengkapan-sekolah-kantor/?per_page=18&shop_view=grid&per_row=4
Starting crawl of https://anjayasejati.com/product-category/perlengkapan-sekolah-kantor/?per_page=18&shop_view=grid&per_row=4
Added URL to results: https://anjayasejati.com/product-category/perlengkapan-sekolah-kantor/page/3/?shop_view=grid&per_row=4 - Total in results: 585
Submitting task for: https://anjayasejati.com/product-category/perlengkapan-sekolah-kantor/page/2/?per_page=18
Starting crawl of https://anjayasejati.com/product-category/perlengkapan-sekolah-kantor/page/2/?per_page=18
Added URL to results: https://anjayasejati.com/product-category/perlengkapan-sekolah-kantor/?per_page=18&shop_view=grid&per_row=4 - Total in results: 586
Submitting task for: https://anjayasejati.com/product-category/perlengkapan-sekolah-kantor/page/3/?per_page=18
Starting crawl of https://anjayasejati.com/product-category/perlengkapan-sekolah-kantor/page/3/?per_page=18
Added URL to results: https://anjayasejati.com/product-category/perlengkapan-sekolah-kantor/page/2/?per_page=18 - Total in results: 587
Submitting task for: https://anjayasejati.com/product-category/perlengkapan-sekolah-kantor/page/4/?per_page=18
Starting crawl of https://anjayasejati.com/product-category/perlengkapan-sekolah-kantor/page/4/?per_page=18
get_status called - crawl_results length: 587, status: running, crawled: 587
Added URL to results: https://anjayasejati.com/product-category/perlengkapan-sekolah-kantor/page/9/?shop_view=grid&per_row=4 - Total in results: 588
Submitting task for: https://anjayasejati.com/product-category/perlengkapan-sekolah-kantor/page/5/?per_page=18
Starting crawl of https://anjayasejati.com/product-category/perlengkapan-sekolah-kantor/page/5/?per_page=18
get_status called - crawl_results length: 588, status: running, crawled: 588
Added URL to results: https://anjayasejati.com/product-category/perlengkapan-sekolah-kantor/page/5/?per_page=18 - Total in results: 589
Submitting task for: https://anjayasejati.com/product-category/perlengkapan-sekolah-kantor/page/6/?per_page=18
Starting crawl of https://anjayasejati.com/product-category/perlengkapan-sekolah-kantor/page/6/?per_page=18
Added URL to results: https://anjayasejati.com/product-category/perlengkapan-sekolah-kantor/?per_page=18&shop_view=list - Total in results: 590
Submitting task for: https://anjayasejati.com/product-category/perlengkapan-sekolah-kantor/page/7/?per_page=18
Starting crawl of https://anjayasejati.com/product-category/perlengkapan-sekolah-kantor/page/7/?per_page=18
get_status called - crawl_results length: 590, status: running, crawled: 590
Added URL to results: https://anjayasejati.com/product-category/perlengkapan-sekolah-kantor/?per_page=18&shop_view=grid&per_row=3 - Total in results: 591
Submitting task for: https://anjayasejati.com/product-category/perlengkapan-sekolah-kantor/page/1/
Starting crawl of https://anjayasejati.com/product-category/perlengkapan-sekolah-kantor/page/1/
Added URL to results: https://anjayasejati.com/product-category/perlengkapan-sekolah-kantor/page/3/?per_page=18 - Total in results: 592
Submitting task for: https://anjayasejati.com/product-category/perlengkapan-sekolah-kantor/page/5/
Added URL to results: https://anjayasejati.com/product-category/perlengkapan-sekolah-kantor/page/4/?per_page=18 - Total in results: 593
Starting crawl of https://anjayasejati.com/product-category/perlengkapan-sekolah-kantor/page/5/
Submitting task for: https://anjayasejati.com/product-category/perlengkapan-sekolah-kantor/page/6/
Starting crawl of https://anjayasejati.com/product-category/perlengkapan-sekolah-kantor/page/6/
Added URL to results: https://anjayasejati.com/product-category/perlengkapan-sekolah-kantor/page/5/ - Total in results: 594
Submitting task for: https://anjayasejati.com/product-category/perlengkapan-sekolah-kantor/?per_page=24&shop_view=list
get_status called - crawl_results length: 594, status: running, crawled: 594
Starting crawl of https://anjayasejati.com/product-category/perlengkapan-sekolah-kantor/?per_page=24&shop_view=list
Added URL to results: https://anjayasejati.com/product-category/perlengkapan-sekolah-kantor/?per_page=24&shop_view=list - Total in results: 595
Submitting task for: https://anjayasejati.com/product-category/perlengkapan-sekolah-kantor/?per_page=24&shop_view=grid&per_row=2
Starting crawl of https://anjayasejati.com/product-category/perlengkapan-sekolah-kantor/?per_page=24&shop_view=grid&per_row=2
Added URL to results: https://anjayasejati.com/product-category/perlengkapan-sekolah-kantor/page/6/?per_page=18 - Total in results: 596
Submitting task for: https://anjayasejati.com/product-category/perlengkapan-sekolah-kantor/?per_page=24&shop_view=grid&per_row=3
Starting crawl of https://anjayasejati.com/product-category/perlengkapan-sekolah-kantor/?per_page=24&shop_view=grid&per_row=3
Added URL to results: https://anjayasejati.com/product-category/perlengkapan-sekolah-kantor/page/1/ - Total in results: 597
Submitting task for: https://anjayasejati.com/product-category/perlengkapan-sekolah-kantor/?per_page=24&shop_view=grid&per_row=4
Starting crawl of https://anjayasejati.com/product-category/perlengkapan-sekolah-kantor/?per_page=24&shop_view=grid&per_row=4
get_status called - crawl_results length: 597, status: running, crawled: 597
Added URL to results: https://anjayasejati.com/product-category/perlengkapan-sekolah-kantor/?per_page=24&shop_view=grid&per_row=4 - Total in results: 598
Submitting task for: https://anjayasejati.com/product-category/perlengkapan-sekolah-kantor/page/2/?per_page=24
Starting crawl of https://anjayasejati.com/product-category/perlengkapan-sekolah-kantor/page/2/?per_page=24
Added URL to results: https://anjayasejati.com/product-category/perlengkapan-sekolah-kantor/page/7/?per_page=18 - Total in results: 599
Submitting task for: https://anjayasejati.com/product-category/perlengkapan-sekolah-kantor/page/3/?per_page=24
Starting crawl of https://anjayasejati.com/product-category/perlengkapan-sekolah-kantor/page/3/?per_page=24
get_status called - crawl_results length: 599, status: running, crawled: 599
Added URL to results: https://anjayasejati.com/product-category/perlengkapan-sekolah-kantor/page/6/ - Total in results: 600
Submitting task for: https://anjayasejati.com/product-category/perlengkapan-sekolah-kantor/page/4/?per_page=24
Starting crawl of https://anjayasejati.com/product-category/perlengkapan-sekolah-kantor/page/4/?per_page=24
get_status called - crawl_results length: 600, status: running, crawled: 600
Added URL to results: https://anjayasejati.com/product-category/perlengkapan-sekolah-kantor/?per_page=24&shop_view=grid&per_row=2 - Total in results: 601
Submitting task for: https://anjayasejati.com/product-category/perlengkapan-sekolah-kantor/page/5/?per_page=24
Starting crawl of https://anjayasejati.com/product-category/perlengkapan-sekolah-kantor/page/5/?per_page=24
Added URL to results: https://anjayasejati.com/product-category/perlengkapan-sekolah-kantor/page/5/?per_page=24 - Total in results: 602
Submitting task for: https://anjayasejati.com/product-category/perlengkapan-sekolah-kantor/page/7/
Starting crawl of https://anjayasejati.com/product-category/perlengkapan-sekolah-kantor/page/7/
Added URL to results: https://anjayasejati.com/product-category/perlengkapan-sekolah-kantor/page/7/ - Total in results: 603
Submitting task for: https://anjayasejati.com/product-category/perlengkapan-sekolah-kantor/?shop_view=list&per_page=9
Starting crawl of https://anjayasejati.com/product-category/perlengkapan-sekolah-kantor/?shop_view=list&per_page=9
Added URL to results: https://anjayasejati.com/product-category/perlengkapan-sekolah-kantor/?per_page=24&shop_view=grid&per_row=3 - Total in results: 604
Submitting task for: https://anjayasejati.com/product-category/perlengkapan-sekolah-kantor/?shop_view=list&per_page=12
Starting crawl of https://anjayasejati.com/product-category/perlengkapan-sekolah-kantor/?shop_view=list&per_page=12
Added URL to results: https://anjayasejati.com/product-category/perlengkapan-sekolah-kantor/page/2/?per_page=24 - Total in results: 605
Submitting task for: https://anjayasejati.com/product-category/perlengkapan-sekolah-kantor/?shop_view=list&per_page=18
Starting crawl of https://anjayasejati.com/product-category/perlengkapan-sekolah-kantor/?shop_view=list&per_page=18
get_status called - crawl_results length: 605, status: running, crawled: 605
Saved 50 URLs to database for crawl 1
Saved 6348 links to database for crawl 1
Added URL to results: https://anjayasejati.com/product-category/perlengkapan-sekolah-kantor/page/3/?per_page=24 - Total in results: 606
Saved 133 issues to database for crawl 1
Submitting task for: https://anjayasejati.com/product-category/perlengkapan-sekolah-kantor/?shop_view=list&per_page=24
Starting crawl of https://anjayasejati.com/product-category/perlengkapan-sekolah-kantor/?shop_view=list&per_page=24
Saved batch to database for crawl 1
Added URL to results: https://anjayasejati.com/product-category/perlengkapan-sekolah-kantor/?shop_view=list&per_page=12 - Total in results: 607
Submitting task for: https://anjayasejati.com/product-category/perlengkapan-sekolah-kantor/page/2/?shop_view=list
Starting crawl of https://anjayasejati.com/product-category/perlengkapan-sekolah-kantor/page/2/?shop_view=list
get_status called - crawl_results length: 607, status: running, crawled: 607
get_status called - crawl_results length: 607, status: running, crawled: 607
Added URL to results: https://anjayasejati.com/product-category/perlengkapan-sekolah-kantor/page/4/?per_page=24 - Total in results: 608
Submitting task for: https://anjayasejati.com/product-category/perlengkapan-sekolah-kantor/page/3/?shop_view=list
Starting crawl of https://anjayasejati.com/product-category/perlengkapan-sekolah-kantor/page/3/?shop_view=list
Added URL to results: https://anjayasejati.com/product-category/perlengkapan-sekolah-kantor/?shop_view=list&per_page=9 - Total in results: 609
Submitting task for: https://anjayasejati.com/product-category/perlengkapan-sekolah-kantor/page/4/?shop_view=list
Starting crawl of https://anjayasejati.com/product-category/perlengkapan-sekolah-kantor/page/4/?shop_view=list
Added URL to results: https://anjayasejati.com/product-category/perlengkapan-sekolah-kantor/?shop_view=list&per_page=18 - Total in results: 610
Submitting task for: https://anjayasejati.com/product-category/perlengkapan-sekolah-kantor/page/5/?shop_view=list
Starting crawl of https://anjayasejati.com/product-category/perlengkapan-sekolah-kantor/page/5/?shop_view=list
get_status called - crawl_results length: 610, status: running, crawled: 610
Added URL to results: https://anjayasejati.com/product-category/perlengkapan-sekolah-kantor/page/2/?shop_view=list - Total in results: 611
Submitting task for: https://anjayasejati.com/product-category/perlengkapan-sekolah-kantor/page/6/?shop_view=list
Starting crawl of https://anjayasejati.com/product-category/perlengkapan-sekolah-kantor/page/6/?shop_view=list
Added URL to results: https://anjayasejati.com/product-category/perlengkapan-sekolah-kantor/?shop_view=list&per_page=24 - Total in results: 612
Submitting task for: https://anjayasejati.com/product-category/perlengkapan-sekolah-kantor/page/7/?shop_view=list
Starting crawl of https://anjayasejati.com/product-category/perlengkapan-sekolah-kantor/page/7/?shop_view=list
get_status called - crawl_results length: 612, status: running, crawled: 612
get_status called - crawl_results length: 612, status: running, crawled: 612
Added URL to results: https://anjayasejati.com/product-category/perlengkapan-sekolah-kantor/page/3/?shop_view=list - Total in results: 613
Submitting task for: https://anjayasejati.com/product-category/perlengkapan-sekolah-kantor/?per_row=3&shop_view=grid&per_page=9
Starting crawl of https://anjayasejati.com/product-category/perlengkapan-sekolah-kantor/?per_row=3&shop_view=grid&per_page=9
Added URL to results: https://anjayasejati.com/product-category/perlengkapan-sekolah-kantor/?per_row=3&shop_view=grid&per_page=9 - Total in results: 614
Submitting task for: https://anjayasejati.com/product-category/perlengkapan-sekolah-kantor/?per_row=3&shop_view=grid&per_page=12
Starting crawl of https://anjayasejati.com/product-category/perlengkapan-sekolah-kantor/?per_row=3&shop_view=grid&per_page=12
get_status called - crawl_results length: 614, status: running, crawled: 614
Added URL to results: https://anjayasejati.com/product-category/perlengkapan-sekolah-kantor/page/5/?shop_view=list - Total in results: 615
Submitting task for: https://anjayasejati.com/product-category/perlengkapan-sekolah-kantor/?per_row=3&shop_view=grid&per_page=18
Starting crawl of https://anjayasejati.com/product-category/perlengkapan-sekolah-kantor/?per_row=3&shop_view=grid&per_page=18
Added URL to results: https://anjayasejati.com/product-category/perlengkapan-sekolah-kantor/page/4/?shop_view=list - Total in results: 616
Submitting task for: https://anjayasejati.com/product-category/perlengkapan-sekolah-kantor/?per_row=3&shop_view=grid&per_page=24
Starting crawl of https://anjayasejati.com/product-category/perlengkapan-sekolah-kantor/?per_row=3&shop_view=grid&per_page=24
Added URL to results: https://anjayasejati.com/product-category/perlengkapan-sekolah-kantor/page/7/?shop_view=list - Total in results: 617
Submitting task for: https://anjayasejati.com/product-category/perlengkapan-sekolah-kantor/?per_row=3&shop_view=list
Starting crawl of https://anjayasejati.com/product-category/perlengkapan-sekolah-kantor/?per_row=3&shop_view=list
Added URL to results: https://anjayasejati.com/product-category/perlengkapan-sekolah-kantor/page/6/?shop_view=list - Total in results: 618
Submitting task for: https://anjayasejati.com/product-category/perlengkapan-sekolah-kantor/page/2/?shop_view=grid&per_row=3
Starting crawl of https://anjayasejati.com/product-category/perlengkapan-sekolah-kantor/page/2/?shop_view=grid&per_row=3
Added URL to results: https://anjayasejati.com/product-category/perlengkapan-sekolah-kantor/?per_row=3&shop_view=grid&per_page=18 - Total in results: 619
Submitting task for: https://anjayasejati.com/product-category/perlengkapan-sekolah-kantor/page/3/?shop_view=grid&per_row=3
Starting crawl of https://anjayasejati.com/product-category/perlengkapan-sekolah-kantor/page/3/?shop_view=grid&per_row=3
Added URL to results: https://anjayasejati.com/product-category/perlengkapan-sekolah-kantor/page/3/?shop_view=grid&per_row=3 - Total in results: 620
Submitting task for: https://anjayasejati.com/product-category/perlengkapan-sekolah-kantor/page/4/?shop_view=grid&per_row=3
Starting crawl of https://anjayasejati.com/product-category/perlengkapan-sekolah-kantor/page/4/?shop_view=grid&per_row=3
Added URL to results: https://anjayasejati.com/product-category/perlengkapan-sekolah-kantor/page/4/?shop_view=grid&per_row=3 - Total in results: 621
Submitting task for: https://anjayasejati.com/product-category/perlengkapan-sekolah-kantor/page/5/?shop_view=grid&per_row=3
Starting crawl of https://anjayasejati.com/product-category/perlengkapan-sekolah-kantor/page/5/?shop_view=grid&per_row=3
get_status called - crawl_results length: 621, status: running, crawled: 621
get_status called - crawl_results length: 621, status: running, crawled: 621
Added URL to results: https://anjayasejati.com/product-category/perlengkapan-sekolah-kantor/?per_row=3&shop_view=grid&per_page=12 - Total in results: 622
Submitting task for: https://anjayasejati.com/product-category/perlengkapan-sekolah-kantor/page/6/?shop_view=grid&per_row=3
Starting crawl of https://anjayasejati.com/product-category/perlengkapan-sekolah-kantor/page/6/?shop_view=grid&per_row=3
Added URL to results: https://anjayasejati.com/product-category/perlengkapan-sekolah-kantor/?per_row=3&shop_view=list - Total in results: 623
get_status called - crawl_results length: 623, status: running, crawled: 623
Submitting task for: https://anjayasejati.com/product-category/perlengkapan-sekolah-kantor/page/7/?shop_view=grid&per_row=3
Starting crawl of https://anjayasejati.com/product-category/perlengkapan-sekolah-kantor/page/7/?shop_view=grid&per_row=3
Added URL to results: https://anjayasejati.com/product-category/perlengkapan-sekolah-kantor/page/2/?shop_view=grid&per_row=3 - Total in results: 624
Submitting task for: https://anjayasejati.com/product-category/perlengkapan-menggambar/?per_page=9&shop_view=list
Starting crawl of https://anjayasejati.com/product-category/perlengkapan-menggambar/?per_page=9&shop_view=list
Added URL to results: https://anjayasejati.com/product-category/perlengkapan-sekolah-kantor/?per_row=3&shop_view=grid&per_page=24 - Total in results: 625
Submitting task for: https://anjayasejati.com/product-category/perlengkapan-menggambar/?per_page=9&shop_view=grid&per_row=2
Starting crawl of https://anjayasejati.com/product-category/perlengkapan-menggambar/?per_page=9&shop_view=grid&per_row=2
Added URL to results: https://anjayasejati.com/product-category/perlengkapan-menggambar/?per_page=9&shop_view=grid&per_row=2 - Total in results: 626
Submitting task for: https://anjayasejati.com/product-category/perlengkapan-menggambar/?per_page=9&shop_view=grid&per_row=3
Starting crawl of https://anjayasejati.com/product-category/perlengkapan-menggambar/?per_page=9&shop_view=grid&per_row=3
Added URL to results: https://anjayasejati.com/product-category/perlengkapan-sekolah-kantor/page/5/?shop_view=grid&per_row=3 - Total in results: 627
Submitting task for: https://anjayasejati.com/product-category/perlengkapan-menggambar/?per_page=9&shop_view=grid&per_row=4
Starting crawl of https://anjayasejati.com/product-category/perlengkapan-menggambar/?per_page=9&shop_view=grid&per_row=4
Added URL to results: https://anjayasejati.com/product-category/perlengkapan-menggambar/?per_page=9&shop_view=grid&per_row=3 - Total in results: 628
Submitting task for: https://anjayasejati.com/product-category/perlengkapan-menggambar/page/2/?per_page=9
Starting crawl of https://anjayasejati.com/product-category/perlengkapan-menggambar/page/2/?per_page=9
Added URL to results: https://anjayasejati.com/product-category/perlengkapan-menggambar/?per_page=9&shop_view=grid&per_row=4 - Total in results: 629
Submitting task for: https://anjayasejati.com/product-category/perlengkapan-menggambar/page/3/?per_page=9
Starting crawl of https://anjayasejati.com/product-category/perlengkapan-menggambar/page/3/?per_page=9
get_status called - crawl_results length: 629, status: running, crawled: 629
Added URL to results: https://anjayasejati.com/product-category/perlengkapan-sekolah-kantor/page/6/?shop_view=grid&per_row=3 - Total in results: 630
Submitting task for: https://anjayasejati.com/product-category/perlengkapan-menggambar/page/4/?per_page=9
Starting crawl of https://anjayasejati.com/product-category/perlengkapan-menggambar/page/4/?per_page=9
get_status called - crawl_results length: 630, status: running, crawled: 630
Added URL to results: https://anjayasejati.com/product-category/perlengkapan-sekolah-kantor/page/7/?shop_view=grid&per_row=3 - Total in results: 631
Submitting task for: https://anjayasejati.com/product-category/perlengkapan-menggambar/page/7/?per_page=9
Starting crawl of https://anjayasejati.com/product-category/perlengkapan-menggambar/page/7/?per_page=9
Added URL to results: https://anjayasejati.com/product-category/perlengkapan-menggambar/?per_page=9&shop_view=list - Total in results: 632
Submitting task for: https://anjayasejati.com/product-category/perlengkapan-menggambar/page/8/?per_page=9
Starting crawl of https://anjayasejati.com/product-category/perlengkapan-menggambar/page/8/?per_page=9
get_status called - crawl_results length: 632, status: running, crawled: 632
Added URL to results: https://anjayasejati.com/product-category/perlengkapan-menggambar/page/2/?per_page=9 - Total in results: 633
Submitting task for: https://anjayasejati.com/product-category/perlengkapan-menggambar/page/9/?per_page=9
Starting crawl of https://anjayasejati.com/product-category/perlengkapan-menggambar/page/9/?per_page=9
Added URL to results: https://anjayasejati.com/product-category/perlengkapan-menggambar/page/3/?per_page=9 - Total in results: 634
Submitting task for: https://anjayasejati.com/product-category/perlengkapan-menggambar/?per_page=18&shop_view=list
Starting crawl of https://anjayasejati.com/product-category/perlengkapan-menggambar/?per_page=18&shop_view=list
Added URL to results: https://anjayasejati.com/product-category/perlengkapan-menggambar/?per_page=18&shop_view=list - Total in results: 635
Submitting task for: https://anjayasejati.com/product-category/perlengkapan-menggambar/?per_page=18&shop_view=grid&per_row=2
Starting crawl of https://anjayasejati.com/product-category/perlengkapan-menggambar/?per_page=18&shop_view=grid&per_row=2
Added URL to results: https://anjayasejati.com/product-category/perlengkapan-menggambar/?per_page=18&shop_view=grid&per_row=2 - Total in results: 636
Submitting task for: https://anjayasejati.com/product-category/perlengkapan-menggambar/?per_page=18&shop_view=grid&per_row=3
Starting crawl of https://anjayasejati.com/product-category/perlengkapan-menggambar/?per_page=18&shop_view=grid&per_row=3
Added URL to results: https://anjayasejati.com/product-category/perlengkapan-menggambar/?per_page=18&shop_view=grid&per_row=3 - Total in results: 637
Submitting task for: https://anjayasejati.com/product-category/perlengkapan-menggambar/?per_page=18&shop_view=grid&per_row=4
Starting crawl of https://anjayasejati.com/product-category/perlengkapan-menggambar/?per_page=18&shop_view=grid&per_row=4
get_status called - crawl_results length: 637, status: running, crawled: 637
Added URL to results: https://anjayasejati.com/product-category/perlengkapan-menggambar/page/4/?per_page=9 - Total in results: 638
Submitting task for: https://anjayasejati.com/product-category/perlengkapan-menggambar/page/2/?per_page=18
Starting crawl of https://anjayasejati.com/product-category/perlengkapan-menggambar/page/2/?per_page=18
Added URL to results: https://anjayasejati.com/product-category/perlengkapan-menggambar/page/7/?per_page=9 - Total in results: 639
Submitting task for: https://anjayasejati.com/product-category/perlengkapan-menggambar/page/3/?per_page=18
Starting crawl of https://anjayasejati.com/product-category/perlengkapan-menggambar/page/3/?per_page=18
get_status called - crawl_results length: 639, status: running, crawled: 639
Added URL to results: https://anjayasejati.com/product-category/perlengkapan-menggambar/page/3/?per_page=18 - Total in results: 640
Submitting task for: https://anjayasejati.com/product-category/perlengkapan-menggambar/page/4/?per_page=18
Starting crawl of https://anjayasejati.com/product-category/perlengkapan-menggambar/page/4/?per_page=18
Added URL to results: https://anjayasejati.com/product-category/perlengkapan-menggambar/page/8/?per_page=9 - Total in results: 641
Submitting task for: https://anjayasejati.com/product-category/perlengkapan-menggambar/page/5/?per_page=18
Starting crawl of https://anjayasejati.com/product-category/perlengkapan-menggambar/page/5/?per_page=18
Added URL to results: https://anjayasejati.com/product-category/perlengkapan-menggambar/page/9/?per_page=9 - Total in results: 642
Submitting task for: https://anjayasejati.com/product-category/perlengkapan-menggambar/?per_row=2&shop_view=grid&per_page=9
Starting crawl of https://anjayasejati.com/product-category/perlengkapan-menggambar/?per_row=2&shop_view=grid&per_page=9
get_status called - crawl_results length: 642, status: running, crawled: 642
Added URL to results: https://anjayasejati.com/product-category/perlengkapan-menggambar/?per_page=18&shop_view=grid&per_row=4 - Total in results: 643
Submitting task for: https://anjayasejati.com/product-category/perlengkapan-menggambar/?per_row=2&shop_view=grid&per_page=12
Starting crawl of https://anjayasejati.com/product-category/perlengkapan-menggambar/?per_row=2&shop_view=grid&per_page=12
get_status called - crawl_results length: 643, status: running, crawled: 643
Added URL to results: https://anjayasejati.com/product-category/perlengkapan-menggambar/page/2/?per_page=18 - Total in results: 644
Submitting task for: https://anjayasejati.com/product-category/perlengkapan-menggambar/?per_row=2&shop_view=grid&per_page=18
Starting crawl of https://anjayasejati.com/product-category/perlengkapan-menggambar/?per_row=2&shop_view=grid&per_page=18
Added URL to results: https://anjayasejati.com/product-category/perlengkapan-menggambar/?per_row=2&shop_view=grid&per_page=18 - Total in results: 645
Submitting task for: https://anjayasejati.com/product-category/perlengkapan-menggambar/?per_row=2&shop_view=grid&per_page=24
Starting crawl of https://anjayasejati.com/product-category/perlengkapan-menggambar/?per_row=2&shop_view=grid&per_page=24
Added URL to results: https://anjayasejati.com/product-category/perlengkapan-menggambar/?per_row=2&shop_view=grid&per_page=24 - Total in results: 646
Submitting task for: https://anjayasejati.com/product-category/perlengkapan-menggambar/?per_row=2&shop_view=list
Starting crawl of https://anjayasejati.com/product-category/perlengkapan-menggambar/?per_row=2&shop_view=list
Added URL to results: https://anjayasejati.com/product-category/perlengkapan-menggambar/?per_row=2&shop_view=list - Total in results: 647
Submitting task for: https://anjayasejati.com/product-category/perlengkapan-menggambar/?per_row=2&shop_view=grid
Starting crawl of https://anjayasejati.com/product-category/perlengkapan-menggambar/?per_row=2&shop_view=grid
get_status called - crawl_results length: 647, status: running, crawled: 647
Added URL to results: https://anjayasejati.com/product-category/perlengkapan-menggambar/page/4/?per_page=18 - Total in results: 648
Submitting task for: https://anjayasejati.com/product-category/perlengkapan-menggambar/?per_row=3&shop_view=grid
Starting crawl of https://anjayasejati.com/product-category/perlengkapan-menggambar/?per_row=3&shop_view=grid
Added URL to results: https://anjayasejati.com/product-category/perlengkapan-menggambar/page/5/?per_page=18 - Total in results: 649
Submitting task for: https://anjayasejati.com/product-category/perlengkapan-menggambar/?per_row=4&shop_view=grid
Starting crawl of https://anjayasejati.com/product-category/perlengkapan-menggambar/?per_row=4&shop_view=grid
Added URL to results: https://anjayasejati.com/product-category/perlengkapan-menggambar/?per_row=2&shop_view=grid&per_page=9 - Total in results: 650
Submitting task for: https://anjayasejati.com/product-category/perlengkapan-menggambar/page/2/?shop_view=grid&per_row=2
Starting crawl of https://anjayasejati.com/product-category/perlengkapan-menggambar/page/2/?shop_view=grid&per_row=2
get_status called - crawl_results length: 650, status: running, crawled: 650
get_status called - crawl_results length: 650, status: running, crawled: 650
Added URL to results: https://anjayasejati.com/product-category/perlengkapan-menggambar/?per_row=2&shop_view=grid&per_page=12 - Total in results: 651
Submitting task for: https://anjayasejati.com/product-category/perlengkapan-menggambar/page/3/?shop_view=grid&per_row=2
Starting crawl of https://anjayasejati.com/product-category/perlengkapan-menggambar/page/3/?shop_view=grid&per_row=2
get_status called - crawl_results length: 651, status: running, crawled: 651
Added URL to results: https://anjayasejati.com/product-category/perlengkapan-menggambar/?per_row=2&shop_view=grid - Total in results: 652
Submitting task for: https://anjayasejati.com/product-category/perlengkapan-menggambar/page/4/?shop_view=grid&per_row=2
Added URL to results: https://anjayasejati.com/product-category/perlengkapan-menggambar/?per_row=3&shop_view=grid - Total in results: 653
Starting crawl of https://anjayasejati.com/product-category/perlengkapan-menggambar/page/4/?shop_view=grid&per_row=2
Submitting task for: https://anjayasejati.com/product-category/perlengkapan-menggambar/page/5/?shop_view=grid&per_row=2
Starting crawl of https://anjayasejati.com/product-category/perlengkapan-menggambar/page/5/?shop_view=grid&per_row=2
get_status called - crawl_results length: 653, status: running, crawled: 653
Added URL to results: https://anjayasejati.com/product-category/perlengkapan-menggambar/page/4/?shop_view=grid&per_row=2 - Total in results: 654
Submitting task for: https://anjayasejati.com/product-category/perlengkapan-menggambar/page/6/?shop_view=grid&per_row=2
Starting crawl of https://anjayasejati.com/product-category/perlengkapan-menggambar/page/6/?shop_view=grid&per_row=2
Added URL to results: https://anjayasejati.com/product-category/perlengkapan-menggambar/?per_row=4&shop_view=grid - Total in results: 655
Submitting task for: https://anjayasejati.com/product-category/perlengkapan-menggambar/page/7/?shop_view=grid&per_row=2
Starting crawl of https://anjayasejati.com/product-category/perlengkapan-menggambar/page/7/?shop_view=grid&per_row=2
Saved 50 URLs to database for crawl 1
Saved 6269 links to database for crawl 1
Saved 143 issues to database for crawl 1
Saved batch to database for crawl 1
Added URL to results: https://anjayasejati.com/product-category/perlengkapan-menggambar/page/2/?shop_view=grid&per_row=2 - Total in results: 656
Submitting task for: https://anjayasejati.com/product-category/perlengkapan-menggambar/?per_row=3&shop_view=grid&per_page=9
Starting crawl of https://anjayasejati.com/product-category/perlengkapan-menggambar/?per_row=3&shop_view=grid&per_page=9
Added URL to results: https://anjayasejati.com/product-category/perlengkapan-menggambar/?per_row=3&shop_view=grid&per_page=9 - Total in results: 657
Submitting task for: https://anjayasejati.com/product-category/perlengkapan-menggambar/?per_row=3&shop_view=grid&per_page=12
Starting crawl of https://anjayasejati.com/product-category/perlengkapan-menggambar/?per_row=3&shop_view=grid&per_page=12
Added URL to results: https://anjayasejati.com/product-category/perlengkapan-menggambar/?per_row=3&shop_view=grid&per_page=12 - Total in results: 658
Submitting task for: https://anjayasejati.com/product-category/perlengkapan-menggambar/?per_row=3&shop_view=grid&per_page=18
Starting crawl of https://anjayasejati.com/product-category/perlengkapan-menggambar/?per_row=3&shop_view=grid&per_page=18
get_status called - crawl_results length: 658, status: running, crawled: 658
Added URL to results: https://anjayasejati.com/product-category/perlengkapan-menggambar/?per_row=3&shop_view=grid&per_page=18 - Total in results: 659
Submitting task for: https://anjayasejati.com/product-category/perlengkapan-menggambar/?per_row=3&shop_view=grid&per_page=24
Starting crawl of https://anjayasejati.com/product-category/perlengkapan-menggambar/?per_row=3&shop_view=grid&per_page=24
Added URL to results: https://anjayasejati.com/product-category/perlengkapan-menggambar/page/3/?shop_view=grid&per_row=2 - Total in results: 660
Submitting task for: https://anjayasejati.com/product-category/perlengkapan-menggambar/?per_row=3&shop_view=list
Starting crawl of https://anjayasejati.com/product-category/perlengkapan-menggambar/?per_row=3&shop_view=list
get_status called - crawl_results length: 660, status: running, crawled: 660
Added URL to results: https://anjayasejati.com/product-category/perlengkapan-menggambar/?per_row=3&shop_view=list - Total in results: 661
Submitting task for: https://anjayasejati.com/product-category/perlengkapan-menggambar/page/2/?shop_view=grid&per_row=3
Starting crawl of https://anjayasejati.com/product-category/perlengkapan-menggambar/page/2/?shop_view=grid&per_row=3
get_status called - crawl_results length: 661, status: running, crawled: 661
Added URL to results: https://anjayasejati.com/product-category/perlengkapan-menggambar/page/5/?shop_view=grid&per_row=2 - Total in results: 662
Added URL to results: https://anjayasejati.com/product-category/perlengkapan-menggambar/page/7/?shop_view=grid&per_row=2 - Total in results: 663
Submitting task for: https://anjayasejati.com/product-category/perlengkapan-menggambar/page/3/?shop_view=grid&per_row=3
Submitting task for: https://anjayasejati.com/product-category/perlengkapan-menggambar/page/4/?shop_view=grid&per_row=3
Starting crawl of https://anjayasejati.com/product-category/perlengkapan-menggambar/page/3/?shop_view=grid&per_row=3
Starting crawl of https://anjayasejati.com/product-category/perlengkapan-menggambar/page/4/?shop_view=grid&per_row=3
Added URL to results: https://anjayasejati.com/product-category/perlengkapan-menggambar/page/6/?shop_view=grid&per_row=2 - Total in results: 664
Submitting task for: https://anjayasejati.com/product-category/perlengkapan-menggambar/page/5/?shop_view=grid&per_row=3
Starting crawl of https://anjayasejati.com/product-category/perlengkapan-menggambar/page/5/?shop_view=grid&per_row=3
get_status called - crawl_results length: 664, status: running, crawled: 664
Added URL to results: https://anjayasejati.com/product-category/perlengkapan-menggambar/?per_row=3&shop_view=grid&per_page=24 - Total in results: 665
Submitting task for: https://anjayasejati.com/product-category/perlengkapan-menggambar/page/6/?shop_view=grid&per_row=3
Starting crawl of https://anjayasejati.com/product-category/perlengkapan-menggambar/page/6/?shop_view=grid&per_row=3
get_status called - crawl_results length: 665, status: running, crawled: 665
Added URL to results: https://anjayasejati.com/product-category/perlengkapan-menggambar/page/2/?shop_view=grid&per_row=3 - Total in results: 666
Submitting task for: https://anjayasejati.com/product-category/perlengkapan-menggambar/page/7/?shop_view=grid&per_row=3
Starting crawl of https://anjayasejati.com/product-category/perlengkapan-menggambar/page/7/?shop_view=grid&per_row=3
Added URL to results: https://anjayasejati.com/product-category/perlengkapan-menggambar/page/5/?shop_view=grid&per_row=3 - Total in results: 667
Submitting task for: https://anjayasejati.com/product-category/perlengkapan-menggambar/?per_row=4&shop_view=grid&per_page=9
Starting crawl of https://anjayasejati.com/product-category/perlengkapan-menggambar/?per_row=4&shop_view=grid&per_page=9
get_status called - crawl_results length: 667, status: running, crawled: 667
Added URL to results: https://anjayasejati.com/product-category/perlengkapan-menggambar/page/4/?shop_view=grid&per_row=3 - Total in results: 668
Submitting task for: https://anjayasejati.com/product-category/perlengkapan-menggambar/?per_row=4&shop_view=grid&per_page=12
Starting crawl of https://anjayasejati.com/product-category/perlengkapan-menggambar/?per_row=4&shop_view=grid&per_page=12
Added URL to results: https://anjayasejati.com/product-category/perlengkapan-menggambar/page/3/?shop_view=grid&per_row=3 - Total in results: 669
Submitting task for: https://anjayasejati.com/product-category/perlengkapan-menggambar/?per_row=4&shop_view=grid&per_page=18
Starting crawl of https://anjayasejati.com/product-category/perlengkapan-menggambar/?per_row=4&shop_view=grid&per_page=18
Added URL to results: https://anjayasejati.com/product-category/perlengkapan-menggambar/page/6/?shop_view=grid&per_row=3 - Total in results: 670
Submitting task for: https://anjayasejati.com/product-category/perlengkapan-menggambar/?per_row=4&shop_view=grid&per_page=24
Starting crawl of https://anjayasejati.com/product-category/perlengkapan-menggambar/?per_row=4&shop_view=grid&per_page=24
Added URL to results: https://anjayasejati.com/product-category/perlengkapan-menggambar/?per_row=4&shop_view=grid&per_page=24 - Total in results: 671
Submitting task for: https://anjayasejati.com/product-category/perlengkapan-menggambar/?per_row=4&shop_view=list
Starting crawl of https://anjayasejati.com/product-category/perlengkapan-menggambar/?per_row=4&shop_view=list
get_status called - crawl_results length: 671, status: running, crawled: 671
Added URL to results: https://anjayasejati.com/product-category/perlengkapan-menggambar/?per_row=4&shop_view=grid&per_page=18 - Total in results: 672
Submitting task for: https://anjayasejati.com/product-category/perlengkapan-menggambar/page/2/?shop_view=grid&per_row=4
Starting crawl of https://anjayasejati.com/product-category/perlengkapan-menggambar/page/2/?shop_view=grid&per_row=4
Added URL to results: https://anjayasejati.com/product-category/perlengkapan-menggambar/?per_row=4&shop_view=list - Total in results: 673
Submitting task for: https://anjayasejati.com/product-category/perlengkapan-menggambar/page/3/?shop_view=grid&per_row=4
Starting crawl of https://anjayasejati.com/product-category/perlengkapan-menggambar/page/3/?shop_view=grid&per_row=4
Added URL to results: https://anjayasejati.com/product-category/perlengkapan-menggambar/page/7/?shop_view=grid&per_row=3 - Total in results: 674
Submitting task for: https://anjayasejati.com/product-category/perlengkapan-menggambar/page/4/?shop_view=grid&per_row=4
Starting crawl of https://anjayasejati.com/product-category/perlengkapan-menggambar/page/4/?shop_view=grid&per_row=4
get_status called - crawl_results length: 674, status: running, crawled: 674
Added URL to results: https://anjayasejati.com/product-category/perlengkapan-menggambar/?per_row=4&shop_view=grid&per_page=9 - Total in results: 675
Submitting task for: https://anjayasejati.com/product-category/perlengkapan-menggambar/page/5/?shop_view=grid&per_row=4
Starting crawl of https://anjayasejati.com/product-category/perlengkapan-menggambar/page/5/?shop_view=grid&per_row=4
Added URL to results: https://anjayasejati.com/product-category/perlengkapan-menggambar/?per_row=4&shop_view=grid&per_page=12 - Total in results: 676
Submitting task for: https://anjayasejati.com/product-category/perlengkapan-menggambar/page/6/?shop_view=grid&per_row=4
Starting crawl of https://anjayasejati.com/product-category/perlengkapan-menggambar/page/6/?shop_view=grid&per_row=4
get_status called - crawl_results length: 676, status: running, crawled: 676
Added URL to results: https://anjayasejati.com/product-category/perlengkapan-menggambar/page/6/?shop_view=grid&per_row=4 - Total in results: 677
Submitting task for: https://anjayasejati.com/product-category/perlengkapan-menggambar/page/7/?shop_view=grid&per_row=4
Starting crawl of https://anjayasejati.com/product-category/perlengkapan-menggambar/page/7/?shop_view=grid&per_row=4
Added URL to results: https://anjayasejati.com/product-category/perlengkapan-menggambar/page/7/?shop_view=grid&per_row=4 - Total in results: 678
Submitting task for: https://anjayasejati.com/product-category/perlengkapan-menggambar/page/1/
Starting crawl of https://anjayasejati.com/product-category/perlengkapan-menggambar/page/1/
Added URL to results: https://anjayasejati.com/product-category/perlengkapan-menggambar/page/2/?shop_view=grid&per_row=4 - Total in results: 679
Submitting task for: https://anjayasejati.com/product-category/perlengkapan-menggambar/?per_page=12&shop_view=list
Starting crawl of https://anjayasejati.com/product-category/perlengkapan-menggambar/?per_page=12&shop_view=list
get_status called - crawl_results length: 679, status: running, crawled: 679
Added URL to results: https://anjayasejati.com/product-category/perlengkapan-menggambar/page/3/?shop_view=grid&per_row=4 - Total in results: 680
Submitting task for: https://anjayasejati.com/product-category/perlengkapan-menggambar/?per_page=12&shop_view=grid&per_row=2
Starting crawl of https://anjayasejati.com/product-category/perlengkapan-menggambar/?per_page=12&shop_view=grid&per_row=2
Added URL to results: https://anjayasejati.com/product-category/perlengkapan-menggambar/page/4/?shop_view=grid&per_row=4 - Total in results: 681
Submitting task for: https://anjayasejati.com/product-category/perlengkapan-menggambar/?per_page=12&shop_view=grid&per_row=3
Starting crawl of https://anjayasejati.com/product-category/perlengkapan-menggambar/?per_page=12&shop_view=grid&per_row=3
Added URL to results: https://anjayasejati.com/product-category/perlengkapan-menggambar/?per_page=12&shop_view=grid&per_row=3 - Total in results: 682
Submitting task for: https://anjayasejati.com/product-category/perlengkapan-menggambar/?per_page=12&shop_view=grid&per_row=4
Starting crawl of https://anjayasejati.com/product-category/perlengkapan-menggambar/?per_page=12&shop_view=grid&per_row=4
Added URL to results: https://anjayasejati.com/product-category/perlengkapan-menggambar/page/1/ - Total in results: 683
Submitting task for: https://anjayasejati.com/product-category/perlengkapan-menggambar/page/2/?per_page=12
Starting crawl of https://anjayasejati.com/product-category/perlengkapan-menggambar/page/2/?per_page=12
get_status called - crawl_results length: 683, status: running, crawled: 683
Added URL to results: https://anjayasejati.com/product-category/perlengkapan-menggambar/page/5/?shop_view=grid&per_row=4 - Total in results: 684
Submitting task for: https://anjayasejati.com/product-category/perlengkapan-menggambar/page/3/?per_page=12
Starting crawl of https://anjayasejati.com/product-category/perlengkapan-menggambar/page/3/?per_page=12
Added URL to results: https://anjayasejati.com/product-category/perlengkapan-menggambar/page/3/?per_page=12 - Total in results: 685
Submitting task for: https://anjayasejati.com/product-category/perlengkapan-menggambar/page/4/?per_page=12
Starting crawl of https://anjayasejati.com/product-category/perlengkapan-menggambar/page/4/?per_page=12
get_status called - crawl_results length: 685, status: running, crawled: 685
Added URL to results: https://anjayasejati.com/product-category/perlengkapan-menggambar/?per_page=12&shop_view=list - Total in results: 686
Submitting task for: https://anjayasejati.com/product-category/perlengkapan-menggambar/page/5/?per_page=12
Starting crawl of https://anjayasejati.com/product-category/perlengkapan-menggambar/page/5/?per_page=12
get_status called - crawl_results length: 686, status: running, crawled: 686
Added URL to results: https://anjayasejati.com/product-category/perlengkapan-menggambar/?per_page=12&shop_view=grid&per_row=2 - Total in results: 687
Submitting task for: https://anjayasejati.com/product-category/perlengkapan-menggambar/page/6/?per_page=12
Starting crawl of https://anjayasejati.com/product-category/perlengkapan-menggambar/page/6/?per_page=12
Added URL to results: https://anjayasejati.com/product-category/perlengkapan-menggambar/page/6/?per_page=12 - Total in results: 688
Submitting task for: https://anjayasejati.com/product-category/perlengkapan-menggambar/page/7/?per_page=12
Starting crawl of https://anjayasejati.com/product-category/perlengkapan-menggambar/page/7/?per_page=12
Added URL to results: https://anjayasejati.com/product-category/perlengkapan-menggambar/page/7/?per_page=12 - Total in results: 689
Submitting task for: https://anjayasejati.com/product-category/perlengkapan-menggambar/?per_page=24&shop_view=list
Starting crawl of https://anjayasejati.com/product-category/perlengkapan-menggambar/?per_page=24&shop_view=list
Added URL to results: https://anjayasejati.com/product-category/perlengkapan-menggambar/?per_page=24&shop_view=list - Total in results: 690
Submitting task for: https://anjayasejati.com/product-category/perlengkapan-menggambar/?per_page=24&shop_view=grid&per_row=2
Starting crawl of https://anjayasejati.com/product-category/perlengkapan-menggambar/?per_page=24&shop_view=grid&per_row=2
Added URL to results: https://anjayasejati.com/product-category/perlengkapan-menggambar/?per_page=12&shop_view=grid&per_row=4 - Total in results: 691
Submitting task for: https://anjayasejati.com/product-category/perlengkapan-menggambar/?per_page=24&shop_view=grid&per_row=3
Starting crawl of https://anjayasejati.com/product-category/perlengkapan-menggambar/?per_page=24&shop_view=grid&per_row=3
Added URL to results: https://anjayasejati.com/product-category/perlengkapan-menggambar/page/2/?per_page=12 - Total in results: 692
Added URL to results: https://anjayasejati.com/product-category/perlengkapan-menggambar/?per_page=24&shop_view=grid&per_row=2 - Total in results: 693
Submitting task for: https://anjayasejati.com/product-category/perlengkapan-menggambar/?per_page=24&shop_view=grid&per_row=4
Submitting task for: https://anjayasejati.com/product-category/perlengkapan-menggambar/page/2/?per_page=24
Starting crawl of https://anjayasejati.com/product-category/perlengkapan-menggambar/page/2/?per_page=24
Starting crawl of https://anjayasejati.com/product-category/perlengkapan-menggambar/?per_page=24&shop_view=grid&per_row=4
Added URL to results: https://anjayasejati.com/product-category/perlengkapan-menggambar/page/4/?per_page=12 - Total in results: 694
Submitting task for: https://anjayasejati.com/product-category/perlengkapan-menggambar/page/3/?per_page=24
Starting crawl of https://anjayasejati.com/product-category/perlengkapan-menggambar/page/3/?per_page=24
get_status called - crawl_results length: 694, status: running, crawled: 694
Added URL to results: https://anjayasejati.com/product-category/perlengkapan-menggambar/page/5/?per_page=12 - Total in results: 695
Submitting task for: https://anjayasejati.com/product-category/perlengkapan-menggambar/page/4/?per_page=24
Starting crawl of https://anjayasejati.com/product-category/perlengkapan-menggambar/page/4/?per_page=24
get_status called - crawl_results length: 695, status: running, crawled: 695
Added URL to results: https://anjayasejati.com/product-category/perlengkapan-menggambar/?per_page=24&shop_view=grid&per_row=3 - Total in results: 696
Submitting task for: https://anjayasejati.com/product-category/perlengkapan-menggambar/?shop_view=list&per_page=9
Starting crawl of https://anjayasejati.com/product-category/perlengkapan-menggambar/?shop_view=list&per_page=9
Added URL to results: https://anjayasejati.com/product-category/perlengkapan-menggambar/page/2/?per_page=24 - Total in results: 697
Submitting task for: https://anjayasejati.com/product-category/perlengkapan-menggambar/?shop_view=list&per_page=12
Starting crawl of https://anjayasejati.com/product-category/perlengkapan-menggambar/?shop_view=list&per_page=12
Added URL to results: https://anjayasejati.com/product-category/perlengkapan-menggambar/page/3/?per_page=24 - Total in results: 698
Submitting task for: https://anjayasejati.com/product-category/perlengkapan-menggambar/?shop_view=list&per_page=18
Added URL to results: https://anjayasejati.com/product-category/perlengkapan-menggambar/?per_page=24&shop_view=grid&per_row=4 - Total in results: 699
Starting crawl of https://anjayasejati.com/product-category/perlengkapan-menggambar/?shop_view=list&per_page=18
Submitting task for: https://anjayasejati.com/product-category/perlengkapan-menggambar/?shop_view=list&per_page=24
Starting crawl of https://anjayasejati.com/product-category/perlengkapan-menggambar/?shop_view=list&per_page=24
Added URL to results: https://anjayasejati.com/product-category/perlengkapan-menggambar/?shop_view=list&per_page=12 - Total in results: 700
Submitting task for: https://anjayasejati.com/product-category/perlengkapan-menggambar/page/2/?shop_view=list
Starting crawl of https://anjayasejati.com/product-category/perlengkapan-menggambar/page/2/?shop_view=list
Added URL to results: https://anjayasejati.com/product-category/perlengkapan-menggambar/?shop_view=list&per_page=24 - Total in results: 701
Submitting task for: https://anjayasejati.com/product-category/perlengkapan-menggambar/page/3/?shop_view=list
Starting crawl of https://anjayasejati.com/product-category/perlengkapan-menggambar/page/3/?shop_view=list
Added URL to results: https://anjayasejati.com/product-category/perlengkapan-menggambar/page/2/?shop_view=list - Total in results: 702
Submitting task for: https://anjayasejati.com/product-category/perlengkapan-menggambar/page/4/?shop_view=list
Starting crawl of https://anjayasejati.com/product-category/perlengkapan-menggambar/page/4/?shop_view=list
Added URL to results: https://anjayasejati.com/product-category/perlengkapan-menggambar/page/4/?per_page=24 - Total in results: 703
Submitting task for: https://anjayasejati.com/product-category/tinta-printer/?per_page=12&shop_view=list
Starting crawl of https://anjayasejati.com/product-category/tinta-printer/?per_page=12&shop_view=list
get_status called - crawl_results length: 703, status: running, crawled: 703
Added URL to results: https://anjayasejati.com/product-category/perlengkapan-menggambar/?shop_view=list&per_page=9 - Total in results: 704
Submitting task for: https://anjayasejati.com/product-category/tinta-printer/?per_page=12&shop_view=grid&per_row=2
Starting crawl of https://anjayasejati.com/product-category/tinta-printer/?per_page=12&shop_view=grid&per_row=2
Added URL to results: https://anjayasejati.com/product-category/tinta-printer/?per_page=12&shop_view=grid&per_row=2 - Total in results: 705
Submitting task for: https://anjayasejati.com/product-category/tinta-printer/?per_page=12&shop_view=grid&per_row=3
Starting crawl of https://anjayasejati.com/product-category/tinta-printer/?per_page=12&shop_view=grid&per_row=3
get_status called - crawl_results length: 705, status: running, crawled: 705
Saved 50 URLs to database for crawl 1
Saved 6595 links to database for crawl 1
Saved 143 issues to database for crawl 1
Saved batch to database for crawl 1
Added URL to results: https://anjayasejati.com/product-category/perlengkapan-menggambar/?shop_view=list&per_page=18 - Total in results: 706
Submitting task for: https://anjayasejati.com/product-category/tinta-printer/?per_page=12&shop_view=grid&per_row=4
Starting crawl of https://anjayasejati.com/product-category/tinta-printer/?per_page=12&shop_view=grid&per_row=4
Added URL to results: https://anjayasejati.com/product-category/perlengkapan-menggambar/page/3/?shop_view=list - Total in results: 707
Submitting task for: https://anjayasejati.com/product-category/tinta-printer/?per_row=2&shop_view=grid&per_page=9
Starting crawl of https://anjayasejati.com/product-category/tinta-printer/?per_row=2&shop_view=grid&per_page=9
Added URL to results: https://anjayasejati.com/product-category/tinta-printer/?per_page=12&shop_view=grid&per_row=4 - Total in results: 708
Submitting task for: https://anjayasejati.com/product-category/tinta-printer/?per_row=2&shop_view=grid&per_page=12
Starting crawl of https://anjayasejati.com/product-category/tinta-printer/?per_row=2&shop_view=grid&per_page=12
Added URL to results: https://anjayasejati.com/product-category/tinta-printer/?per_page=12&shop_view=list - Total in results: 709
Submitting task for: https://anjayasejati.com/product-category/tinta-printer/?per_row=2&shop_view=grid&per_page=18
Starting crawl of https://anjayasejati.com/product-category/tinta-printer/?per_row=2&shop_view=grid&per_page=18
Added URL to results: https://anjayasejati.com/product-category/perlengkapan-menggambar/page/4/?shop_view=list - Total in results: 710
Submitting task for: https://anjayasejati.com/product-category/tinta-printer/?per_row=2&shop_view=grid&per_page=24
Starting crawl of https://anjayasejati.com/product-category/tinta-printer/?per_row=2&shop_view=grid&per_page=24
get_status called - crawl_results length: 710, status: running, crawled: 710
Added URL to results: https://anjayasejati.com/product-category/tinta-printer/?per_page=12&shop_view=grid&per_row=3 - Total in results: 711
Submitting task for: https://anjayasejati.com/product-category/tinta-printer/?per_row=2&shop_view=list
Starting crawl of https://anjayasejati.com/product-category/tinta-printer/?per_row=2&shop_view=list
Added URL to results: https://anjayasejati.com/product-category/tinta-printer/?per_row=2&shop_view=list - Total in results: 712
Submitting task for: https://anjayasejati.com/product-category/tinta-printer/?per_row=2&shop_view=grid
Starting crawl of https://anjayasejati.com/product-category/tinta-printer/?per_row=2&shop_view=grid
Added URL to results: https://anjayasejati.com/product-category/tinta-printer/?per_row=2&shop_view=grid&per_page=9 - Total in results: 713
Submitting task for: https://anjayasejati.com/product-category/tinta-printer/?per_row=3&shop_view=grid
Starting crawl of https://anjayasejati.com/product-category/tinta-printer/?per_row=3&shop_view=grid
Added URL to results: https://anjayasejati.com/product-category/tinta-printer/?per_row=2&shop_view=grid&per_page=12 - Total in results: 714
Submitting task for: https://anjayasejati.com/product-category/tinta-printer/?per_row=4&shop_view=grid
Starting crawl of https://anjayasejati.com/product-category/tinta-printer/?per_row=4&shop_view=grid
Added URL to results: https://anjayasejati.com/product-category/tinta-printer/?per_row=2&shop_view=grid&per_page=18 - Total in results: 715
Submitting task for: https://anjayasejati.com/product-category/tinta-printer/?per_page=9&shop_view=list
Starting crawl of https://anjayasejati.com/product-category/tinta-printer/?per_page=9&shop_view=list
Added URL to results: https://anjayasejati.com/product-category/tinta-printer/?per_row=2&shop_view=grid&per_page=24 - Total in results: 716
Submitting task for: https://anjayasejati.com/product-category/tinta-printer/?per_page=9&shop_view=grid&per_row=2
Starting crawl of https://anjayasejati.com/product-category/tinta-printer/?per_page=9&shop_view=grid&per_row=2
Added URL to results: https://anjayasejati.com/product-category/tinta-printer/?per_page=9&shop_view=grid&per_row=2 - Total in results: 717
Submitting task for: https://anjayasejati.com/product-category/tinta-printer/?per_page=9&shop_view=grid&per_row=3
Starting crawl of https://anjayasejati.com/product-category/tinta-printer/?per_page=9&shop_view=grid&per_row=3
get_status called - crawl_results length: 717, status: running, crawled: 717
get_status called - crawl_results length: 717, status: running, crawled: 717
Added URL to results: https://anjayasejati.com/product-category/tinta-printer/?per_row=2&shop_view=grid - Total in results: 718
Submitting task for: https://anjayasejati.com/product-category/tinta-printer/?per_page=9&shop_view=grid&per_row=4
Starting crawl of https://anjayasejati.com/product-category/tinta-printer/?per_page=9&shop_view=grid&per_row=4
Added URL to results: https://anjayasejati.com/product-category/tinta-printer/?per_row=4&shop_view=grid - Total in results: 719
Submitting task for: https://anjayasejati.com/product-category/tinta-printer/page/2/?per_page=9
Starting crawl of https://anjayasejati.com/product-category/tinta-printer/page/2/?per_page=9
Added URL to results: https://anjayasejati.com/product-category/tinta-printer/?per_row=3&shop_view=grid - Total in results: 720
Submitting task for: https://anjayasejati.com/product-category/tinta-printer/?per_row=3&shop_view=grid&per_page=9
Starting crawl of https://anjayasejati.com/product-category/tinta-printer/?per_row=3&shop_view=grid&per_page=9
Added URL to results: https://anjayasejati.com/product-category/tinta-printer/?per_page=9&shop_view=list - Total in results: 721
Submitting task for: https://anjayasejati.com/product-category/tinta-printer/?per_row=3&shop_view=grid&per_page=12
Starting crawl of https://anjayasejati.com/product-category/tinta-printer/?per_row=3&shop_view=grid&per_page=12
Added URL to results: https://anjayasejati.com/product-category/tinta-printer/?per_page=9&shop_view=grid&per_row=3 - Total in results: 722
Submitting task for: https://anjayasejati.com/product-category/tinta-printer/?per_row=3&shop_view=grid&per_page=18
Starting crawl of https://anjayasejati.com/product-category/tinta-printer/?per_row=3&shop_view=grid&per_page=18
get_status called - crawl_results length: 722, status: running, crawled: 722
Added URL to results: https://anjayasejati.com/product-category/tinta-printer/?per_row=3&shop_view=grid&per_page=18 - Total in results: 723
Submitting task for: https://anjayasejati.com/product-category/tinta-printer/?per_row=3&shop_view=grid&per_page=24
Starting crawl of https://anjayasejati.com/product-category/tinta-printer/?per_row=3&shop_view=grid&per_page=24
get_status called - crawl_results length: 723, status: running, crawled: 723
Added URL to results: https://anjayasejati.com/product-category/tinta-printer/page/2/?per_page=9 - Total in results: 724
Submitting task for: https://anjayasejati.com/product-category/tinta-printer/?per_row=3&shop_view=list
Starting crawl of https://anjayasejati.com/product-category/tinta-printer/?per_row=3&shop_view=list
get_status called - crawl_results length: 724, status: running, crawled: 724
Added URL to results: https://anjayasejati.com/product-category/tinta-printer/?per_page=9&shop_view=grid&per_row=4 - Total in results: 725
Submitting task for: https://anjayasejati.com/product-category/tinta-printer/?per_page=24&shop_view=list
Added URL to results: https://anjayasejati.com/product-category/tinta-printer/?per_row=3&shop_view=grid&per_page=9 - Total in results: 726
Starting crawl of https://anjayasejati.com/product-category/tinta-printer/?per_page=24&shop_view=list
Submitting task for: https://anjayasejati.com/product-category/tinta-printer/?per_page=24&shop_view=grid&per_row=2
Starting crawl of https://anjayasejati.com/product-category/tinta-printer/?per_page=24&shop_view=grid&per_row=2
Added URL to results: https://anjayasejati.com/product-category/tinta-printer/?per_row=3&shop_view=grid&per_page=12 - Total in results: 727
Submitting task for: https://anjayasejati.com/product-category/tinta-printer/?per_page=24&shop_view=grid&per_row=3
Starting crawl of https://anjayasejati.com/product-category/tinta-printer/?per_page=24&shop_view=grid&per_row=3
Added URL to results: https://anjayasejati.com/product-category/tinta-printer/?per_row=3&shop_view=grid&per_page=24 - Total in results: 728
Submitting task for: https://anjayasejati.com/product-category/tinta-printer/?per_page=24&shop_view=grid&per_row=4
Starting crawl of https://anjayasejati.com/product-category/tinta-printer/?per_page=24&shop_view=grid&per_row=4
Added URL to results: https://anjayasejati.com/product-category/tinta-printer/?per_row=3&shop_view=list - Total in results: 729
Submitting task for: https://anjayasejati.com/product-category/tinta-printer/?per_page=18&shop_view=list
Starting crawl of https://anjayasejati.com/product-category/tinta-printer/?per_page=18&shop_view=list
Added URL to results: https://anjayasejati.com/product-category/tinta-printer/?per_page=24&shop_view=grid&per_row=2 - Total in results: 730
Submitting task for: https://anjayasejati.com/product-category/tinta-printer/?per_page=18&shop_view=grid&per_row=2
Starting crawl of https://anjayasejati.com/product-category/tinta-printer/?per_page=18&shop_view=grid&per_row=2
Added URL to results: https://anjayasejati.com/product-category/tinta-printer/?per_page=24&shop_view=grid&per_row=3 - Total in results: 731
Submitting task for: https://anjayasejati.com/product-category/tinta-printer/?per_page=18&shop_view=grid&per_row=3
Starting crawl of https://anjayasejati.com/product-category/tinta-printer/?per_page=18&shop_view=grid&per_row=3
Added URL to results: https://anjayasejati.com/product-category/tinta-printer/?per_page=18&shop_view=grid&per_row=2 - Total in results: 732
Submitting task for: https://anjayasejati.com/product-category/tinta-printer/?per_page=18&shop_view=grid&per_row=4
Starting crawl of https://anjayasejati.com/product-category/tinta-printer/?per_page=18&shop_view=grid&per_row=4
get_status called - crawl_results length: 732, status: running, crawled: 732
get_status called - crawl_results length: 732, status: running, crawled: 732
Added URL to results: https://anjayasejati.com/product-category/tinta-printer/?per_page=24&shop_view=list - Total in results: 733
Submitting task for: https://anjayasejati.com/product-category/perlengkapan-menggambar/brush-pen/?per_page=18&shop_view=list
Starting crawl of https://anjayasejati.com/product-category/perlengkapan-menggambar/brush-pen/?per_page=18&shop_view=list
get_status called - crawl_results length: 733, status: running, crawled: 733
Added URL to results: https://anjayasejati.com/product-category/tinta-printer/?per_page=18&shop_view=list - Total in results: 734
Submitting task for: https://anjayasejati.com/product-category/perlengkapan-menggambar/brush-pen/?per_page=18&shop_view=grid&per_row=2
Starting crawl of https://anjayasejati.com/product-category/perlengkapan-menggambar/brush-pen/?per_page=18&shop_view=grid&per_row=2
Added URL to results: https://anjayasejati.com/product-category/tinta-printer/?per_page=24&shop_view=grid&per_row=4 - Total in results: 735
Submitting task for: https://anjayasejati.com/product-category/perlengkapan-menggambar/brush-pen/?per_page=18&shop_view=grid&per_row=3
Starting crawl of https://anjayasejati.com/product-category/perlengkapan-menggambar/brush-pen/?per_page=18&shop_view=grid&per_row=3
Added URL to results: https://anjayasejati.com/product-category/tinta-printer/?per_page=18&shop_view=grid&per_row=3 - Total in results: 736
Submitting task for: https://anjayasejati.com/product-category/perlengkapan-menggambar/brush-pen/?per_page=18&shop_view=grid&per_row=4
Starting crawl of https://anjayasejati.com/product-category/perlengkapan-menggambar/brush-pen/?per_page=18&shop_view=grid&per_row=4
Added URL to results: https://anjayasejati.com/product-category/tinta-printer/?per_page=18&shop_view=grid&per_row=4 - Total in results: 737
Submitting task for: https://anjayasejati.com/product-category/tinta-printer/?shop_view=list&per_page=9
Starting crawl of https://anjayasejati.com/product-category/tinta-printer/?shop_view=list&per_page=9
Added URL to results: https://anjayasejati.com/product-category/tinta-printer/?shop_view=list&per_page=9 - Total in results: 738
Submitting task for: https://anjayasejati.com/product-category/tinta-printer/?shop_view=list&per_page=12
Starting crawl of https://anjayasejati.com/product-category/tinta-printer/?shop_view=list&per_page=12
get_status called - crawl_results length: 738, status: running, crawled: 738
Added URL to results: https://anjayasejati.com/product-category/perlengkapan-menggambar/brush-pen/?per_page=18&shop_view=list - Total in results: 739
Submitting task for: https://anjayasejati.com/product-category/tinta-printer/?shop_view=list&per_page=18
Starting crawl of https://anjayasejati.com/product-category/tinta-printer/?shop_view=list&per_page=18
get_status called - crawl_results length: 739, status: running, crawled: 739
Added URL to results: https://anjayasejati.com/product-category/perlengkapan-menggambar/brush-pen/?per_page=18&shop_view=grid&per_row=2 - Total in results: 740
Submitting task for: https://anjayasejati.com/product-category/tinta-printer/?shop_view=list&per_page=24
Starting crawl of https://anjayasejati.com/product-category/tinta-printer/?shop_view=list&per_page=24
Added URL to results: https://anjayasejati.com/product-category/perlengkapan-menggambar/brush-pen/?per_page=18&shop_view=grid&per_row=3 - Total in results: 741
Added URL to results: https://anjayasejati.com/product-category/perlengkapan-menggambar/brush-pen/?per_page=18&shop_view=grid&per_row=4 - Total in results: 742
Submitting task for: https://anjayasejati.com/product-category/tinta-printer/?per_row=4&shop_view=grid&per_page=9
Submitting task for: https://anjayasejati.com/product-category/tinta-printer/?per_row=4&shop_view=grid&per_page=12
Starting crawl of https://anjayasejati.com/product-category/tinta-printer/?per_row=4&shop_view=grid&per_page=9
Starting crawl of https://anjayasejati.com/product-category/tinta-printer/?per_row=4&shop_view=grid&per_page=12
get_status called - crawl_results length: 742, status: running, crawled: 742
Added URL to results: https://anjayasejati.com/product-category/tinta-printer/?shop_view=list&per_page=12 - Total in results: 743
Submitting task for: https://anjayasejati.com/product-category/tinta-printer/?per_row=4&shop_view=grid&per_page=18
Starting crawl of https://anjayasejati.com/product-category/tinta-printer/?per_row=4&shop_view=grid&per_page=18
get_status called - crawl_results length: 743, status: running, crawled: 743
Added URL to results: https://anjayasejati.com/product-category/tinta-printer/?shop_view=list&per_page=18 - Total in results: 744
Submitting task for: https://anjayasejati.com/product-category/tinta-printer/?per_row=4&shop_view=grid&per_page=24
Starting crawl of https://anjayasejati.com/product-category/tinta-printer/?per_row=4&shop_view=grid&per_page=24
Added URL to results: https://anjayasejati.com/product-category/tinta-printer/?per_row=4&shop_view=grid&per_page=24 - Total in results: 745
Submitting task for: https://anjayasejati.com/product-category/tinta-printer/?per_row=4&shop_view=list
Starting crawl of https://anjayasejati.com/product-category/tinta-printer/?per_row=4&shop_view=list
Added URL to results: https://anjayasejati.com/product-category/tinta-printer/?per_row=4&shop_view=list - Total in results: 746
Submitting task for: https://anjayasejati.com/product-category/perlengkapan-menggambar/brush-pen/?per_page=9&shop_view=list
Starting crawl of https://anjayasejati.com/product-category/perlengkapan-menggambar/brush-pen/?per_page=9&shop_view=list
Added URL to results: https://anjayasejati.com/product-category/perlengkapan-menggambar/brush-pen/?per_page=9&shop_view=list - Total in results: 747
Submitting task for: https://anjayasejati.com/product-category/perlengkapan-menggambar/brush-pen/?per_page=9&shop_view=grid&per_row=2
Starting crawl of https://anjayasejati.com/product-category/perlengkapan-menggambar/brush-pen/?per_page=9&shop_view=grid&per_row=2
get_status called - crawl_results length: 747, status: running, crawled: 747
Added URL to results: https://anjayasejati.com/product-category/tinta-printer/?shop_view=list&per_page=24 - Total in results: 748
Submitting task for: https://anjayasejati.com/product-category/perlengkapan-menggambar/brush-pen/?per_page=9&shop_view=grid&per_row=3
Starting crawl of https://anjayasejati.com/product-category/perlengkapan-menggambar/brush-pen/?per_page=9&shop_view=grid&per_row=3
Added URL to results: https://anjayasejati.com/product-category/tinta-printer/?per_row=4&shop_view=grid&per_page=12 - Total in results: 749
Submitting task for: https://anjayasejati.com/product-category/perlengkapan-menggambar/brush-pen/?per_page=9&shop_view=grid&per_row=4
Added URL to results: https://anjayasejati.com/product-category/tinta-printer/?per_row=4&shop_view=grid&per_page=9 - Total in results: 750
Starting crawl of https://anjayasejati.com/product-category/perlengkapan-menggambar/brush-pen/?per_page=9&shop_view=grid&per_row=4
Submitting task for: https://anjayasejati.com/product-category/perlengkapan-menggambar/brush-pen/?per_page=12&shop_view=list
Starting crawl of https://anjayasejati.com/product-category/perlengkapan-menggambar/brush-pen/?per_page=12&shop_view=list
Added URL to results: https://anjayasejati.com/product-category/tinta-printer/?per_row=4&shop_view=grid&per_page=18 - Total in results: 751
Submitting task for: https://anjayasejati.com/product-category/perlengkapan-menggambar/brush-pen/?per_page=12&shop_view=grid&per_row=2
Starting crawl of https://anjayasejati.com/product-category/perlengkapan-menggambar/brush-pen/?per_page=12&shop_view=grid&per_row=2
Added URL to results: https://anjayasejati.com/product-category/perlengkapan-menggambar/brush-pen/?per_page=9&shop_view=grid&per_row=4 - Total in results: 752
Submitting task for: https://anjayasejati.com/product-category/perlengkapan-menggambar/brush-pen/?per_page=12&shop_view=grid&per_row=3
Starting crawl of https://anjayasejati.com/product-category/perlengkapan-menggambar/brush-pen/?per_page=12&shop_view=grid&per_row=3
get_status called - crawl_results length: 752, status: running, crawled: 752
get_status called - crawl_results length: 752, status: running, crawled: 752
Added URL to results: https://anjayasejati.com/product-category/perlengkapan-menggambar/brush-pen/?per_page=9&shop_view=grid&per_row=2 - Total in results: 753
Submitting task for: https://anjayasejati.com/product-category/perlengkapan-menggambar/brush-pen/?per_page=12&shop_view=grid&per_row=4
Starting crawl of https://anjayasejati.com/product-category/perlengkapan-menggambar/brush-pen/?per_page=12&shop_view=grid&per_row=4
Added URL to results: https://anjayasejati.com/product-category/perlengkapan-menggambar/brush-pen/?per_page=9&shop_view=grid&per_row=3 - Total in results: 754
Submitting task for: https://anjayasejati.com/product-category/perlengkapan-menggambar/brush-pen/?per_row=2&shop_view=grid&per_page=9
Starting crawl of https://anjayasejati.com/product-category/perlengkapan-menggambar/brush-pen/?per_row=2&shop_view=grid&per_page=9
get_status called - crawl_results length: 754, status: running, crawled: 754
Added URL to results: https://anjayasejati.com/product-category/perlengkapan-menggambar/brush-pen/?per_page=12&shop_view=grid&per_row=2 - Total in results: 755
Submitting task for: https://anjayasejati.com/product-category/perlengkapan-menggambar/brush-pen/?per_row=2&shop_view=grid&per_page=12
Starting crawl of https://anjayasejati.com/product-category/perlengkapan-menggambar/brush-pen/?per_row=2&shop_view=grid&per_page=12
Saved 51 URLs to database for crawl 1
Saved 0 URLs to database for crawl 1
Saved 5217 links to database for crawl 1
Saved 146 issues to database for crawl 1
Saved batch to database for crawl 1
Added URL to results: https://anjayasejati.com/product-category/perlengkapan-menggambar/brush-pen/?per_page=12&shop_view=grid&per_row=3 - Total in results: 756
Submitting task for: https://anjayasejati.com/product-category/perlengkapan-menggambar/brush-pen/?per_row=2&shop_view=grid&per_page=18
Starting crawl of https://anjayasejati.com/product-category/perlengkapan-menggambar/brush-pen/?per_row=2&shop_view=grid&per_page=18
Saved 0 links to database for crawl 1
Saved 4 issues to database for crawl 1
Saved batch to database for crawl 1
Added URL to results: https://anjayasejati.com/product-category/perlengkapan-menggambar/brush-pen/?per_page=12&shop_view=list - Total in results: 757
Submitting task for: https://anjayasejati.com/product-category/perlengkapan-menggambar/brush-pen/?per_row=2&shop_view=grid&per_page=24
Starting crawl of https://anjayasejati.com/product-category/perlengkapan-menggambar/brush-pen/?per_row=2&shop_view=grid&per_page=24
Added URL to results: https://anjayasejati.com/product-category/perlengkapan-menggambar/brush-pen/?per_row=2&shop_view=grid&per_page=18 - Total in results: 758
Submitting task for: https://anjayasejati.com/product-category/perlengkapan-menggambar/brush-pen/?per_row=2&shop_view=list
Starting crawl of https://anjayasejati.com/product-category/perlengkapan-menggambar/brush-pen/?per_row=2&shop_view=list
Added URL to results: https://anjayasejati.com/product-category/perlengkapan-menggambar/brush-pen/?per_row=2&shop_view=grid&per_page=24 - Total in results: 759
Submitting task for: https://anjayasejati.com/product-category/perlengkapan-menggambar/brush-pen/?per_row=2&shop_view=grid
Starting crawl of https://anjayasejati.com/product-category/perlengkapan-menggambar/brush-pen/?per_row=2&shop_view=grid
get_status called - crawl_results length: 759, status: running, crawled: 759
Added URL to results: https://anjayasejati.com/product-category/perlengkapan-menggambar/brush-pen/?per_page=12&shop_view=grid&per_row=4 - Total in results: 760
Submitting task for: https://anjayasejati.com/product-category/perlengkapan-menggambar/brush-pen/?per_row=3&shop_view=grid
Starting crawl of https://anjayasejati.com/product-category/perlengkapan-menggambar/brush-pen/?per_row=3&shop_view=grid
Added URL to results: https://anjayasejati.com/product-category/perlengkapan-menggambar/brush-pen/?per_row=3&shop_view=grid - Total in results: 761
Submitting task for: https://anjayasejati.com/product-category/perlengkapan-menggambar/brush-pen/?per_row=4&shop_view=grid
Starting crawl of https://anjayasejati.com/product-category/perlengkapan-menggambar/brush-pen/?per_row=4&shop_view=grid
Added URL to results: https://anjayasejati.com/product-category/perlengkapan-menggambar/brush-pen/?per_row=2&shop_view=grid&per_page=9 - Total in results: 762
Submitting task for: https://anjayasejati.com/product-category/perlengkapan-menggambar/brush-pen/?per_page=24&shop_view=list
Starting crawl of https://anjayasejati.com/product-category/perlengkapan-menggambar/brush-pen/?per_page=24&shop_view=list
get_status called - crawl_results length: 762, status: running, crawled: 762
Added URL to results: https://anjayasejati.com/product-category/perlengkapan-menggambar/brush-pen/?per_page=24&shop_view=list - Total in results: 763
Submitting task for: https://anjayasejati.com/product-category/perlengkapan-menggambar/brush-pen/?per_page=24&shop_view=grid&per_row=2
Starting crawl of https://anjayasejati.com/product-category/perlengkapan-menggambar/brush-pen/?per_page=24&shop_view=grid&per_row=2
Added URL to results: https://anjayasejati.com/product-category/perlengkapan-menggambar/brush-pen/?per_row=2&shop_view=grid&per_page=12 - Total in results: 764
Submitting task for: https://anjayasejati.com/product-category/perlengkapan-menggambar/brush-pen/?per_page=24&shop_view=grid&per_row=3
Starting crawl of https://anjayasejati.com/product-category/perlengkapan-menggambar/brush-pen/?per_page=24&shop_view=grid&per_row=3
Added URL to results: https://anjayasejati.com/product-category/perlengkapan-menggambar/brush-pen/?per_row=2&shop_view=list - Total in results: 765
Submitting task for: https://anjayasejati.com/product-category/perlengkapan-menggambar/brush-pen/?per_page=24&shop_view=grid&per_row=4
Starting crawl of https://anjayasejati.com/product-category/perlengkapan-menggambar/brush-pen/?per_page=24&shop_view=grid&per_row=4
get_status called - crawl_results length: 765, status: running, crawled: 765
Added URL to results: https://anjayasejati.com/product-category/perlengkapan-menggambar/brush-pen/?per_row=2&shop_view=grid - Total in results: 766
Submitting task for: https://anjayasejati.com/product-category/perlengkapan-menggambar/perlengkapan-cat/?per_page=9&shop_view=list
Starting crawl of https://anjayasejati.com/product-category/perlengkapan-menggambar/perlengkapan-cat/?per_page=9&shop_view=list
Added URL to results: https://anjayasejati.com/product-category/perlengkapan-menggambar/brush-pen/?per_row=4&shop_view=grid - Total in results: 767
Submitting task for: https://anjayasejati.com/product-category/perlengkapan-menggambar/perlengkapan-cat/?per_page=9&shop_view=grid&per_row=2
Starting crawl of https://anjayasejati.com/product-category/perlengkapan-menggambar/perlengkapan-cat/?per_page=9&shop_view=grid&per_row=2
get_status called - crawl_results length: 767, status: running, crawled: 767
Added URL to results: https://anjayasejati.com/product-category/perlengkapan-menggambar/perlengkapan-cat/?per_page=9&shop_view=grid&per_row=2 - Total in results: 768
Submitting task for: https://anjayasejati.com/product-category/perlengkapan-menggambar/perlengkapan-cat/?per_page=9&shop_view=grid&per_row=3
Starting crawl of https://anjayasejati.com/product-category/perlengkapan-menggambar/perlengkapan-cat/?per_page=9&shop_view=grid&per_row=3
Added URL to results: https://anjayasejati.com/product-category/perlengkapan-menggambar/perlengkapan-cat/?per_page=9&shop_view=grid&per_row=3 - Total in results: 769
Submitting task for: https://anjayasejati.com/product-category/perlengkapan-menggambar/perlengkapan-cat/?per_page=9&shop_view=grid&per_row=4
Starting crawl of https://anjayasejati.com/product-category/perlengkapan-menggambar/perlengkapan-cat/?per_page=9&shop_view=grid&per_row=4
Added URL to results: https://anjayasejati.com/product-category/perlengkapan-menggambar/brush-pen/?per_page=24&shop_view=grid&per_row=2 - Total in results: 770
Submitting task for: https://anjayasejati.com/product-category/perlengkapan-menggambar/perlengkapan-cat/?per_page=12&shop_view=list
Starting crawl of https://anjayasejati.com/product-category/perlengkapan-menggambar/perlengkapan-cat/?per_page=12&shop_view=list
get_status called - crawl_results length: 770, status: running, crawled: 770
Added URL to results: https://anjayasejati.com/product-category/perlengkapan-menggambar/brush-pen/?per_page=24&shop_view=grid&per_row=3 - Total in results: 771
Submitting task for: https://anjayasejati.com/product-category/perlengkapan-menggambar/perlengkapan-cat/?per_page=12&shop_view=grid&per_row=2
Starting crawl of https://anjayasejati.com/product-category/perlengkapan-menggambar/perlengkapan-cat/?per_page=12&shop_view=grid&per_row=2
Added URL to results: https://anjayasejati.com/product-category/perlengkapan-menggambar/brush-pen/?per_page=24&shop_view=grid&per_row=4 - Total in results: 772
Submitting task for: https://anjayasejati.com/product-category/perlengkapan-menggambar/perlengkapan-cat/?per_page=12&shop_view=grid&per_row=3
Starting crawl of https://anjayasejati.com/product-category/perlengkapan-menggambar/perlengkapan-cat/?per_page=12&shop_view=grid&per_row=3
Added URL to results: https://anjayasejati.com/product-category/perlengkapan-menggambar/perlengkapan-cat/?per_page=9&shop_view=list - Total in results: 773
Submitting task for: https://anjayasejati.com/product-category/perlengkapan-menggambar/perlengkapan-cat/?per_page=12&shop_view=grid&per_row=4
Starting crawl of https://anjayasejati.com/product-category/perlengkapan-menggambar/perlengkapan-cat/?per_page=12&shop_view=grid&per_row=4
get_status called - crawl_results length: 773, status: running, crawled: 773
get_status called - crawl_results length: 773, status: running, crawled: 773
Added URL to results: https://anjayasejati.com/product-category/perlengkapan-menggambar/perlengkapan-cat/?per_page=9&shop_view=grid&per_row=4 - Total in results: 774
Submitting task for: https://anjayasejati.com/product-category/perlengkapan-menggambar/perlengkapan-cat/?per_page=18&shop_view=list
Starting crawl of https://anjayasejati.com/product-category/perlengkapan-menggambar/perlengkapan-cat/?per_page=18&shop_view=list
Added URL to results: https://anjayasejati.com/product-category/perlengkapan-menggambar/perlengkapan-cat/?per_page=12&shop_view=list - Total in results: 775
Submitting task for: https://anjayasejati.com/product-category/perlengkapan-menggambar/perlengkapan-cat/?per_page=18&shop_view=grid&per_row=2
Starting crawl of https://anjayasejati.com/product-category/perlengkapan-menggambar/perlengkapan-cat/?per_page=18&shop_view=grid&per_row=2
Added URL to results: https://anjayasejati.com/product-category/perlengkapan-menggambar/perlengkapan-cat/?per_page=12&shop_view=grid&per_row=2 - Total in results: 776
Submitting task for: https://anjayasejati.com/product-category/perlengkapan-menggambar/perlengkapan-cat/?per_page=18&shop_view=grid&per_row=3
Starting crawl of https://anjayasejati.com/product-category/perlengkapan-menggambar/perlengkapan-cat/?per_page=18&shop_view=grid&per_row=3
get_status called - crawl_results length: 776, status: running, crawled: 776
Added URL to results: https://anjayasejati.com/product-category/perlengkapan-menggambar/perlengkapan-cat/?per_page=12&shop_view=grid&per_row=3 - Total in results: 777
Submitting task for: https://anjayasejati.com/product-category/perlengkapan-menggambar/perlengkapan-cat/?per_page=18&shop_view=grid&per_row=4
Starting crawl of https://anjayasejati.com/product-category/perlengkapan-menggambar/perlengkapan-cat/?per_page=18&shop_view=grid&per_row=4
Added URL to results: https://anjayasejati.com/product-category/perlengkapan-menggambar/perlengkapan-cat/?per_page=12&shop_view=grid&per_row=4 - Total in results: 778
Submitting task for: https://anjayasejati.com/product-category/perlengkapan-menggambar/perlengkapan-cat/?per_page=24&shop_view=list
Starting crawl of https://anjayasejati.com/product-category/perlengkapan-menggambar/perlengkapan-cat/?per_page=24&shop_view=list
get_status called - crawl_results length: 778, status: running, crawled: 778
Added URL to results: https://anjayasejati.com/product-category/perlengkapan-menggambar/perlengkapan-cat/?per_page=18&shop_view=list - Total in results: 779
Submitting task for: https://anjayasejati.com/product-category/perlengkapan-menggambar/perlengkapan-cat/?per_page=24&shop_view=grid&per_row=2
Starting crawl of https://anjayasejati.com/product-category/perlengkapan-menggambar/perlengkapan-cat/?per_page=24&shop_view=grid&per_row=2
Added URL to results: https://anjayasejati.com/product-category/perlengkapan-menggambar/perlengkapan-cat/?per_page=24&shop_view=grid&per_row=2 - Total in results: 780
Submitting task for: https://anjayasejati.com/product-category/perlengkapan-menggambar/perlengkapan-cat/?per_page=24&shop_view=grid&per_row=3
Starting crawl of https://anjayasejati.com/product-category/perlengkapan-menggambar/perlengkapan-cat/?per_page=24&shop_view=grid&per_row=3
get_status called - crawl_results length: 780, status: running, crawled: 780
Added URL to results: https://anjayasejati.com/product-category/perlengkapan-menggambar/perlengkapan-cat/?per_page=18&shop_view=grid&per_row=2 - Total in results: 781
Submitting task for: https://anjayasejati.com/product-category/perlengkapan-menggambar/perlengkapan-cat/?per_page=24&shop_view=grid&per_row=4
Starting crawl of https://anjayasejati.com/product-category/perlengkapan-menggambar/perlengkapan-cat/?per_page=24&shop_view=grid&per_row=4
Added URL to results: https://anjayasejati.com/product-category/perlengkapan-menggambar/perlengkapan-cat/?per_page=18&shop_view=grid&per_row=3 - Total in results: 782
Submitting task for: https://anjayasejati.com/product-category/perlengkapan-menggambar/brush-pen/?shop_view=list&per_page=9
Starting crawl of https://anjayasejati.com/product-category/perlengkapan-menggambar/brush-pen/?shop_view=list&per_page=9
get_status called - crawl_results length: 782, status: running, crawled: 782
Added URL to results: https://anjayasejati.com/product-category/perlengkapan-menggambar/perlengkapan-cat/?per_page=18&shop_view=grid&per_row=4 - Total in results: 783
Submitting task for: https://anjayasejati.com/product-category/perlengkapan-menggambar/brush-pen/?shop_view=list&per_page=12
Starting crawl of https://anjayasejati.com/product-category/perlengkapan-menggambar/brush-pen/?shop_view=list&per_page=12
Added URL to results: https://anjayasejati.com/product-category/perlengkapan-menggambar/perlengkapan-cat/?per_page=24&shop_view=list - Total in results: 784
Submitting task for: https://anjayasejati.com/product-category/perlengkapan-menggambar/brush-pen/?shop_view=list&per_page=18
Starting crawl of https://anjayasejati.com/product-category/perlengkapan-menggambar/brush-pen/?shop_view=list&per_page=18
get_status called - crawl_results length: 784, status: running, crawled: 784
Added URL to results: https://anjayasejati.com/product-category/perlengkapan-menggambar/perlengkapan-cat/?per_page=24&shop_view=grid&per_row=3 - Total in results: 785
Submitting task for: https://anjayasejati.com/product-category/perlengkapan-menggambar/brush-pen/?shop_view=list&per_page=24
Starting crawl of https://anjayasejati.com/product-category/perlengkapan-menggambar/brush-pen/?shop_view=list&per_page=24
get_status called - crawl_results length: 785, status: running, crawled: 785
Added URL to results: https://anjayasejati.com/product-category/perlengkapan-menggambar/brush-pen/?shop_view=list&per_page=9 - Total in results: 786
Submitting task for: https://anjayasejati.com/product-category/perlengkapan-menggambar/brush-pen/?per_row=4&shop_view=grid&per_page=9
Starting crawl of https://anjayasejati.com/product-category/perlengkapan-menggambar/brush-pen/?per_row=4&shop_view=grid&per_page=9
Added URL to results: https://anjayasejati.com/product-category/perlengkapan-menggambar/perlengkapan-cat/?per_page=24&shop_view=grid&per_row=4 - Total in results: 787
Submitting task for: https://anjayasejati.com/product-category/perlengkapan-menggambar/brush-pen/?per_row=4&shop_view=grid&per_page=12
Starting crawl of https://anjayasejati.com/product-category/perlengkapan-menggambar/brush-pen/?per_row=4&shop_view=grid&per_page=12
Added URL to results: https://anjayasejati.com/product-category/perlengkapan-menggambar/brush-pen/?per_row=4&shop_view=grid&per_page=9 - Total in results: 788
Submitting task for: https://anjayasejati.com/product-category/perlengkapan-menggambar/brush-pen/?per_row=4&shop_view=grid&per_page=18
Starting crawl of https://anjayasejati.com/product-category/perlengkapan-menggambar/brush-pen/?per_row=4&shop_view=grid&per_page=18
Added URL to results: https://anjayasejati.com/product-category/perlengkapan-menggambar/brush-pen/?shop_view=list&per_page=12 - Total in results: 789
Submitting task for: https://anjayasejati.com/product-category/perlengkapan-menggambar/brush-pen/?per_row=4&shop_view=grid&per_page=24
Starting crawl of https://anjayasejati.com/product-category/perlengkapan-menggambar/brush-pen/?per_row=4&shop_view=grid&per_page=24
Added URL to results: https://anjayasejati.com/product-category/perlengkapan-menggambar/brush-pen/?shop_view=list&per_page=18 - Total in results: 790
Submitting task for: https://anjayasejati.com/product-category/perlengkapan-menggambar/brush-pen/?per_row=4&shop_view=list
Starting crawl of https://anjayasejati.com/product-category/perlengkapan-menggambar/brush-pen/?per_row=4&shop_view=list
get_status called - crawl_results length: 790, status: running, crawled: 790
get_status called - crawl_results length: 790, status: running, crawled: 790
Added URL to results: https://anjayasejati.com/product-category/perlengkapan-menggambar/brush-pen/?shop_view=list&per_page=24 - Total in results: 791
Submitting task for: https://anjayasejati.com/product-category/perlengkapan-menggambar/brush-pen/?per_row=3&shop_view=grid&per_page=9
Starting crawl of https://anjayasejati.com/product-category/perlengkapan-menggambar/brush-pen/?per_row=3&shop_view=grid&per_page=9
get_status called - crawl_results length: 791, status: running, crawled: 791
Added URL to results: https://anjayasejati.com/product-category/perlengkapan-menggambar/brush-pen/?per_row=4&shop_view=grid&per_page=12 - Total in results: 792
Submitting task for: https://anjayasejati.com/product-category/perlengkapan-menggambar/brush-pen/?per_row=3&shop_view=grid&per_page=12
Starting crawl of https://anjayasejati.com/product-category/perlengkapan-menggambar/brush-pen/?per_row=3&shop_view=grid&per_page=12
Added URL to results: https://anjayasejati.com/product-category/perlengkapan-menggambar/brush-pen/?per_row=4&shop_view=grid&per_page=18 - Total in results: 793
Submitting task for: https://anjayasejati.com/product-category/perlengkapan-menggambar/brush-pen/?per_row=3&shop_view=grid&per_page=18
Starting crawl of https://anjayasejati.com/product-category/perlengkapan-menggambar/brush-pen/?per_row=3&shop_view=grid&per_page=18
Added URL to results: https://anjayasejati.com/product-category/perlengkapan-menggambar/brush-pen/?per_row=4&shop_view=grid&per_page=24 - Total in results: 794
Submitting task for: https://anjayasejati.com/product-category/perlengkapan-menggambar/brush-pen/?per_row=3&shop_view=grid&per_page=24
Starting crawl of https://anjayasejati.com/product-category/perlengkapan-menggambar/brush-pen/?per_row=3&shop_view=grid&per_page=24
get_status called - crawl_results length: 794, status: running, crawled: 794
Added URL to results: https://anjayasejati.com/product-category/perlengkapan-menggambar/brush-pen/?per_row=4&shop_view=list - Total in results: 795
Submitting task for: https://anjayasejati.com/product-category/perlengkapan-menggambar/brush-pen/?per_row=3&shop_view=list
Starting crawl of https://anjayasejati.com/product-category/perlengkapan-menggambar/brush-pen/?per_row=3&shop_view=list
get_status called - crawl_results length: 795, status: running, crawled: 795
Added URL to results: https://anjayasejati.com/product-category/perlengkapan-menggambar/brush-pen/?per_row=3&shop_view=grid&per_page=9 - Total in results: 796
Submitting task for: https://anjayasejati.com/product-category/perlengkapan-menggambar/crayon/?per_page=9&shop_view=list
Starting crawl of https://anjayasejati.com/product-category/perlengkapan-menggambar/crayon/?per_page=9&shop_view=list
get_status called - crawl_results length: 796, status: running, crawled: 796
Added URL to results: https://anjayasejati.com/product-category/perlengkapan-menggambar/brush-pen/?per_row=3&shop_view=grid&per_page=12 - Total in results: 797
Submitting task for: https://anjayasejati.com/product-category/perlengkapan-menggambar/crayon/?per_page=9&shop_view=grid&per_row=2
Starting crawl of https://anjayasejati.com/product-category/perlengkapan-menggambar/crayon/?per_page=9&shop_view=grid&per_row=2
Added URL to results: https://anjayasejati.com/product-category/perlengkapan-menggambar/brush-pen/?per_row=3&shop_view=grid&per_page=18 - Total in results: 798
Submitting task for: https://anjayasejati.com/product-category/perlengkapan-menggambar/crayon/?per_page=9&shop_view=grid&per_row=3
Starting crawl of https://anjayasejati.com/product-category/perlengkapan-menggambar/crayon/?per_page=9&shop_view=grid&per_row=3
get_status called - crawl_results length: 798, status: running, crawled: 798
Added URL to results: https://anjayasejati.com/product-category/perlengkapan-menggambar/brush-pen/?per_row=3&shop_view=grid&per_page=24 - Total in results: 799
Submitting task for: https://anjayasejati.com/product-category/perlengkapan-menggambar/crayon/?per_page=9&shop_view=grid&per_row=4
Added URL to results: https://anjayasejati.com/product-category/perlengkapan-menggambar/brush-pen/?per_row=3&shop_view=list - Total in results: 800
Starting crawl of https://anjayasejati.com/product-category/perlengkapan-menggambar/crayon/?per_page=9&shop_view=grid&per_row=4
Submitting task for: https://anjayasejati.com/product-category/perlengkapan-menggambar/crayon/page/2/?per_page=9
Starting crawl of https://anjayasejati.com/product-category/perlengkapan-menggambar/crayon/page/2/?per_page=9
Added URL to results: https://anjayasejati.com/product-category/perlengkapan-menggambar/crayon/?per_page=9&shop_view=grid&per_row=4 - Total in results: 801
Submitting task for: https://anjayasejati.com/product-category/perlengkapan-menggambar/crayon/page/3/?per_page=9
Starting crawl of https://anjayasejati.com/product-category/perlengkapan-menggambar/crayon/page/3/?per_page=9
get_status called - crawl_results length: 801, status: running, crawled: 801
Added URL to results: https://anjayasejati.com/product-category/perlengkapan-menggambar/crayon/?per_page=9&shop_view=list - Total in results: 802
Submitting task for: https://anjayasejati.com/product-category/perlengkapan-menggambar/perlengkapan-cat/?shop_view=list&per_page=9
Starting crawl of https://anjayasejati.com/product-category/perlengkapan-menggambar/perlengkapan-cat/?shop_view=list&per_page=9
get_status called - crawl_results length: 802, status: running, crawled: 802
Added URL to results: https://anjayasejati.com/product-category/perlengkapan-menggambar/crayon/?per_page=9&shop_view=grid&per_row=2 - Total in results: 803
Submitting task for: https://anjayasejati.com/product-category/perlengkapan-menggambar/perlengkapan-cat/?shop_view=list&per_page=12
Starting crawl of https://anjayasejati.com/product-category/perlengkapan-menggambar/perlengkapan-cat/?shop_view=list&per_page=12
Added URL to results: https://anjayasejati.com/product-category/perlengkapan-menggambar/crayon/?per_page=9&shop_view=grid&per_row=3 - Total in results: 804
Submitting task for: https://anjayasejati.com/product-category/perlengkapan-menggambar/perlengkapan-cat/?shop_view=list&per_page=18
Starting crawl of https://anjayasejati.com/product-category/perlengkapan-menggambar/perlengkapan-cat/?shop_view=list&per_page=18
Added URL to results: https://anjayasejati.com/product-category/perlengkapan-menggambar/crayon/page/2/?per_page=9 - Total in results: 805
Submitting task for: https://anjayasejati.com/product-category/perlengkapan-menggambar/perlengkapan-cat/?shop_view=list&per_page=24
Starting crawl of https://anjayasejati.com/product-category/perlengkapan-menggambar/perlengkapan-cat/?shop_view=list&per_page=24
Added URL to results: https://anjayasejati.com/product-category/perlengkapan-menggambar/crayon/page/3/?per_page=9 - Total in results: 806
Submitting task for: https://anjayasejati.com/product-category/perlengkapan-menggambar/crayon/?per_page=18&shop_view=list
Starting crawl of https://anjayasejati.com/product-category/perlengkapan-menggambar/crayon/?per_page=18&shop_view=list
get_status called - crawl_results length: 806, status: running, crawled: 806
Saved 50 URLs to database for crawl 1
Saved 4832 links to database for crawl 1
Saved 169 issues to database for crawl 1
Saved batch to database for crawl 1
Added URL to results: https://anjayasejati.com/product-category/perlengkapan-menggambar/perlengkapan-cat/?shop_view=list&per_page=24 - Total in results: 807
Submitting task for: https://anjayasejati.com/product-category/perlengkapan-menggambar/crayon/?per_page=18&shop_view=grid&per_row=2
Starting crawl of https://anjayasejati.com/product-category/perlengkapan-menggambar/crayon/?per_page=18&shop_view=grid&per_row=2
Added URL to results: https://anjayasejati.com/product-category/perlengkapan-menggambar/crayon/?per_page=18&shop_view=grid&per_row=2 - Total in results: 808
Submitting task for: https://anjayasejati.com/product-category/perlengkapan-menggambar/crayon/?per_page=18&shop_view=grid&per_row=3
Starting crawl of https://anjayasejati.com/product-category/perlengkapan-menggambar/crayon/?per_page=18&shop_view=grid&per_row=3
Added URL to results: https://anjayasejati.com/product-category/perlengkapan-menggambar/perlengkapan-cat/?shop_view=list&per_page=9 - Total in results: 809
Submitting task for: https://anjayasejati.com/product-category/perlengkapan-menggambar/crayon/?per_page=18&shop_view=grid&per_row=4
Starting crawl of https://anjayasejati.com/product-category/perlengkapan-menggambar/crayon/?per_page=18&shop_view=grid&per_row=4
get_status called - crawl_results length: 809, status: running, crawled: 809
Added URL to results: https://anjayasejati.com/product-category/perlengkapan-menggambar/perlengkapan-cat/?shop_view=list&per_page=18 - Total in results: 810
Submitting task for: https://anjayasejati.com/product-category/perlengkapan-menggambar/crayon/page/2/?per_page=18
Starting crawl of https://anjayasejati.com/product-category/perlengkapan-menggambar/crayon/page/2/?per_page=18
Added URL to results: https://anjayasejati.com/product-category/perlengkapan-menggambar/perlengkapan-cat/?shop_view=list&per_page=12 - Total in results: 811
Submitting task for: https://anjayasejati.com/product-category/perlengkapan-menggambar/perlengkapan-cat/?per_row=2&shop_view=grid&per_page=9
Starting crawl of https://anjayasejati.com/product-category/perlengkapan-menggambar/perlengkapan-cat/?per_row=2&shop_view=grid&per_page=9
Added URL to results: https://anjayasejati.com/product-category/perlengkapan-menggambar/crayon/?per_page=18&shop_view=list - Total in results: 812
Submitting task for: https://anjayasejati.com/product-category/perlengkapan-menggambar/perlengkapan-cat/?per_row=2&shop_view=grid&per_page=12
Starting crawl of https://anjayasejati.com/product-category/perlengkapan-menggambar/perlengkapan-cat/?per_row=2&shop_view=grid&per_page=12
Added URL to results: https://anjayasejati.com/product-category/perlengkapan-menggambar/perlengkapan-cat/?per_row=2&shop_view=grid&per_page=12 - Total in results: 813
Submitting task for: https://anjayasejati.com/product-category/perlengkapan-menggambar/perlengkapan-cat/?per_row=2&shop_view=grid&per_page=18
Starting crawl of https://anjayasejati.com/product-category/perlengkapan-menggambar/perlengkapan-cat/?per_row=2&shop_view=grid&per_page=18
get_status called - crawl_results length: 813, status: running, crawled: 813
Added URL to results: https://anjayasejati.com/product-category/perlengkapan-menggambar/crayon/?per_page=18&shop_view=grid&per_row=3 - Total in results: 814
Submitting task for: https://anjayasejati.com/product-category/perlengkapan-menggambar/perlengkapan-cat/?per_row=2&shop_view=grid&per_page=24
Starting crawl of https://anjayasejati.com/product-category/perlengkapan-menggambar/perlengkapan-cat/?per_row=2&shop_view=grid&per_page=24
Added URL to results: https://anjayasejati.com/product-category/perlengkapan-menggambar/crayon/?per_page=18&shop_view=grid&per_row=4 - Total in results: 815
Submitting task for: https://anjayasejati.com/product-category/perlengkapan-menggambar/perlengkapan-cat/?per_row=2&shop_view=list
Starting crawl of https://anjayasejati.com/product-category/perlengkapan-menggambar/perlengkapan-cat/?per_row=2&shop_view=list
Added URL to results: https://anjayasejati.com/product-category/perlengkapan-menggambar/crayon/page/2/?per_page=18 - Total in results: 816
Submitting task for: https://anjayasejati.com/product-category/perlengkapan-menggambar/perlengkapan-cat/?per_row=2&shop_view=grid
Starting crawl of https://anjayasejati.com/product-category/perlengkapan-menggambar/perlengkapan-cat/?per_row=2&shop_view=grid
get_status called - crawl_results length: 816, status: running, crawled: 816
Added URL to results: https://anjayasejati.com/product-category/perlengkapan-menggambar/perlengkapan-cat/?per_row=2&shop_view=grid - Total in results: 817
Submitting task for: https://anjayasejati.com/product-category/perlengkapan-menggambar/perlengkapan-cat/?per_row=3&shop_view=grid
Starting crawl of https://anjayasejati.com/product-category/perlengkapan-menggambar/perlengkapan-cat/?per_row=3&shop_view=grid
Added URL to results: https://anjayasejati.com/product-category/perlengkapan-menggambar/perlengkapan-cat/?per_row=2&shop_view=grid&per_page=9 - Total in results: 818
Submitting task for: https://anjayasejati.com/product-category/perlengkapan-menggambar/perlengkapan-cat/?per_row=4&shop_view=grid
Starting crawl of https://anjayasejati.com/product-category/perlengkapan-menggambar/perlengkapan-cat/?per_row=4&shop_view=grid
Added URL to results: https://anjayasejati.com/product-category/perlengkapan-menggambar/perlengkapan-cat/?per_row=3&shop_view=grid - Total in results: 819
Submitting task for: https://anjayasejati.com/product-category/perlengkapan-menggambar/crayon/?per_page=24&shop_view=list
Starting crawl of https://anjayasejati.com/product-category/perlengkapan-menggambar/crayon/?per_page=24&shop_view=list
Added URL to results: https://anjayasejati.com/product-category/perlengkapan-menggambar/perlengkapan-cat/?per_row=4&shop_view=grid - Total in results: 820
Submitting task for: https://anjayasejati.com/product-category/perlengkapan-menggambar/crayon/?per_page=24&shop_view=grid&per_row=2
Starting crawl of https://anjayasejati.com/product-category/perlengkapan-menggambar/crayon/?per_page=24&shop_view=grid&per_row=2
Added URL to results: https://anjayasejati.com/product-category/perlengkapan-menggambar/perlengkapan-cat/?per_row=2&shop_view=grid&per_page=18 - Total in results: 821
Submitting task for: https://anjayasejati.com/product-category/perlengkapan-menggambar/crayon/?per_page=24&shop_view=grid&per_row=3
Starting crawl of https://anjayasejati.com/product-category/perlengkapan-menggambar/crayon/?per_page=24&shop_view=grid&per_row=3
Added URL to results: https://anjayasejati.com/product-category/perlengkapan-menggambar/perlengkapan-cat/?per_row=2&shop_view=grid&per_page=24 - Total in results: 822
Submitting task for: https://anjayasejati.com/product-category/perlengkapan-menggambar/crayon/?per_page=24&shop_view=grid&per_row=4
Starting crawl of https://anjayasejati.com/product-category/perlengkapan-menggambar/crayon/?per_page=24&shop_view=grid&per_row=4
get_status called - crawl_results length: 822, status: running, crawled: 822
Added URL to results: https://anjayasejati.com/product-category/perlengkapan-menggambar/perlengkapan-cat/?per_row=2&shop_view=list - Total in results: 823
Submitting task for: https://anjayasejati.com/product-category/perlengkapan-menggambar/crayon/?shop_view=list&per_page=9
Starting crawl of https://anjayasejati.com/product-category/perlengkapan-menggambar/crayon/?shop_view=list&per_page=9
Added URL to results: https://anjayasejati.com/product-category/perlengkapan-menggambar/crayon/?shop_view=list&per_page=9 - Total in results: 824
Submitting task for: https://anjayasejati.com/product-category/perlengkapan-menggambar/crayon/?shop_view=list&per_page=12
Starting crawl of https://anjayasejati.com/product-category/perlengkapan-menggambar/crayon/?shop_view=list&per_page=12
get_status called - crawl_results length: 824, status: running, crawled: 824
Added URL to results: https://anjayasejati.com/product-category/perlengkapan-menggambar/crayon/?per_page=24&shop_view=list - Total in results: 825
Submitting task for: https://anjayasejati.com/product-category/perlengkapan-menggambar/crayon/?shop_view=list&per_page=18
Starting crawl of https://anjayasejati.com/product-category/perlengkapan-menggambar/crayon/?shop_view=list&per_page=18
Added URL to results: https://anjayasejati.com/product-category/perlengkapan-menggambar/crayon/?per_page=24&shop_view=grid&per_row=2 - Total in results: 826
Submitting task for: https://anjayasejati.com/product-category/perlengkapan-menggambar/crayon/?shop_view=list&per_page=24
Starting crawl of https://anjayasejati.com/product-category/perlengkapan-menggambar/crayon/?shop_view=list&per_page=24
Added URL to results: https://anjayasejati.com/product-category/perlengkapan-menggambar/crayon/?per_page=24&shop_view=grid&per_row=3 - Total in results: 827
Submitting task for: https://anjayasejati.com/product-category/perlengkapan-menggambar/crayon/page/2/?shop_view=list
Starting crawl of https://anjayasejati.com/product-category/perlengkapan-menggambar/crayon/page/2/?shop_view=list
Added URL to results: https://anjayasejati.com/product-category/perlengkapan-menggambar/crayon/?per_page=24&shop_view=grid&per_row=4 - Total in results: 828
Submitting task for: https://anjayasejati.com/product-category/perlengkapan-menggambar/perlengkapan-cat/?per_row=3&shop_view=grid&per_page=9
Starting crawl of https://anjayasejati.com/product-category/perlengkapan-menggambar/perlengkapan-cat/?per_row=3&shop_view=grid&per_page=9
Added URL to results: https://anjayasejati.com/product-category/perlengkapan-menggambar/crayon/?shop_view=list&per_page=12 - Total in results: 829
Submitting task for: https://anjayasejati.com/product-category/perlengkapan-menggambar/perlengkapan-cat/?per_row=3&shop_view=grid&per_page=12
Starting crawl of https://anjayasejati.com/product-category/perlengkapan-menggambar/perlengkapan-cat/?per_row=3&shop_view=grid&per_page=12
Added URL to results: https://anjayasejati.com/product-category/perlengkapan-menggambar/perlengkapan-cat/?per_row=3&shop_view=grid&per_page=12 - Total in results: 830
Submitting task for: https://anjayasejati.com/product-category/perlengkapan-menggambar/perlengkapan-cat/?per_row=3&shop_view=grid&per_page=18
Starting crawl of https://anjayasejati.com/product-category/perlengkapan-menggambar/perlengkapan-cat/?per_row=3&shop_view=grid&per_page=18
get_status called - crawl_results length: 830, status: running, crawled: 830
Added URL to results: https://anjayasejati.com/product-category/perlengkapan-menggambar/crayon/?shop_view=list&per_page=18 - Total in results: 831
Submitting task for: https://anjayasejati.com/product-category/perlengkapan-menggambar/perlengkapan-cat/?per_row=3&shop_view=grid&per_page=24
Starting crawl of https://anjayasejati.com/product-category/perlengkapan-menggambar/perlengkapan-cat/?per_row=3&shop_view=grid&per_page=24
Added URL to results: https://anjayasejati.com/product-category/perlengkapan-menggambar/crayon/?shop_view=list&per_page=24 - Total in results: 832
Submitting task for: https://anjayasejati.com/product-category/perlengkapan-menggambar/perlengkapan-cat/?per_row=3&shop_view=list
Starting crawl of https://anjayasejati.com/product-category/perlengkapan-menggambar/perlengkapan-cat/?per_row=3&shop_view=list
get_status called - crawl_results length: 832, status: running, crawled: 832
Added URL to results: https://anjayasejati.com/product-category/perlengkapan-menggambar/crayon/page/2/?shop_view=list - Total in results: 833
Submitting task for: https://anjayasejati.com/product-category/perlengkapan-menggambar/crayon/?per_row=3&shop_view=grid&per_page=9
Starting crawl of https://anjayasejati.com/product-category/perlengkapan-menggambar/crayon/?per_row=3&shop_view=grid&per_page=9
Added URL to results: https://anjayasejati.com/product-category/perlengkapan-menggambar/perlengkapan-cat/?per_row=3&shop_view=grid&per_page=9 - Total in results: 834
Submitting task for: https://anjayasejati.com/product-category/perlengkapan-menggambar/crayon/?per_row=3&shop_view=grid&per_page=12
Starting crawl of https://anjayasejati.com/product-category/perlengkapan-menggambar/crayon/?per_row=3&shop_view=grid&per_page=12
Added URL to results: https://anjayasejati.com/product-category/perlengkapan-menggambar/perlengkapan-cat/?per_row=3&shop_view=grid&per_page=18 - Total in results: 835
Submitting task for: https://anjayasejati.com/product-category/perlengkapan-menggambar/crayon/?per_row=3&shop_view=grid&per_page=18
Starting crawl of https://anjayasejati.com/product-category/perlengkapan-menggambar/crayon/?per_row=3&shop_view=grid&per_page=18
get_status called - crawl_results length: 835, status: running, crawled: 835
Added URL to results: https://anjayasejati.com/product-category/perlengkapan-menggambar/perlengkapan-cat/?per_row=3&shop_view=grid&per_page=24 - Total in results: 836
Added URL to results: https://anjayasejati.com/product-category/perlengkapan-menggambar/perlengkapan-cat/?per_row=3&shop_view=list - Total in results: 837
Submitting task for: https://anjayasejati.com/product-category/perlengkapan-menggambar/crayon/?per_row=3&shop_view=grid&per_page=24
Submitting task for: https://anjayasejati.com/product-category/perlengkapan-menggambar/crayon/?per_row=3&shop_view=list
Starting crawl of https://anjayasejati.com/product-category/perlengkapan-menggambar/crayon/?per_row=3&shop_view=grid&per_page=24
Starting crawl of https://anjayasejati.com/product-category/perlengkapan-menggambar/crayon/?per_row=3&shop_view=list
Added URL to results: https://anjayasejati.com/product-category/perlengkapan-menggambar/crayon/?per_row=3&shop_view=grid&per_page=9 - Total in results: 838
Submitting task for: https://anjayasejati.com/product-category/perlengkapan-menggambar/crayon/?per_row=2&shop_view=grid
Starting crawl of https://anjayasejati.com/product-category/perlengkapan-menggambar/crayon/?per_row=2&shop_view=grid
Added URL to results: https://anjayasejati.com/product-category/perlengkapan-menggambar/crayon/?per_row=3&shop_view=grid&per_page=12 - Total in results: 839
Submitting task for: https://anjayasejati.com/product-category/perlengkapan-menggambar/crayon/?per_row=3&shop_view=grid
Starting crawl of https://anjayasejati.com/product-category/perlengkapan-menggambar/crayon/?per_row=3&shop_view=grid
get_status called - crawl_results length: 839, status: running, crawled: 839
Added URL to results: https://anjayasejati.com/product-category/perlengkapan-menggambar/crayon/?per_row=3&shop_view=grid&per_page=18 - Total in results: 840
Submitting task for: https://anjayasejati.com/product-category/perlengkapan-menggambar/crayon/?per_row=4&shop_view=grid
Starting crawl of https://anjayasejati.com/product-category/perlengkapan-menggambar/crayon/?per_row=4&shop_view=grid
get_status called - crawl_results length: 840, status: running, crawled: 840
Added URL to results: https://anjayasejati.com/product-category/perlengkapan-menggambar/crayon/?per_row=3&shop_view=list - Total in results: 841
Submitting task for: https://anjayasejati.com/product-category/perlengkapan-menggambar/crayon/page/2/?shop_view=grid&per_row=3
Starting crawl of https://anjayasejati.com/product-category/perlengkapan-menggambar/crayon/page/2/?shop_view=grid&per_row=3
Added URL to results: https://anjayasejati.com/product-category/perlengkapan-menggambar/crayon/?per_row=3&shop_view=grid&per_page=24 - Total in results: 842
Submitting task for: https://anjayasejati.com/product-category/perlengkapan-menggambar/crayon/?per_row=2&shop_view=grid&per_page=9
Starting crawl of https://anjayasejati.com/product-category/perlengkapan-menggambar/crayon/?per_row=2&shop_view=grid&per_page=9
Added URL to results: https://anjayasejati.com/product-category/perlengkapan-menggambar/crayon/?per_row=2&shop_view=grid - Total in results: 843
Submitting task for: https://anjayasejati.com/product-category/perlengkapan-menggambar/crayon/?per_row=2&shop_view=grid&per_page=12
Starting crawl of https://anjayasejati.com/product-category/perlengkapan-menggambar/crayon/?per_row=2&shop_view=grid&per_page=12
Added URL to results: https://anjayasejati.com/product-category/perlengkapan-menggambar/crayon/?per_row=3&shop_view=grid - Total in results: 844
Submitting task for: https://anjayasejati.com/product-category/perlengkapan-menggambar/crayon/?per_row=2&shop_view=grid&per_page=18
Starting crawl of https://anjayasejati.com/product-category/perlengkapan-menggambar/crayon/?per_row=2&shop_view=grid&per_page=18
Added URL to results: https://anjayasejati.com/product-category/perlengkapan-menggambar/crayon/?per_row=2&shop_view=grid&per_page=18 - Total in results: 845
Submitting task for: https://anjayasejati.com/product-category/perlengkapan-menggambar/crayon/?per_row=2&shop_view=grid&per_page=24
Starting crawl of https://anjayasejati.com/product-category/perlengkapan-menggambar/crayon/?per_row=2&shop_view=grid&per_page=24
get_status called - crawl_results length: 845, status: running, crawled: 845
Added URL to results: https://anjayasejati.com/product-category/perlengkapan-menggambar/crayon/?per_row=4&shop_view=grid - Total in results: 846
Submitting task for: https://anjayasejati.com/product-category/perlengkapan-menggambar/crayon/?per_row=2&shop_view=list
Starting crawl of https://anjayasejati.com/product-category/perlengkapan-menggambar/crayon/?per_row=2&shop_view=list
Added URL to results: https://anjayasejati.com/product-category/perlengkapan-menggambar/crayon/page/2/?shop_view=grid&per_row=3 - Total in results: 847
Submitting task for: https://anjayasejati.com/product-category/perlengkapan-menggambar/crayon/page/2/?shop_view=grid&per_row=2
Starting crawl of https://anjayasejati.com/product-category/perlengkapan-menggambar/crayon/page/2/?shop_view=grid&per_row=2
Added URL to results: https://anjayasejati.com/product-category/perlengkapan-menggambar/crayon/?per_row=2&shop_view=grid&per_page=9 - Total in results: 848
Submitting task for: https://anjayasejati.com/product-category/perlengkapan-menggambar/crayon/page/1/
Starting crawl of https://anjayasejati.com/product-category/perlengkapan-menggambar/crayon/page/1/
get_status called - crawl_results length: 848, status: running, crawled: 848
Added URL to results: https://anjayasejati.com/product-category/perlengkapan-menggambar/crayon/?per_row=2&shop_view=grid&per_page=12 - Total in results: 849
Submitting task for: https://anjayasejati.com/product-category/perlengkapan-menggambar/crayon/?per_row=4&shop_view=grid&per_page=9
Starting crawl of https://anjayasejati.com/product-category/perlengkapan-menggambar/crayon/?per_row=4&shop_view=grid&per_page=9
Added URL to results: https://anjayasejati.com/product-category/perlengkapan-menggambar/crayon/?per_row=2&shop_view=grid&per_page=24 - Total in results: 850
Submitting task for: https://anjayasejati.com/product-category/perlengkapan-menggambar/crayon/?per_row=4&shop_view=grid&per_page=12
Starting crawl of https://anjayasejati.com/product-category/perlengkapan-menggambar/crayon/?per_row=4&shop_view=grid&per_page=12
Added URL to results: https://anjayasejati.com/product-category/perlengkapan-menggambar/crayon/?per_row=4&shop_view=grid&per_page=12 - Total in results: 851
Submitting task for: https://anjayasejati.com/product-category/perlengkapan-menggambar/crayon/?per_row=4&shop_view=grid&per_page=18
Starting crawl of https://anjayasejati.com/product-category/perlengkapan-menggambar/crayon/?per_row=4&shop_view=grid&per_page=18
Added URL to results: https://anjayasejati.com/product-category/perlengkapan-menggambar/crayon/page/1/ - Total in results: 852
Submitting task for: https://anjayasejati.com/product-category/perlengkapan-menggambar/crayon/?per_row=4&shop_view=grid&per_page=24
Starting crawl of https://anjayasejati.com/product-category/perlengkapan-menggambar/crayon/?per_row=4&shop_view=grid&per_page=24
get_status called - crawl_results length: 852, status: running, crawled: 852
Added URL to results: https://anjayasejati.com/product-category/perlengkapan-menggambar/crayon/?per_row=2&shop_view=list - Total in results: 853
Submitting task for: https://anjayasejati.com/product-category/perlengkapan-menggambar/crayon/?per_row=4&shop_view=list
Starting crawl of https://anjayasejati.com/product-category/perlengkapan-menggambar/crayon/?per_row=4&shop_view=list
Added URL to results: https://anjayasejati.com/product-category/perlengkapan-menggambar/crayon/?per_row=4&shop_view=list - Total in results: 854
Submitting task for: https://anjayasejati.com/product-category/perlengkapan-menggambar/crayon/page/2/?shop_view=grid&per_row=4
Starting crawl of https://anjayasejati.com/product-category/perlengkapan-menggambar/crayon/page/2/?shop_view=grid&per_row=4
Added URL to results: https://anjayasejati.com/product-category/perlengkapan-menggambar/crayon/page/2/?shop_view=grid&per_row=2 - Total in results: 855
Submitting task for: https://anjayasejati.com/product-category/perlengkapan-menggambar/palet-lukis-palet-cat-air/?per_page=18&shop_view=list
Starting crawl of https://anjayasejati.com/product-category/perlengkapan-menggambar/palet-lukis-palet-cat-air/?per_page=18&shop_view=list
get_status called - crawl_results length: 855, status: running, crawled: 855
Added URL to results: https://anjayasejati.com/product-category/perlengkapan-menggambar/crayon/?per_row=4&shop_view=grid&per_page=9 - Total in results: 856
Submitting task for: https://anjayasejati.com/product-category/perlengkapan-menggambar/palet-lukis-palet-cat-air/?per_page=18&shop_view=grid&per_row=2
Starting crawl of https://anjayasejati.com/product-category/perlengkapan-menggambar/palet-lukis-palet-cat-air/?per_page=18&shop_view=grid&per_row=2
Saved 51 URLs to database for crawl 1
Added URL to results: https://anjayasejati.com/product-category/perlengkapan-menggambar/crayon/page/2/?shop_view=grid&per_row=4 - Total in results: 857
Submitting task for: https://anjayasejati.com/product-category/perlengkapan-menggambar/palet-lukis-palet-cat-air/?per_page=18&shop_view=grid&per_row=3
Starting crawl of https://anjayasejati.com/product-category/perlengkapan-menggambar/palet-lukis-palet-cat-air/?per_page=18&shop_view=grid&per_row=3
Saved 6579 links to database for crawl 1
Added URL to results: https://anjayasejati.com/product-category/perlengkapan-menggambar/palet-lukis-palet-cat-air/?per_page=18&shop_view=list - Total in results: 858
Submitting task for: https://anjayasejati.com/product-category/perlengkapan-menggambar/palet-lukis-palet-cat-air/?per_page=18&shop_view=grid&per_row=4
Starting crawl of https://anjayasejati.com/product-category/perlengkapan-menggambar/palet-lukis-palet-cat-air/?per_page=18&shop_view=grid&per_row=4
Saved 150 issues to database for crawl 1
Added URL to results: https://anjayasejati.com/product-category/perlengkapan-menggambar/palet-lukis-palet-cat-air/?per_page=18&shop_view=grid&per_row=3 - Total in results: 859
Saved batch to database for crawl 1
Submitting task for: https://anjayasejati.com/product-category/perlengkapan-menggambar/palet-lukis-palet-cat-air/?per_page=12&shop_view=list
Added URL to results: https://anjayasejati.com/product-category/perlengkapan-menggambar/crayon/?per_row=4&shop_view=grid&per_page=18 - Total in results: 860
Starting crawl of https://anjayasejati.com/product-category/perlengkapan-menggambar/palet-lukis-palet-cat-air/?per_page=12&shop_view=list
Submitting task for: https://anjayasejati.com/product-category/perlengkapan-menggambar/palet-lukis-palet-cat-air/?per_page=12&shop_view=grid&per_row=2
Starting crawl of https://anjayasejati.com/product-category/perlengkapan-menggambar/palet-lukis-palet-cat-air/?per_page=12&shop_view=grid&per_row=2
Saved 3 URLs to database for crawl 1
Saved 232 links to database for crawl 1
Saved 3 issues to database for crawl 1
Saved batch to database for crawl 1
Added URL to results: https://anjayasejati.com/product-category/perlengkapan-menggambar/crayon/?per_row=4&shop_view=grid&per_page=24 - Total in results: 861
Submitting task for: https://anjayasejati.com/product-category/perlengkapan-menggambar/palet-lukis-palet-cat-air/?per_page=12&shop_view=grid&per_row=3
Starting crawl of https://anjayasejati.com/product-category/perlengkapan-menggambar/palet-lukis-palet-cat-air/?per_page=12&shop_view=grid&per_row=3
Added URL to results: https://anjayasejati.com/product-category/perlengkapan-menggambar/palet-lukis-palet-cat-air/?per_page=12&shop_view=list - Total in results: 862
Submitting task for: https://anjayasejati.com/product-category/perlengkapan-menggambar/palet-lukis-palet-cat-air/?per_page=12&shop_view=grid&per_row=4
Starting crawl of https://anjayasejati.com/product-category/perlengkapan-menggambar/palet-lukis-palet-cat-air/?per_page=12&shop_view=grid&per_row=4
Added URL to results: https://anjayasejati.com/product-category/perlengkapan-menggambar/palet-lukis-palet-cat-air/?per_page=12&shop_view=grid&per_row=3 - Total in results: 863
Submitting task for: https://anjayasejati.com/product-category/perlengkapan-menggambar/perlengkapan-cat/?per_row=4&shop_view=grid&per_page=9
Starting crawl of https://anjayasejati.com/product-category/perlengkapan-menggambar/perlengkapan-cat/?per_row=4&shop_view=grid&per_page=9
get_status called - crawl_results length: 863, status: running, crawled: 863
Added URL to results: https://anjayasejati.com/product-category/perlengkapan-menggambar/palet-lukis-palet-cat-air/?per_page=12&shop_view=grid&per_row=4 - Total in results: 864
Submitting task for: https://anjayasejati.com/product-category/perlengkapan-menggambar/perlengkapan-cat/?per_row=4&shop_view=grid&per_page=12
Starting crawl of https://anjayasejati.com/product-category/perlengkapan-menggambar/perlengkapan-cat/?per_row=4&shop_view=grid&per_page=12
Added URL to results: https://anjayasejati.com/product-category/perlengkapan-menggambar/perlengkapan-cat/?per_row=4&shop_view=grid&per_page=12 - Total in results: 865
Submitting task for: https://anjayasejati.com/product-category/perlengkapan-menggambar/perlengkapan-cat/?per_row=4&shop_view=grid&per_page=18
Starting crawl of https://anjayasejati.com/product-category/perlengkapan-menggambar/perlengkapan-cat/?per_row=4&shop_view=grid&per_page=18
Added URL to results: https://anjayasejati.com/product-category/perlengkapan-menggambar/palet-lukis-palet-cat-air/?per_page=18&shop_view=grid&per_row=2 - Total in results: 866
Submitting task for: https://anjayasejati.com/product-category/perlengkapan-menggambar/perlengkapan-cat/?per_row=4&shop_view=grid&per_page=24
Starting crawl of https://anjayasejati.com/product-category/perlengkapan-menggambar/perlengkapan-cat/?per_row=4&shop_view=grid&per_page=24
get_status called - crawl_results length: 866, status: running, crawled: 866
Added URL to results: https://anjayasejati.com/product-category/perlengkapan-menggambar/palet-lukis-palet-cat-air/?per_page=18&shop_view=grid&per_row=4 - Total in results: 867
Submitting task for: https://anjayasejati.com/product-category/perlengkapan-menggambar/perlengkapan-cat/?per_row=4&shop_view=list
Starting crawl of https://anjayasejati.com/product-category/perlengkapan-menggambar/perlengkapan-cat/?per_row=4&shop_view=list
Added URL to results: https://anjayasejati.com/product-category/perlengkapan-menggambar/palet-lukis-palet-cat-air/?per_page=12&shop_view=grid&per_row=2 - Total in results: 868
Submitting task for: https://anjayasejati.com/product-category/perlengkapan-menggambar/crayon/?per_page=12&shop_view=list
Starting crawl of https://anjayasejati.com/product-category/perlengkapan-menggambar/crayon/?per_page=12&shop_view=list
Added URL to results: https://anjayasejati.com/product-category/perlengkapan-menggambar/perlengkapan-cat/?per_row=4&shop_view=list - Total in results: 869
Submitting task for: https://anjayasejati.com/product-category/perlengkapan-menggambar/crayon/?per_page=12&shop_view=grid&per_row=2
Starting crawl of https://anjayasejati.com/product-category/perlengkapan-menggambar/crayon/?per_page=12&shop_view=grid&per_row=2
Added URL to results: https://anjayasejati.com/product-category/perlengkapan-menggambar/crayon/?per_page=12&shop_view=list - Total in results: 870
Submitting task for: https://anjayasejati.com/product-category/perlengkapan-menggambar/crayon/?per_page=12&shop_view=grid&per_row=3
Starting crawl of https://anjayasejati.com/product-category/perlengkapan-menggambar/crayon/?per_page=12&shop_view=grid&per_row=3
Added URL to results: https://anjayasejati.com/product-category/perlengkapan-menggambar/perlengkapan-cat/?per_row=4&shop_view=grid&per_page=9 - Total in results: 871
Submitting task for: https://anjayasejati.com/product-category/perlengkapan-menggambar/crayon/?per_page=12&shop_view=grid&per_row=4
Starting crawl of https://anjayasejati.com/product-category/perlengkapan-menggambar/crayon/?per_page=12&shop_view=grid&per_row=4
Added URL to results: https://anjayasejati.com/product-category/perlengkapan-menggambar/perlengkapan-cat/?per_row=4&shop_view=grid&per_page=18 - Total in results: 872
Submitting task for: https://anjayasejati.com/product-category/perlengkapan-menggambar/crayon/page/2/?per_page=12
Starting crawl of https://anjayasejati.com/product-category/perlengkapan-menggambar/crayon/page/2/?per_page=12
Added URL to results: https://anjayasejati.com/product-category/perlengkapan-menggambar/crayon/?per_page=12&shop_view=grid&per_row=3 - Total in results: 873
Submitting task for: https://anjayasejati.com/product-category/perlengkapan-menggambar/palet-lukis-palet-cat-air/?per_page=9&shop_view=list
Starting crawl of https://anjayasejati.com/product-category/perlengkapan-menggambar/palet-lukis-palet-cat-air/?per_page=9&shop_view=list
Added URL to results: https://anjayasejati.com/product-category/perlengkapan-menggambar/palet-lukis-palet-cat-air/?per_page=9&shop_view=list - Total in results: 874
Submitting task for: https://anjayasejati.com/product-category/perlengkapan-menggambar/palet-lukis-palet-cat-air/?per_page=9&shop_view=grid&per_row=2
Starting crawl of https://anjayasejati.com/product-category/perlengkapan-menggambar/palet-lukis-palet-cat-air/?per_page=9&shop_view=grid&per_row=2
get_status called - crawl_results length: 874, status: running, crawled: 874
Added URL to results: https://anjayasejati.com/product-category/perlengkapan-menggambar/perlengkapan-cat/?per_row=4&shop_view=grid&per_page=24 - Total in results: 875
Submitting task for: https://anjayasejati.com/product-category/perlengkapan-menggambar/palet-lukis-palet-cat-air/?per_page=9&shop_view=grid&per_row=3
Starting crawl of https://anjayasejati.com/product-category/perlengkapan-menggambar/palet-lukis-palet-cat-air/?per_page=9&shop_view=grid&per_row=3
get_status called - crawl_results length: 875, status: running, crawled: 875
Added URL to results: https://anjayasejati.com/product-category/perlengkapan-menggambar/crayon/page/2/?per_page=12 - Total in results: 876
Submitting task for: https://anjayasejati.com/product-category/perlengkapan-menggambar/palet-lukis-palet-cat-air/?per_page=9&shop_view=grid&per_row=4
Starting crawl of https://anjayasejati.com/product-category/perlengkapan-menggambar/palet-lukis-palet-cat-air/?per_page=9&shop_view=grid&per_row=4
Added URL to results: https://anjayasejati.com/product-category/perlengkapan-menggambar/crayon/?per_page=12&shop_view=grid&per_row=4 - Total in results: 877
Submitting task for: https://anjayasejati.com/product-category/perlengkapan-menggambar/palet-lukis-palet-cat-air/page/2/?per_page=9
Added URL to results: https://anjayasejati.com/product-category/perlengkapan-menggambar/crayon/?per_page=12&shop_view=grid&per_row=2 - Total in results: 878
Starting crawl of https://anjayasejati.com/product-category/perlengkapan-menggambar/palet-lukis-palet-cat-air/page/2/?per_page=9
Submitting task for: https://anjayasejati.com/product-category/perlengkapan-menggambar/palet-lukis-palet-cat-air/?per_row=4&shop_view=grid&per_page=9
Starting crawl of https://anjayasejati.com/product-category/perlengkapan-menggambar/palet-lukis-palet-cat-air/?per_row=4&shop_view=grid&per_page=9
Added URL to results: https://anjayasejati.com/product-category/perlengkapan-menggambar/palet-lukis-palet-cat-air/?per_page=9&shop_view=grid&per_row=2 - Total in results: 879
Submitting task for: https://anjayasejati.com/product-category/perlengkapan-menggambar/palet-lukis-palet-cat-air/?per_row=4&shop_view=grid&per_page=12
Starting crawl of https://anjayasejati.com/product-category/perlengkapan-menggambar/palet-lukis-palet-cat-air/?per_row=4&shop_view=grid&per_page=12
Added URL to results: https://anjayasejati.com/product-category/perlengkapan-menggambar/palet-lukis-palet-cat-air/?per_page=9&shop_view=grid&per_row=4 - Total in results: 880
Submitting task for: https://anjayasejati.com/product-category/perlengkapan-menggambar/palet-lukis-palet-cat-air/?per_row=4&shop_view=grid&per_page=18
Starting crawl of https://anjayasejati.com/product-category/perlengkapan-menggambar/palet-lukis-palet-cat-air/?per_row=4&shop_view=grid&per_page=18
Added URL to results: https://anjayasejati.com/product-category/perlengkapan-menggambar/palet-lukis-palet-cat-air/?per_row=4&shop_view=grid&per_page=9 - Total in results: 881
Submitting task for: https://anjayasejati.com/product-category/perlengkapan-menggambar/palet-lukis-palet-cat-air/?per_row=4&shop_view=grid&per_page=24
Starting crawl of https://anjayasejati.com/product-category/perlengkapan-menggambar/palet-lukis-palet-cat-air/?per_row=4&shop_view=grid&per_page=24
Added URL to results: https://anjayasejati.com/product-category/perlengkapan-menggambar/palet-lukis-palet-cat-air/?per_page=9&shop_view=grid&per_row=3 - Total in results: 882
Submitting task for: https://anjayasejati.com/product-category/perlengkapan-menggambar/palet-lukis-palet-cat-air/?per_row=4&shop_view=list
Starting crawl of https://anjayasejati.com/product-category/perlengkapan-menggambar/palet-lukis-palet-cat-air/?per_row=4&shop_view=list
Added URL to results: https://anjayasejati.com/product-category/perlengkapan-menggambar/palet-lukis-palet-cat-air/?per_row=4&shop_view=grid&per_page=12 - Total in results: 883
Submitting task for: https://anjayasejati.com/product-category/perlengkapan-menggambar/palet-lukis-palet-cat-air/?per_row=2&shop_view=grid
Starting crawl of https://anjayasejati.com/product-category/perlengkapan-menggambar/palet-lukis-palet-cat-air/?per_row=2&shop_view=grid
Added URL to results: https://anjayasejati.com/product-category/perlengkapan-menggambar/palet-lukis-palet-cat-air/?per_row=2&shop_view=grid - Total in results: 884
Submitting task for: https://anjayasejati.com/product-category/perlengkapan-menggambar/palet-lukis-palet-cat-air/?per_row=3&shop_view=grid
Starting crawl of https://anjayasejati.com/product-category/perlengkapan-menggambar/palet-lukis-palet-cat-air/?per_row=3&shop_view=grid
get_status called - crawl_results length: 884, status: running, crawled: 884
Added URL to results: https://anjayasejati.com/product-category/perlengkapan-menggambar/palet-lukis-palet-cat-air/page/2/?per_page=9 - Total in results: 885
Submitting task for: https://anjayasejati.com/product-category/perlengkapan-menggambar/palet-lukis-palet-cat-air/?per_row=4&shop_view=grid
Starting crawl of https://anjayasejati.com/product-category/perlengkapan-menggambar/palet-lukis-palet-cat-air/?per_row=4&shop_view=grid
get_status called - crawl_results length: 885, status: running, crawled: 885
Added URL to results: https://anjayasejati.com/product-category/perlengkapan-menggambar/palet-lukis-palet-cat-air/?per_row=4&shop_view=grid&per_page=24 - Total in results: 886
Submitting task for: https://anjayasejati.com/product-category/perlengkapan-menggambar/kuas/?per_page=9&shop_view=list
Starting crawl of https://anjayasejati.com/product-category/perlengkapan-menggambar/kuas/?per_page=9&shop_view=list
Added URL to results: https://anjayasejati.com/product-category/perlengkapan-menggambar/palet-lukis-palet-cat-air/?per_row=4&shop_view=list - Total in results: 887
Submitting task for: https://anjayasejati.com/product-category/perlengkapan-menggambar/kuas/?per_page=9&shop_view=grid&per_row=2
Starting crawl of https://anjayasejati.com/product-category/perlengkapan-menggambar/kuas/?per_page=9&shop_view=grid&per_row=2
Added URL to results: https://anjayasejati.com/product-category/perlengkapan-menggambar/palet-lukis-palet-cat-air/?per_row=4&shop_view=grid&per_page=18 - Total in results: 888
Submitting task for: https://anjayasejati.com/product-category/perlengkapan-menggambar/kuas/?per_page=9&shop_view=grid&per_row=3
Starting crawl of https://anjayasejati.com/product-category/perlengkapan-menggambar/kuas/?per_page=9&shop_view=grid&per_row=3
Added URL to results: https://anjayasejati.com/product-category/perlengkapan-menggambar/kuas/?per_page=9&shop_view=grid&per_row=2 - Total in results: 889
Submitting task for: https://anjayasejati.com/product-category/perlengkapan-menggambar/kuas/?per_page=9&shop_view=grid&per_row=4
Starting crawl of https://anjayasejati.com/product-category/perlengkapan-menggambar/kuas/?per_page=9&shop_view=grid&per_row=4
Added URL to results: https://anjayasejati.com/product-category/perlengkapan-menggambar/palet-lukis-palet-cat-air/?per_row=3&shop_view=grid - Total in results: 890
Submitting task for: https://anjayasejati.com/product-category/perlengkapan-menggambar/kuas/page/2/?per_page=9
Starting crawl of https://anjayasejati.com/product-category/perlengkapan-menggambar/kuas/page/2/?per_page=9
get_status called - crawl_results length: 890, status: running, crawled: 890
Added URL to results: https://anjayasejati.com/product-category/perlengkapan-menggambar/palet-lukis-palet-cat-air/?per_row=4&shop_view=grid - Total in results: 891
Submitting task for: https://anjayasejati.com/product-category/perlengkapan-menggambar/palet-lukis-palet-cat-air/?shop_view=list&per_page=9
Starting crawl of https://anjayasejati.com/product-category/perlengkapan-menggambar/palet-lukis-palet-cat-air/?shop_view=list&per_page=9
get_status called - crawl_results length: 891, status: running, crawled: 891
Added URL to results: https://anjayasejati.com/product-category/perlengkapan-menggambar/kuas/?per_page=9&shop_view=list - Total in results: 892
Submitting task for: https://anjayasejati.com/product-category/perlengkapan-menggambar/palet-lukis-palet-cat-air/?shop_view=list&per_page=12
Starting crawl of https://anjayasejati.com/product-category/perlengkapan-menggambar/palet-lukis-palet-cat-air/?shop_view=list&per_page=12
Added URL to results: https://anjayasejati.com/product-category/perlengkapan-menggambar/kuas/?per_page=9&shop_view=grid&per_row=3 - Total in results: 893
Submitting task for: https://anjayasejati.com/product-category/perlengkapan-menggambar/palet-lukis-palet-cat-air/?shop_view=list&per_page=18
Starting crawl of https://anjayasejati.com/product-category/perlengkapan-menggambar/palet-lukis-palet-cat-air/?shop_view=list&per_page=18
Added URL to results: https://anjayasejati.com/product-category/perlengkapan-menggambar/kuas/?per_page=9&shop_view=grid&per_row=4 - Total in results: 894
Submitting task for: https://anjayasejati.com/product-category/perlengkapan-menggambar/palet-lukis-palet-cat-air/?shop_view=list&per_page=24
Starting crawl of https://anjayasejati.com/product-category/perlengkapan-menggambar/palet-lukis-palet-cat-air/?shop_view=list&per_page=24
Added URL to results: https://anjayasejati.com/product-category/perlengkapan-menggambar/palet-lukis-palet-cat-air/?shop_view=list&per_page=24 - Total in results: 895
Submitting task for: https://anjayasejati.com/product-category/perlengkapan-menggambar/palet-lukis-palet-cat-air/?per_page=24&shop_view=list
Starting crawl of https://anjayasejati.com/product-category/perlengkapan-menggambar/palet-lukis-palet-cat-air/?per_page=24&shop_view=list
Added URL to results: https://anjayasejati.com/product-category/perlengkapan-menggambar/kuas/page/2/?per_page=9 - Total in results: 896
Submitting task for: https://anjayasejati.com/product-category/perlengkapan-menggambar/palet-lukis-palet-cat-air/?per_page=24&shop_view=grid&per_row=2
Starting crawl of https://anjayasejati.com/product-category/perlengkapan-menggambar/palet-lukis-palet-cat-air/?per_page=24&shop_view=grid&per_row=2
get_status called - crawl_results length: 896, status: running, crawled: 896
Added URL to results: https://anjayasejati.com/product-category/perlengkapan-menggambar/palet-lukis-palet-cat-air/?shop_view=list&per_page=9 - Total in results: 897
Submitting task for: https://anjayasejati.com/product-category/perlengkapan-menggambar/palet-lukis-palet-cat-air/?per_page=24&shop_view=grid&per_row=3
Starting crawl of https://anjayasejati.com/product-category/perlengkapan-menggambar/palet-lukis-palet-cat-air/?per_page=24&shop_view=grid&per_row=3
get_status called - crawl_results length: 897, status: running, crawled: 897
Added URL to results: https://anjayasejati.com/product-category/perlengkapan-menggambar/palet-lukis-palet-cat-air/?shop_view=list&per_page=12 - Total in results: 898
Submitting task for: https://anjayasejati.com/product-category/perlengkapan-menggambar/palet-lukis-palet-cat-air/?per_page=24&shop_view=grid&per_row=4
Starting crawl of https://anjayasejati.com/product-category/perlengkapan-menggambar/palet-lukis-palet-cat-air/?per_page=24&shop_view=grid&per_row=4
Added URL to results: https://anjayasejati.com/product-category/perlengkapan-menggambar/palet-lukis-palet-cat-air/?shop_view=list&per_page=18 - Total in results: 899
Submitting task for: https://anjayasejati.com/product-category/perlengkapan-menggambar/kuas/?per_page=18&shop_view=list
Starting crawl of https://anjayasejati.com/product-category/perlengkapan-menggambar/kuas/?per_page=18&shop_view=list
Added URL to results: https://anjayasejati.com/product-category/perlengkapan-menggambar/palet-lukis-palet-cat-air/?per_page=24&shop_view=grid&per_row=2 - Total in results: 900
Submitting task for: https://anjayasejati.com/product-category/perlengkapan-menggambar/kuas/?per_page=18&shop_view=grid&per_row=2
Starting crawl of https://anjayasejati.com/product-category/perlengkapan-menggambar/kuas/?per_page=18&shop_view=grid&per_row=2
Added URL to results: https://anjayasejati.com/product-category/perlengkapan-menggambar/palet-lukis-palet-cat-air/?per_page=24&shop_view=list - Total in results: 901
Submitting task for: https://anjayasejati.com/product-category/perlengkapan-menggambar/kuas/?per_page=18&shop_view=grid&per_row=3
Starting crawl of https://anjayasejati.com/product-category/perlengkapan-menggambar/kuas/?per_page=18&shop_view=grid&per_row=3
get_status called - crawl_results length: 901, status: running, crawled: 901
Added URL to results: https://anjayasejati.com/product-category/perlengkapan-menggambar/palet-lukis-palet-cat-air/?per_page=24&shop_view=grid&per_row=3 - Total in results: 902
Submitting task for: https://anjayasejati.com/product-category/perlengkapan-menggambar/kuas/?per_page=18&shop_view=grid&per_row=4
Starting crawl of https://anjayasejati.com/product-category/perlengkapan-menggambar/kuas/?per_page=18&shop_view=grid&per_row=4
Added URL to results: https://anjayasejati.com/product-category/perlengkapan-menggambar/kuas/?per_page=18&shop_view=grid&per_row=4 - Total in results: 903
Submitting task for: https://anjayasejati.com/product-category/perlengkapan-menggambar/kuas/?shop_view=list&per_page=9
Starting crawl of https://anjayasejati.com/product-category/perlengkapan-menggambar/kuas/?shop_view=list&per_page=9
get_status called - crawl_results length: 903, status: running, crawled: 903
Added URL to results: https://anjayasejati.com/product-category/perlengkapan-menggambar/palet-lukis-palet-cat-air/?per_page=24&shop_view=grid&per_row=4 - Total in results: 904
Submitting task for: https://anjayasejati.com/product-category/perlengkapan-menggambar/kuas/?shop_view=list&per_page=12
Starting crawl of https://anjayasejati.com/product-category/perlengkapan-menggambar/kuas/?shop_view=list&per_page=12
Added URL to results: https://anjayasejati.com/product-category/perlengkapan-menggambar/kuas/?per_page=18&shop_view=list - Total in results: 905
Submitting task for: https://anjayasejati.com/product-category/perlengkapan-menggambar/kuas/?shop_view=list&per_page=18
Starting crawl of https://anjayasejati.com/product-category/perlengkapan-menggambar/kuas/?shop_view=list&per_page=18
Added URL to results: https://anjayasejati.com/product-category/perlengkapan-menggambar/kuas/?per_page=18&shop_view=grid&per_row=2 - Total in results: 906
Submitting task for: https://anjayasejati.com/product-category/perlengkapan-menggambar/kuas/?shop_view=list&per_page=24
Starting crawl of https://anjayasejati.com/product-category/perlengkapan-menggambar/kuas/?shop_view=list&per_page=24
Added URL to results: https://anjayasejati.com/product-category/perlengkapan-menggambar/kuas/?per_page=18&shop_view=grid&per_row=3 - Total in results: 907
Submitting task for: https://anjayasejati.com/product-category/perlengkapan-menggambar/kuas/page/2/?shop_view=list
Starting crawl of https://anjayasejati.com/product-category/perlengkapan-menggambar/kuas/page/2/?shop_view=list
get_status called - crawl_results length: 907, status: running, crawled: 907
get_status called - crawl_results length: 907, status: running, crawled: 907
Added URL to results: https://anjayasejati.com/product-category/perlengkapan-menggambar/kuas/?shop_view=list&per_page=9 - Total in results: 908
Submitting task for: https://anjayasejati.com/product-category/perlengkapan-menggambar/palet-lukis-palet-cat-air/?per_row=2&shop_view=grid&per_page=9
Starting crawl of https://anjayasejati.com/product-category/perlengkapan-menggambar/palet-lukis-palet-cat-air/?per_row=2&shop_view=grid&per_page=9
Added URL to results: https://anjayasejati.com/product-category/perlengkapan-menggambar/kuas/page/2/?shop_view=list - Total in results: 909
Submitting task for: https://anjayasejati.com/product-category/perlengkapan-menggambar/palet-lukis-palet-cat-air/?per_row=2&shop_view=grid&per_page=12
Starting crawl of https://anjayasejati.com/product-category/perlengkapan-menggambar/palet-lukis-palet-cat-air/?per_row=2&shop_view=grid&per_page=12
Added URL to results: https://anjayasejati.com/product-category/perlengkapan-menggambar/kuas/?shop_view=list&per_page=12 - Total in results: 910
Submitting task for: https://anjayasejati.com/product-category/perlengkapan-menggambar/palet-lukis-palet-cat-air/?per_row=2&shop_view=grid&per_page=18
Starting crawl of https://anjayasejati.com/product-category/perlengkapan-menggambar/palet-lukis-palet-cat-air/?per_row=2&shop_view=grid&per_page=18
Saved 51 URLs to database for crawl 1
Saved 0 URLs to database for crawl 1
Saved 5781 links to database for crawl 1
Saved 167 issues to database for crawl 1
Saved batch to database for crawl 1
Added URL to results: https://anjayasejati.com/product-category/perlengkapan-menggambar/palet-lukis-palet-cat-air/?per_row=2&shop_view=grid&per_page=18 - Total in results: 911
Submitting task for: https://anjayasejati.com/product-category/perlengkapan-menggambar/palet-lukis-palet-cat-air/?per_row=2&shop_view=grid&per_page=24
Starting crawl of https://anjayasejati.com/product-category/perlengkapan-menggambar/palet-lukis-palet-cat-air/?per_row=2&shop_view=grid&per_page=24
Saved 0 links to database for crawl 1
Saved 3 issues to database for crawl 1
Saved batch to database for crawl 1
Added URL to results: https://anjayasejati.com/product-category/perlengkapan-menggambar/kuas/?shop_view=list&per_page=18 - Total in results: 912
Submitting task for: https://anjayasejati.com/product-category/perlengkapan-menggambar/palet-lukis-palet-cat-air/?per_row=2&shop_view=list
Starting crawl of https://anjayasejati.com/product-category/perlengkapan-menggambar/palet-lukis-palet-cat-air/?per_row=2&shop_view=list
get_status called - crawl_results length: 912, status: running, crawled: 912
Added URL to results: https://anjayasejati.com/product-category/perlengkapan-menggambar/kuas/?shop_view=list&per_page=24 - Total in results: 913
Submitting task for: https://anjayasejati.com/product-category/perlengkapan-menggambar/kuas/?per_row=3&shop_view=grid&per_page=9
Starting crawl of https://anjayasejati.com/product-category/perlengkapan-menggambar/kuas/?per_row=3&shop_view=grid&per_page=9
get_status called - crawl_results length: 913, status: running, crawled: 913
Added URL to results: https://anjayasejati.com/product-category/perlengkapan-menggambar/palet-lukis-palet-cat-air/?per_row=2&shop_view=grid&per_page=9 - Total in results: 914
Submitting task for: https://anjayasejati.com/product-category/perlengkapan-menggambar/kuas/?per_row=3&shop_view=grid&per_page=12
Starting crawl of https://anjayasejati.com/product-category/perlengkapan-menggambar/kuas/?per_row=3&shop_view=grid&per_page=12
Added URL to results: https://anjayasejati.com/product-category/perlengkapan-menggambar/kuas/?per_row=3&shop_view=grid&per_page=12 - Total in results: 915
Submitting task for: https://anjayasejati.com/product-category/perlengkapan-menggambar/kuas/?per_row=3&shop_view=grid&per_page=18
Starting crawl of https://anjayasejati.com/product-category/perlengkapan-menggambar/kuas/?per_row=3&shop_view=grid&per_page=18
Added URL to results: https://anjayasejati.com/product-category/perlengkapan-menggambar/palet-lukis-palet-cat-air/?per_row=2&shop_view=grid&per_page=12 - Total in results: 916
Submitting task for: https://anjayasejati.com/product-category/perlengkapan-menggambar/kuas/?per_row=3&shop_view=grid&per_page=24
Starting crawl of https://anjayasejati.com/product-category/perlengkapan-menggambar/kuas/?per_row=3&shop_view=grid&per_page=24
Added URL to results: https://anjayasejati.com/product-category/perlengkapan-menggambar/palet-lukis-palet-cat-air/?per_row=2&shop_view=grid&per_page=24 - Total in results: 917
Submitting task for: https://anjayasejati.com/product-category/perlengkapan-menggambar/kuas/?per_row=3&shop_view=list
Starting crawl of https://anjayasejati.com/product-category/perlengkapan-menggambar/kuas/?per_row=3&shop_view=list
get_status called - crawl_results length: 917, status: running, crawled: 917
Added URL to results: https://anjayasejati.com/product-category/perlengkapan-menggambar/kuas/?per_row=3&shop_view=grid&per_page=9 - Total in results: 918
Submitting task for: https://anjayasejati.com/product-category/perlengkapan-menggambar/kuas/?per_row=2&shop_view=grid
Starting crawl of https://anjayasejati.com/product-category/perlengkapan-menggambar/kuas/?per_row=2&shop_view=grid
Added URL to results: https://anjayasejati.com/product-category/perlengkapan-menggambar/kuas/?per_row=3&shop_view=list - Total in results: 919
Submitting task for: https://anjayasejati.com/product-category/perlengkapan-menggambar/kuas/?per_row=3&shop_view=grid
Starting crawl of https://anjayasejati.com/product-category/perlengkapan-menggambar/kuas/?per_row=3&shop_view=grid
Added URL to results: https://anjayasejati.com/product-category/perlengkapan-menggambar/palet-lukis-palet-cat-air/?per_row=2&shop_view=list - Total in results: 920
Submitting task for: https://anjayasejati.com/product-category/perlengkapan-menggambar/kuas/?per_row=4&shop_view=grid
Starting crawl of https://anjayasejati.com/product-category/perlengkapan-menggambar/kuas/?per_row=4&shop_view=grid
Added URL to results: https://anjayasejati.com/product-category/perlengkapan-menggambar/kuas/?per_row=2&shop_view=grid - Total in results: 921
Submitting task for: https://anjayasejati.com/product-category/perlengkapan-menggambar/kuas/page/2/?shop_view=grid&per_row=3
Starting crawl of https://anjayasejati.com/product-category/perlengkapan-menggambar/kuas/page/2/?shop_view=grid&per_row=3
Added URL to results: https://anjayasejati.com/product-category/perlengkapan-menggambar/kuas/?per_row=3&shop_view=grid - Total in results: 922
Submitting task for: https://anjayasejati.com/product-category/perlengkapan-menggambar/kuas/?per_row=4&shop_view=grid&per_page=9
Starting crawl of https://anjayasejati.com/product-category/perlengkapan-menggambar/kuas/?per_row=4&shop_view=grid&per_page=9
Added URL to results: https://anjayasejati.com/product-category/perlengkapan-menggambar/kuas/?per_row=4&shop_view=grid - Total in results: 923
Submitting task for: https://anjayasejati.com/product-category/perlengkapan-menggambar/kuas/?per_row=4&shop_view=grid&per_page=12
Starting crawl of https://anjayasejati.com/product-category/perlengkapan-menggambar/kuas/?per_row=4&shop_view=grid&per_page=12
Added URL to results: https://anjayasejati.com/product-category/perlengkapan-menggambar/kuas/?per_row=4&shop_view=grid&per_page=9 - Total in results: 924
Submitting task for: https://anjayasejati.com/product-category/perlengkapan-menggambar/kuas/?per_row=4&shop_view=grid&per_page=18
Starting crawl of https://anjayasejati.com/product-category/perlengkapan-menggambar/kuas/?per_row=4&shop_view=grid&per_page=18
get_status called - crawl_results length: 924, status: running, crawled: 924
Added URL to results: https://anjayasejati.com/product-category/perlengkapan-menggambar/kuas/?per_row=3&shop_view=grid&per_page=18 - Total in results: 925
Submitting task for: https://anjayasejati.com/product-category/perlengkapan-menggambar/kuas/?per_row=4&shop_view=grid&per_page=24
Starting crawl of https://anjayasejati.com/product-category/perlengkapan-menggambar/kuas/?per_row=4&shop_view=grid&per_page=24
Added URL to results: https://anjayasejati.com/product-category/perlengkapan-menggambar/kuas/?per_row=3&shop_view=grid&per_page=24 - Total in results: 926
Submitting task for: https://anjayasejati.com/product-category/perlengkapan-menggambar/kuas/?per_row=4&shop_view=list
Starting crawl of https://anjayasejati.com/product-category/perlengkapan-menggambar/kuas/?per_row=4&shop_view=list
Added URL to results: https://anjayasejati.com/product-category/perlengkapan-menggambar/kuas/page/2/?shop_view=grid&per_row=3 - Total in results: 927
Submitting task for: https://anjayasejati.com/product-category/perlengkapan-menggambar/kuas/page/2/?shop_view=grid&per_row=4
Starting crawl of https://anjayasejati.com/product-category/perlengkapan-menggambar/kuas/page/2/?shop_view=grid&per_row=4
get_status called - crawl_results length: 927, status: running, crawled: 927
Added URL to results: https://anjayasejati.com/product-category/perlengkapan-menggambar/kuas/?per_row=4&shop_view=grid&per_page=12 - Total in results: 928
Submitting task for: https://anjayasejati.com/product-category/perlengkapan-menggambar/palet-lukis-palet-cat-air/?per_row=3&shop_view=grid&per_page=9
Starting crawl of https://anjayasejati.com/product-category/perlengkapan-menggambar/palet-lukis-palet-cat-air/?per_row=3&shop_view=grid&per_page=9
Added URL to results: https://anjayasejati.com/product-category/perlengkapan-menggambar/kuas/?per_row=4&shop_view=grid&per_page=18 - Total in results: 929
Submitting task for: https://anjayasejati.com/product-category/perlengkapan-menggambar/palet-lukis-palet-cat-air/?per_row=3&shop_view=grid&per_page=12
Starting crawl of https://anjayasejati.com/product-category/perlengkapan-menggambar/palet-lukis-palet-cat-air/?per_row=3&shop_view=grid&per_page=12
get_status called - crawl_results length: 929, status: running, crawled: 929
Added URL to results: https://anjayasejati.com/product-category/perlengkapan-menggambar/kuas/page/2/?shop_view=grid&per_row=4 - Total in results: 930
Submitting task for: https://anjayasejati.com/product-category/perlengkapan-menggambar/palet-lukis-palet-cat-air/?per_row=3&shop_view=grid&per_page=18
Starting crawl of https://anjayasejati.com/product-category/perlengkapan-menggambar/palet-lukis-palet-cat-air/?per_row=3&shop_view=grid&per_page=18
Added URL to results: https://anjayasejati.com/product-category/perlengkapan-menggambar/kuas/?per_row=4&shop_view=grid&per_page=24 - Total in results: 931
Submitting task for: https://anjayasejati.com/product-category/perlengkapan-menggambar/palet-lukis-palet-cat-air/?per_row=3&shop_view=grid&per_page=24
Starting crawl of https://anjayasejati.com/product-category/perlengkapan-menggambar/palet-lukis-palet-cat-air/?per_row=3&shop_view=grid&per_page=24
Added URL to results: https://anjayasejati.com/product-category/perlengkapan-menggambar/kuas/?per_row=4&shop_view=list - Total in results: 932
Submitting task for: https://anjayasejati.com/product-category/perlengkapan-menggambar/palet-lukis-palet-cat-air/?per_row=3&shop_view=list
Starting crawl of https://anjayasejati.com/product-category/perlengkapan-menggambar/palet-lukis-palet-cat-air/?per_row=3&shop_view=list
get_status called - crawl_results length: 932, status: running, crawled: 932
Added URL to results: https://anjayasejati.com/product-category/perlengkapan-menggambar/palet-lukis-palet-cat-air/?per_row=3&shop_view=grid&per_page=9 - Total in results: 933
Submitting task for: https://anjayasejati.com/product-category/perlengkapan-menggambar/kuas/?per_page=12&shop_view=list
Starting crawl of https://anjayasejati.com/product-category/perlengkapan-menggambar/kuas/?per_page=12&shop_view=list
Added URL to results: https://anjayasejati.com/product-category/perlengkapan-menggambar/palet-lukis-palet-cat-air/?per_row=3&shop_view=grid&per_page=12 - Total in results: 934
Submitting task for: https://anjayasejati.com/product-category/perlengkapan-menggambar/kuas/?per_page=12&shop_view=grid&per_row=2
Starting crawl of https://anjayasejati.com/product-category/perlengkapan-menggambar/kuas/?per_page=12&shop_view=grid&per_row=2
get_status called - crawl_results length: 934, status: running, crawled: 934
Added URL to results: https://anjayasejati.com/product-category/perlengkapan-menggambar/palet-lukis-palet-cat-air/?per_row=3&shop_view=grid&per_page=18 - Total in results: 935
Submitting task for: https://anjayasejati.com/product-category/perlengkapan-menggambar/kuas/?per_page=12&shop_view=grid&per_row=3
Starting crawl of https://anjayasejati.com/product-category/perlengkapan-menggambar/kuas/?per_page=12&shop_view=grid&per_row=3
Added URL to results: https://anjayasejati.com/product-category/perlengkapan-menggambar/palet-lukis-palet-cat-air/?per_row=3&shop_view=grid&per_page=24 - Total in results: 936
Submitting task for: https://anjayasejati.com/product-category/perlengkapan-menggambar/kuas/?per_page=12&shop_view=grid&per_row=4
Starting crawl of https://anjayasejati.com/product-category/perlengkapan-menggambar/kuas/?per_page=12&shop_view=grid&per_row=4
Added URL to results: https://anjayasejati.com/product-category/perlengkapan-menggambar/kuas/?per_page=12&shop_view=grid&per_row=3 - Total in results: 937
Submitting task for: https://anjayasejati.com/product-category/perlengkapan-menggambar/kuas/page/2/?per_page=12
Starting crawl of https://anjayasejati.com/product-category/perlengkapan-menggambar/kuas/page/2/?per_page=12
Added URL to results: https://anjayasejati.com/product-category/perlengkapan-menggambar/palet-lukis-palet-cat-air/?per_row=3&shop_view=list - Total in results: 938
Submitting task for: https://anjayasejati.com/product-category/perlengkapan-menggambar/kuas/?per_page=24&shop_view=list
Starting crawl of https://anjayasejati.com/product-category/perlengkapan-menggambar/kuas/?per_page=24&shop_view=list
get_status called - crawl_results length: 938, status: running, crawled: 938
Added URL to results: https://anjayasejati.com/product-category/perlengkapan-menggambar/kuas/?per_page=12&shop_view=grid&per_row=2 - Total in results: 939
Submitting task for: https://anjayasejati.com/product-category/perlengkapan-menggambar/kuas/?per_page=24&shop_view=grid&per_row=2
Starting crawl of https://anjayasejati.com/product-category/perlengkapan-menggambar/kuas/?per_page=24&shop_view=grid&per_row=2
Added URL to results: https://anjayasejati.com/product-category/perlengkapan-menggambar/kuas/?per_page=12&shop_view=list - Total in results: 940
Submitting task for: https://anjayasejati.com/product-category/perlengkapan-menggambar/kuas/?per_page=24&shop_view=grid&per_row=3
Starting crawl of https://anjayasejati.com/product-category/perlengkapan-menggambar/kuas/?per_page=24&shop_view=grid&per_row=3
get_status called - crawl_results length: 940, status: running, crawled: 940
Added URL to results: https://anjayasejati.com/product-category/perlengkapan-menggambar/kuas/page/2/?per_page=12 - Total in results: 941
Submitting task for: https://anjayasejati.com/product-category/perlengkapan-menggambar/kuas/?per_page=24&shop_view=grid&per_row=4
Starting crawl of https://anjayasejati.com/product-category/perlengkapan-menggambar/kuas/?per_page=24&shop_view=grid&per_row=4
Added URL to results: https://anjayasejati.com/product-category/perlengkapan-menggambar/kuas/?per_page=12&shop_view=grid&per_row=4 - Total in results: 942
Submitting task for: https://anjayasejati.com/product-category/perlengkapan-menggambar/pensil-warna/?per_page=12&shop_view=list
Starting crawl of https://anjayasejati.com/product-category/perlengkapan-menggambar/pensil-warna/?per_page=12&shop_view=list
Added URL to results: https://anjayasejati.com/product-category/perlengkapan-menggambar/kuas/?per_page=24&shop_view=grid&per_row=4 - Total in results: 943
Submitting task for: https://anjayasejati.com/product-category/perlengkapan-menggambar/pensil-warna/?per_page=12&shop_view=grid&per_row=2
Starting crawl of https://anjayasejati.com/product-category/perlengkapan-menggambar/pensil-warna/?per_page=12&shop_view=grid&per_row=2
Added URL to results: https://anjayasejati.com/product-category/perlengkapan-menggambar/kuas/?per_page=24&shop_view=list - Total in results: 944
Submitting task for: https://anjayasejati.com/product-category/perlengkapan-menggambar/pensil-warna/?per_page=12&shop_view=grid&per_row=3
Starting crawl of https://anjayasejati.com/product-category/perlengkapan-menggambar/pensil-warna/?per_page=12&shop_view=grid&per_row=3
Added URL to results: https://anjayasejati.com/product-category/perlengkapan-menggambar/pensil-warna/?per_page=12&shop_view=list - Total in results: 945
Submitting task for: https://anjayasejati.com/product-category/perlengkapan-menggambar/pensil-warna/?per_page=12&shop_view=grid&per_row=4
Added URL to results: https://anjayasejati.com/product-category/perlengkapan-menggambar/pensil-warna/?per_page=12&shop_view=grid&per_row=2 - Total in results: 946
Starting crawl of https://anjayasejati.com/product-category/perlengkapan-menggambar/pensil-warna/?per_page=12&shop_view=grid&per_row=4
Submitting task for: https://anjayasejati.com/product-category/perlengkapan-menggambar/pensil-warna/page/2/?per_page=12
Starting crawl of https://anjayasejati.com/product-category/perlengkapan-menggambar/pensil-warna/page/2/?per_page=12
Added URL to results: https://anjayasejati.com/product-category/perlengkapan-menggambar/pensil-warna/?per_page=12&shop_view=grid&per_row=3 - Total in results: 947
Submitting task for: https://anjayasejati.com/product-category/perlengkapan-menggambar/kuas/?per_row=2&shop_view=grid&per_page=9
Starting crawl of https://anjayasejati.com/product-category/perlengkapan-menggambar/kuas/?per_row=2&shop_view=grid&per_page=9
Added URL to results: https://anjayasejati.com/product-category/perlengkapan-menggambar/pensil-warna/page/2/?per_page=12 - Total in results: 948
Submitting task for: https://anjayasejati.com/product-category/perlengkapan-menggambar/kuas/?per_row=2&shop_view=grid&per_page=12
Starting crawl of https://anjayasejati.com/product-category/perlengkapan-menggambar/kuas/?per_row=2&shop_view=grid&per_page=12
Added URL to results: https://anjayasejati.com/product-category/perlengkapan-menggambar/kuas/?per_row=2&shop_view=grid&per_page=9 - Total in results: 949
Submitting task for: https://anjayasejati.com/product-category/perlengkapan-menggambar/kuas/?per_row=2&shop_view=grid&per_page=18
Starting crawl of https://anjayasejati.com/product-category/perlengkapan-menggambar/kuas/?per_row=2&shop_view=grid&per_page=18
Added URL to results: https://anjayasejati.com/product-category/perlengkapan-menggambar/kuas/?per_page=24&shop_view=grid&per_row=2 - Total in results: 950
Submitting task for: https://anjayasejati.com/product-category/perlengkapan-menggambar/kuas/?per_row=2&shop_view=grid&per_page=24
Added URL to results: https://anjayasejati.com/product-category/perlengkapan-menggambar/kuas/?per_page=24&shop_view=grid&per_row=3 - Total in results: 951
Starting crawl of https://anjayasejati.com/product-category/perlengkapan-menggambar/kuas/?per_row=2&shop_view=grid&per_page=24
Submitting task for: https://anjayasejati.com/product-category/perlengkapan-menggambar/kuas/?per_row=2&shop_view=list
Starting crawl of https://anjayasejati.com/product-category/perlengkapan-menggambar/kuas/?per_row=2&shop_view=list
get_status called - crawl_results length: 951, status: running, crawled: 951
Added URL to results: https://anjayasejati.com/product-category/perlengkapan-menggambar/kuas/?per_row=2&shop_view=list - Total in results: 952
Submitting task for: https://anjayasejati.com/product-category/perlengkapan-menggambar/pensil-warna/?shop_view=list&per_page=9
Starting crawl of https://anjayasejati.com/product-category/perlengkapan-menggambar/pensil-warna/?shop_view=list&per_page=9
get_status called - crawl_results length: 952, status: running, crawled: 952
Added URL to results: https://anjayasejati.com/product-category/perlengkapan-menggambar/pensil-warna/?per_page=12&shop_view=grid&per_row=4 - Total in results: 953
Submitting task for: https://anjayasejati.com/product-category/perlengkapan-menggambar/pensil-warna/?shop_view=list&per_page=12
Starting crawl of https://anjayasejati.com/product-category/perlengkapan-menggambar/pensil-warna/?shop_view=list&per_page=12
Added URL to results: https://anjayasejati.com/product-category/perlengkapan-menggambar/pensil-warna/?shop_view=list&per_page=12 - Total in results: 954
Submitting task for: https://anjayasejati.com/product-category/perlengkapan-menggambar/pensil-warna/?shop_view=list&per_page=18
Starting crawl of https://anjayasejati.com/product-category/perlengkapan-menggambar/pensil-warna/?shop_view=list&per_page=18
Added URL to results: https://anjayasejati.com/product-category/perlengkapan-menggambar/kuas/?per_row=2&shop_view=grid&per_page=12 - Total in results: 955
Submitting task for: https://anjayasejati.com/product-category/perlengkapan-menggambar/pensil-warna/?shop_view=list&per_page=24
Starting crawl of https://anjayasejati.com/product-category/perlengkapan-menggambar/pensil-warna/?shop_view=list&per_page=24
Added URL to results: https://anjayasejati.com/product-category/perlengkapan-menggambar/pensil-warna/?shop_view=list&per_page=18 - Total in results: 956
Submitting task for: https://anjayasejati.com/product-category/perlengkapan-menggambar/pensil-warna/page/2/?shop_view=list
Starting crawl of https://anjayasejati.com/product-category/perlengkapan-menggambar/pensil-warna/page/2/?shop_view=list
Added URL to results: https://anjayasejati.com/product-category/perlengkapan-menggambar/kuas/?per_row=2&shop_view=grid&per_page=24 - Total in results: 957
Submitting task for: https://anjayasejati.com/product-category/perlengkapan-menggambar/kuas/page/1/
Starting crawl of https://anjayasejati.com/product-category/perlengkapan-menggambar/kuas/page/1/
Added URL to results: https://anjayasejati.com/product-category/perlengkapan-menggambar/kuas/?per_row=2&shop_view=grid&per_page=18 - Total in results: 958
Submitting task for: https://anjayasejati.com/product-category/perlengkapan-menggambar/pensil-warna/?per_page=9&shop_view=list
Starting crawl of https://anjayasejati.com/product-category/perlengkapan-menggambar/pensil-warna/?per_page=9&shop_view=list
Added URL to results: https://anjayasejati.com/product-category/perlengkapan-menggambar/pensil-warna/?shop_view=list&per_page=9 - Total in results: 959
Submitting task for: https://anjayasejati.com/product-category/perlengkapan-menggambar/pensil-warna/?per_page=9&shop_view=grid&per_row=2
Starting crawl of https://anjayasejati.com/product-category/perlengkapan-menggambar/pensil-warna/?per_page=9&shop_view=grid&per_row=2
get_status called - crawl_results length: 959, status: running, crawled: 959
Added URL to results: https://anjayasejati.com/product-category/perlengkapan-menggambar/pensil-warna/?per_page=9&shop_view=list - Total in results: 960
Submitting task for: https://anjayasejati.com/product-category/perlengkapan-menggambar/pensil-warna/?per_page=9&shop_view=grid&per_row=3
Starting crawl of https://anjayasejati.com/product-category/perlengkapan-menggambar/pensil-warna/?per_page=9&shop_view=grid&per_row=3
Added URL to results: https://anjayasejati.com/product-category/perlengkapan-menggambar/pensil-warna/?per_page=9&shop_view=grid&per_row=2 - Total in results: 961
Submitting task for: https://anjayasejati.com/product-category/perlengkapan-menggambar/pensil-warna/?per_page=9&shop_view=grid&per_row=4
Starting crawl of https://anjayasejati.com/product-category/perlengkapan-menggambar/pensil-warna/?per_page=9&shop_view=grid&per_row=4
Saved 50 URLs to database for crawl 1
Saved 5536 links to database for crawl 1
Saved 149 issues to database for crawl 1
Saved batch to database for crawl 1
Added URL to results: https://anjayasejati.com/product-category/perlengkapan-menggambar/pensil-warna/?per_page=9&shop_view=grid&per_row=4 - Total in results: 962
Submitting task for: https://anjayasejati.com/product-category/perlengkapan-menggambar/pensil-warna/page/2/?per_page=9
Starting crawl of https://anjayasejati.com/product-category/perlengkapan-menggambar/pensil-warna/page/2/?per_page=9
Added URL to results: https://anjayasejati.com/product-category/perlengkapan-menggambar/pensil-warna/page/2/?shop_view=list - Total in results: 963
Submitting task for: https://anjayasejati.com/product-category/perlengkapan-menggambar/pensil-warna/page/3/?per_page=9
Starting crawl of https://anjayasejati.com/product-category/perlengkapan-menggambar/pensil-warna/page/3/?per_page=9
Added URL to results: https://anjayasejati.com/product-category/perlengkapan-menggambar/kuas/page/1/ - Total in results: 964
Submitting task for: https://anjayasejati.com/product-category/perlengkapan-menggambar/pensil-warna/?per_row=2&shop_view=grid&per_page=9
Starting crawl of https://anjayasejati.com/product-category/perlengkapan-menggambar/pensil-warna/?per_row=2&shop_view=grid&per_page=9
Added URL to results: https://anjayasejati.com/product-category/perlengkapan-menggambar/pensil-warna/?shop_view=list&per_page=24 - Total in results: 965
Submitting task for: https://anjayasejati.com/product-category/perlengkapan-menggambar/pensil-warna/?per_row=2&shop_view=grid&per_page=12
Starting crawl of https://anjayasejati.com/product-category/perlengkapan-menggambar/pensil-warna/?per_row=2&shop_view=grid&per_page=12
get_status called - crawl_results length: 965, status: running, crawled: 965
Added URL to results: https://anjayasejati.com/product-category/perlengkapan-menggambar/pensil-warna/?per_page=9&shop_view=grid&per_row=3 - Total in results: 966
Submitting task for: https://anjayasejati.com/product-category/perlengkapan-menggambar/pensil-warna/?per_row=2&shop_view=grid&per_page=18
Starting crawl of https://anjayasejati.com/product-category/perlengkapan-menggambar/pensil-warna/?per_row=2&shop_view=grid&per_page=18
Added URL to results: https://anjayasejati.com/product-category/perlengkapan-menggambar/pensil-warna/page/2/?per_page=9 - Total in results: 967
Submitting task for: https://anjayasejati.com/product-category/perlengkapan-menggambar/pensil-warna/?per_row=2&shop_view=grid&per_page=24
Starting crawl of https://anjayasejati.com/product-category/perlengkapan-menggambar/pensil-warna/?per_row=2&shop_view=grid&per_page=24
Added URL to results: https://anjayasejati.com/product-category/perlengkapan-menggambar/pensil-warna/page/3/?per_page=9 - Total in results: 968
Submitting task for: https://anjayasejati.com/product-category/perlengkapan-menggambar/pensil-warna/?per_row=2&shop_view=list
Starting crawl of https://anjayasejati.com/product-category/perlengkapan-menggambar/pensil-warna/?per_row=2&shop_view=list
Added URL to results: https://anjayasejati.com/product-category/perlengkapan-menggambar/pensil-warna/?per_row=2&shop_view=list - Total in results: 969
Submitting task for: https://anjayasejati.com/product-category/perlengkapan-menggambar/pensil-warna/?per_row=2&shop_view=grid
Starting crawl of https://anjayasejati.com/product-category/perlengkapan-menggambar/pensil-warna/?per_row=2&shop_view=grid
get_status called - crawl_results length: 969, status: running, crawled: 969
Added URL to results: https://anjayasejati.com/product-category/perlengkapan-menggambar/pensil-warna/?per_row=2&shop_view=grid&per_page=9 - Total in results: 970
Submitting task for: https://anjayasejati.com/product-category/perlengkapan-menggambar/pensil-warna/?per_row=3&shop_view=grid
Starting crawl of https://anjayasejati.com/product-category/perlengkapan-menggambar/pensil-warna/?per_row=3&shop_view=grid
Added URL to results: https://anjayasejati.com/product-category/perlengkapan-menggambar/pensil-warna/?per_row=3&shop_view=grid - Total in results: 971
Submitting task for: https://anjayasejati.com/product-category/perlengkapan-menggambar/pensil-warna/?per_row=4&shop_view=grid
Starting crawl of https://anjayasejati.com/product-category/perlengkapan-menggambar/pensil-warna/?per_row=4&shop_view=grid
Added URL to results: https://anjayasejati.com/product-category/perlengkapan-menggambar/pensil-warna/?per_row=4&shop_view=grid - Total in results: 972
Submitting task for: https://anjayasejati.com/product-category/perlengkapan-menggambar/pensil-warna/page/2/?shop_view=grid&per_row=2
Starting crawl of https://anjayasejati.com/product-category/perlengkapan-menggambar/pensil-warna/page/2/?shop_view=grid&per_row=2
Added URL to results: https://anjayasejati.com/product-category/perlengkapan-menggambar/pensil-warna/?per_row=2&shop_view=grid&per_page=12 - Total in results: 973
Submitting task for: https://anjayasejati.com/product-category/perlengkapan-menggambar/pensil-warna/?per_row=3&shop_view=grid&per_page=9
Starting crawl of https://anjayasejati.com/product-category/perlengkapan-menggambar/pensil-warna/?per_row=3&shop_view=grid&per_page=9
get_status called - crawl_results length: 973, status: running, crawled: 973
Added URL to results: https://anjayasejati.com/product-category/perlengkapan-menggambar/pensil-warna/?per_row=2&shop_view=grid&per_page=18 - Total in results: 974
Submitting task for: https://anjayasejati.com/product-category/perlengkapan-menggambar/pensil-warna/?per_row=3&shop_view=grid&per_page=12
Starting crawl of https://anjayasejati.com/product-category/perlengkapan-menggambar/pensil-warna/?per_row=3&shop_view=grid&per_page=12
get_status called - crawl_results length: 974, status: running, crawled: 974
Added URL to results: https://anjayasejati.com/product-category/perlengkapan-menggambar/pensil-warna/?per_row=2&shop_view=grid&per_page=24 - Total in results: 975
Submitting task for: https://anjayasejati.com/product-category/perlengkapan-menggambar/pensil-warna/?per_row=3&shop_view=grid&per_page=18
Starting crawl of https://anjayasejati.com/product-category/perlengkapan-menggambar/pensil-warna/?per_row=3&shop_view=grid&per_page=18
Added URL to results: https://anjayasejati.com/product-category/perlengkapan-menggambar/pensil-warna/?per_row=2&shop_view=grid - Total in results: 976
Submitting task for: https://anjayasejati.com/product-category/perlengkapan-menggambar/pensil-warna/?per_row=3&shop_view=grid&per_page=24
Starting crawl of https://anjayasejati.com/product-category/perlengkapan-menggambar/pensil-warna/?per_row=3&shop_view=grid&per_page=24
Added URL to results: https://anjayasejati.com/product-category/perlengkapan-menggambar/pensil-warna/page/2/?shop_view=grid&per_row=2 - Total in results: 977
Submitting task for: https://anjayasejati.com/product-category/perlengkapan-menggambar/pensil-warna/?per_row=3&shop_view=list
Starting crawl of https://anjayasejati.com/product-category/perlengkapan-menggambar/pensil-warna/?per_row=3&shop_view=list
Added URL to results: https://anjayasejati.com/product-category/perlengkapan-menggambar/pensil-warna/?per_row=3&shop_view=grid&per_page=9 - Total in results: 978
Submitting task for: https://anjayasejati.com/product-category/perlengkapan-menggambar/pensil-warna/page/2/?shop_view=grid&per_row=3
Starting crawl of https://anjayasejati.com/product-category/perlengkapan-menggambar/pensil-warna/page/2/?shop_view=grid&per_row=3
get_status called - crawl_results length: 978, status: running, crawled: 978
Added URL to results: https://anjayasejati.com/product-category/perlengkapan-menggambar/pensil-warna/?per_row=3&shop_view=grid&per_page=12 - Total in results: 979
Submitting task for: https://anjayasejati.com/product-category/perlengkapan-sekolah-kantor/stampel/?per_page=9&shop_view=list
Starting crawl of https://anjayasejati.com/product-category/perlengkapan-sekolah-kantor/stampel/?per_page=9&shop_view=list
Added URL to results: https://anjayasejati.com/product-category/perlengkapan-menggambar/pensil-warna/?per_row=3&shop_view=grid&per_page=18 - Total in results: 980
Submitting task for: https://anjayasejati.com/product-category/perlengkapan-sekolah-kantor/stampel/?per_page=9&shop_view=grid&per_row=2
Starting crawl of https://anjayasejati.com/product-category/perlengkapan-sekolah-kantor/stampel/?per_page=9&shop_view=grid&per_row=2
get_status called - crawl_results length: 980, status: running, crawled: 980
Added URL to results: https://anjayasejati.com/product-category/perlengkapan-menggambar/pensil-warna/page/2/?shop_view=grid&per_row=3 - Total in results: 981
Submitting task for: https://anjayasejati.com/product-category/perlengkapan-sekolah-kantor/stampel/?per_page=9&shop_view=grid&per_row=3
Starting crawl of https://anjayasejati.com/product-category/perlengkapan-sekolah-kantor/stampel/?per_page=9&shop_view=grid&per_row=3
Added URL to results: https://anjayasejati.com/product-category/perlengkapan-menggambar/pensil-warna/?per_row=3&shop_view=grid&per_page=24 - Total in results: 982
Submitting task for: https://anjayasejati.com/product-category/perlengkapan-sekolah-kantor/stampel/?per_page=9&shop_view=grid&per_row=4
Starting crawl of https://anjayasejati.com/product-category/perlengkapan-sekolah-kantor/stampel/?per_page=9&shop_view=grid&per_row=4
Added URL to results: https://anjayasejati.com/product-category/perlengkapan-menggambar/pensil-warna/?per_row=3&shop_view=list - Total in results: 983
Submitting task for: https://anjayasejati.com/product-category/perlengkapan-sekolah-kantor/stampel/page/2/?per_page=9
Starting crawl of https://anjayasejati.com/product-category/perlengkapan-sekolah-kantor/stampel/page/2/?per_page=9
get_status called - crawl_results length: 983, status: running, crawled: 983
Added URL to results: https://anjayasejati.com/product-category/perlengkapan-sekolah-kantor/stampel/?per_page=9&shop_view=list - Total in results: 984
Submitting task for: https://anjayasejati.com/product-category/perlengkapan-menggambar/pensil-warna/?per_page=18&shop_view=list
Starting crawl of https://anjayasejati.com/product-category/perlengkapan-menggambar/pensil-warna/?per_page=18&shop_view=list
Added URL to results: https://anjayasejati.com/product-category/perlengkapan-menggambar/pensil-warna/?per_page=18&shop_view=list - Total in results: 985
Submitting task for: https://anjayasejati.com/product-category/perlengkapan-menggambar/pensil-warna/?per_page=18&shop_view=grid&per_row=2
Starting crawl of https://anjayasejati.com/product-category/perlengkapan-menggambar/pensil-warna/?per_page=18&shop_view=grid&per_row=2
Added URL to results: https://anjayasejati.com/product-category/perlengkapan-menggambar/pensil-warna/?per_page=18&shop_view=grid&per_row=2 - Total in results: 986
Submitting task for: https://anjayasejati.com/product-category/perlengkapan-menggambar/pensil-warna/?per_page=18&shop_view=grid&per_row=3
Starting crawl of https://anjayasejati.com/product-category/perlengkapan-menggambar/pensil-warna/?per_page=18&shop_view=grid&per_row=3
Added URL to results: https://anjayasejati.com/product-category/perlengkapan-menggambar/pensil-warna/?per_page=18&shop_view=grid&per_row=3 - Total in results: 987
Submitting task for: https://anjayasejati.com/product-category/perlengkapan-menggambar/pensil-warna/?per_page=18&shop_view=grid&per_row=4
Starting crawl of https://anjayasejati.com/product-category/perlengkapan-menggambar/pensil-warna/?per_page=18&shop_view=grid&per_row=4
Added URL to results: https://anjayasejati.com/product-category/perlengkapan-sekolah-kantor/stampel/?per_page=9&shop_view=grid&per_row=2 - Total in results: 988
Submitting task for: https://anjayasejati.com/product-category/perlengkapan-menggambar/pensil-warna/page/2/?per_page=18
Starting crawl of https://anjayasejati.com/product-category/perlengkapan-menggambar/pensil-warna/page/2/?per_page=18
Added URL to results: https://anjayasejati.com/product-category/perlengkapan-sekolah-kantor/stampel/?per_page=9&shop_view=grid&per_row=4 - Total in results: 989
Submitting task for: https://anjayasejati.com/product-category/perlengkapan-menggambar/pensil-warna/?per_page=24&shop_view=list
Starting crawl of https://anjayasejati.com/product-category/perlengkapan-menggambar/pensil-warna/?per_page=24&shop_view=list
Added URL to results: https://anjayasejati.com/product-category/perlengkapan-sekolah-kantor/stampel/?per_page=9&shop_view=grid&per_row=3 - Total in results: 990
Submitting task for: https://anjayasejati.com/product-category/perlengkapan-menggambar/pensil-warna/?per_page=24&shop_view=grid&per_row=2
Starting crawl of https://anjayasejati.com/product-category/perlengkapan-menggambar/pensil-warna/?per_page=24&shop_view=grid&per_row=2
get_status called - crawl_results length: 990, status: running, crawled: 990
Added URL to results: https://anjayasejati.com/product-category/perlengkapan-menggambar/pensil-warna/?per_page=24&shop_view=list - Total in results: 991
Submitting task for: https://anjayasejati.com/product-category/perlengkapan-menggambar/pensil-warna/?per_page=24&shop_view=grid&per_row=3
Starting crawl of https://anjayasejati.com/product-category/perlengkapan-menggambar/pensil-warna/?per_page=24&shop_view=grid&per_row=3
Added URL to results: https://anjayasejati.com/product-category/perlengkapan-sekolah-kantor/stampel/page/2/?per_page=9 - Total in results: 992
Submitting task for: https://anjayasejati.com/product-category/perlengkapan-menggambar/pensil-warna/?per_page=24&shop_view=grid&per_row=4
Starting crawl of https://anjayasejati.com/product-category/perlengkapan-menggambar/pensil-warna/?per_page=24&shop_view=grid&per_row=4
get_status called - crawl_results length: 992, status: running, crawled: 992
Added URL to results: https://anjayasejati.com/product-category/perlengkapan-menggambar/pensil-warna/page/2/?per_page=18 - Total in results: 993
Submitting task for: https://anjayasejati.com/product-category/perlengkapan-sekolah-kantor/stampel/?per_page=18&shop_view=list
Starting crawl of https://anjayasejati.com/product-category/perlengkapan-sekolah-kantor/stampel/?per_page=18&shop_view=list
get_status called - crawl_results length: 993, status: running, crawled: 993
Added URL to results: https://anjayasejati.com/product-category/perlengkapan-menggambar/pensil-warna/?per_page=18&shop_view=grid&per_row=4 - Total in results: 994WARNING:urllib3.connectionpool:Connection pool is full, discarding connection: anjayasejati.com. Connection pool size: 10

Submitting task for: https://anjayasejati.com/product-category/perlengkapan-sekolah-kantor/stampel/?per_page=18&shop_view=grid&per_row=2
Starting crawl of https://anjayasejati.com/product-category/perlengkapan-sekolah-kantor/stampel/?per_page=18&shop_view=grid&per_row=2
Added URL to results: https://anjayasejati.com/product-category/perlengkapan-menggambar/pensil-warna/?per_page=24&shop_view=grid&per_row=2 - Total in results: 995
Submitting task for: https://anjayasejati.com/product-category/perlengkapan-sekolah-kantor/stampel/?per_page=18&shop_view=grid&per_row=3
Starting crawl of https://anjayasejati.com/product-category/perlengkapan-sekolah-kantor/stampel/?per_page=18&shop_view=grid&per_row=3
Added URL to results: https://anjayasejati.com/product-category/perlengkapan-menggambar/pensil-warna/?per_page=24&shop_view=grid&per_row=3 - Total in results: 996
Submitting task for: https://anjayasejati.com/product-category/perlengkapan-sekolah-kantor/stampel/?per_page=18&shop_view=grid&per_row=4
Starting crawl of https://anjayasejati.com/product-category/perlengkapan-sekolah-kantor/stampel/?per_page=18&shop_view=grid&per_row=4
Added URL to results: https://anjayasejati.com/product-category/perlengkapan-menggambar/pensil-warna/?per_page=24&shop_view=grid&per_row=4 - Total in results: 997
Submitting task for: https://anjayasejati.com/product-category/perlengkapan-sekolah-kantor/stampel/?per_row=2&shop_view=grid&per_page=9
Starting crawl of https://anjayasejati.com/product-category/perlengkapan-sekolah-kantor/stampel/?per_row=2&shop_view=grid&per_page=9
Added URL to results: https://anjayasejati.com/product-category/perlengkapan-sekolah-kantor/stampel/?per_row=2&shop_view=grid&per_page=9 - Total in results: 998
Submitting task for: https://anjayasejati.com/product-category/perlengkapan-sekolah-kantor/stampel/?per_row=2&shop_view=grid&per_page=12
Starting crawl of https://anjayasejati.com/product-category/perlengkapan-sekolah-kantor/stampel/?per_row=2&shop_view=grid&per_page=12
get_status called - crawl_results length: 998, status: running, crawled: 998
Added URL to results: https://anjayasejati.com/product-category/perlengkapan-sekolah-kantor/stampel/?per_page=18&shop_view=list - Total in results: 999
Submitting task for: https://anjayasejati.com/product-category/perlengkapan-sekolah-kantor/stampel/?per_row=2&shop_view=grid&per_page=18
Starting crawl of https://anjayasejati.com/product-category/perlengkapan-sekolah-kantor/stampel/?per_row=2&shop_view=grid&per_page=18
Added URL to results: https://anjayasejati.com/product-category/perlengkapan-sekolah-kantor/stampel/?per_page=18&shop_view=grid&per_row=2 - Total in results: 1000
Submitting task for: https://anjayasejati.com/product-category/perlengkapan-sekolah-kantor/stampel/?per_row=2&shop_view=grid&per_page=24
Starting crawl of https://anjayasejati.com/product-category/perlengkapan-sekolah-kantor/stampel/?per_row=2&shop_view=grid&per_page=24
Added URL to results: https://anjayasejati.com/product-category/perlengkapan-sekolah-kantor/stampel/?per_page=18&shop_view=grid&per_row=3 - Total in results: 1001
Submitting task for: https://anjayasejati.com/product-category/perlengkapan-sekolah-kantor/stampel/?per_row=2&shop_view=list
Starting crawl of https://anjayasejati.com/product-category/perlengkapan-sekolah-kantor/stampel/?per_row=2&shop_view=list
Added URL to results: https://anjayasejati.com/product-category/perlengkapan-sekolah-kantor/stampel/?per_page=18&shop_view=grid&per_row=4 - Total in results: 1002
Submitting task for: https://anjayasejati.com/product-category/perlengkapan-sekolah-kantor/stampel/?per_row=2&shop_view=grid
Starting crawl of https://anjayasejati.com/product-category/perlengkapan-sekolah-kantor/stampel/?per_row=2&shop_view=grid
get_status called - crawl_results length: 1002, status: running, crawled: 1002
Added URL to results: https://anjayasejati.com/product-category/perlengkapan-sekolah-kantor/stampel/?per_row=2&shop_view=grid - Total in results: 1003
Submitting task for: https://anjayasejati.com/product-category/perlengkapan-sekolah-kantor/stampel/?per_row=3&shop_view=grid
Starting crawl of https://anjayasejati.com/product-category/perlengkapan-sekolah-kantor/stampel/?per_row=3&shop_view=grid
Added URL to results: https://anjayasejati.com/product-category/perlengkapan-sekolah-kantor/stampel/?per_row=2&shop_view=grid&per_page=12 - Total in results: 1004
Submitting task for: https://anjayasejati.com/product-category/perlengkapan-sekolah-kantor/stampel/?per_row=4&shop_view=grid
Starting crawl of https://anjayasejati.com/product-category/perlengkapan-sekolah-kantor/stampel/?per_row=4&shop_view=grid
get_status called - crawl_results length: 1004, status: running, crawled: 1004
Added URL to results: https://anjayasejati.com/product-category/perlengkapan-sekolah-kantor/stampel/?per_row=2&shop_view=grid&per_page=18 - Total in results: 1005
Submitting task for: https://anjayasejati.com/product-category/perlengkapan-menggambar/pensil-warna/?per_row=4&shop_view=grid&per_page=9
Starting crawl of https://anjayasejati.com/product-category/perlengkapan-menggambar/pensil-warna/?per_row=4&shop_view=grid&per_page=9
Added URL to results: https://anjayasejati.com/product-category/perlengkapan-sekolah-kantor/stampel/?per_row=2&shop_view=list - Total in results: 1006
Submitting task for: https://anjayasejati.com/product-category/perlengkapan-menggambar/pensil-warna/?per_row=4&shop_view=grid&per_page=12
Starting crawl of https://anjayasejati.com/product-category/perlengkapan-menggambar/pensil-warna/?per_row=4&shop_view=grid&per_page=12
Added URL to results: https://anjayasejati.com/product-category/perlengkapan-sekolah-kantor/stampel/?per_row=2&shop_view=grid&per_page=24 - Total in results: 1007
Submitting task for: https://anjayasejati.com/product-category/perlengkapan-menggambar/pensil-warna/?per_row=4&shop_view=grid&per_page=18
Starting crawl of https://anjayasejati.com/product-category/perlengkapan-menggambar/pensil-warna/?per_row=4&shop_view=grid&per_page=18
Added URL to results: https://anjayasejati.com/product-category/perlengkapan-menggambar/pensil-warna/?per_row=4&shop_view=grid&per_page=12 - Total in results: 1008
Submitting task for: https://anjayasejati.com/product-category/perlengkapan-menggambar/pensil-warna/?per_row=4&shop_view=grid&per_page=24
Starting crawl of https://anjayasejati.com/product-category/perlengkapan-menggambar/pensil-warna/?per_row=4&shop_view=grid&per_page=24
Added URL to results: https://anjayasejati.com/product-category/perlengkapan-sekolah-kantor/stampel/?per_row=3&shop_view=grid - Total in results: 1009
Submitting task for: https://anjayasejati.com/product-category/perlengkapan-menggambar/pensil-warna/?per_row=4&shop_view=list
Starting crawl of https://anjayasejati.com/product-category/perlengkapan-menggambar/pensil-warna/?per_row=4&shop_view=list
Added URL to results: https://anjayasejati.com/product-category/perlengkapan-menggambar/pensil-warna/?per_row=4&shop_view=list - Total in results: 1010
Submitting task for: https://anjayasejati.com/product-category/perlengkapan-sekolah-kantor/stampel/?per_page=12&shop_view=list
Starting crawl of https://anjayasejati.com/product-category/perlengkapan-sekolah-kantor/stampel/?per_page=12&shop_view=list
get_status called - crawl_results length: 1010, status: running, crawled: 1010
Added URL to results: https://anjayasejati.com/product-category/perlengkapan-sekolah-kantor/stampel/?per_row=4&shop_view=grid - Total in results: 1011
Submitting task for: https://anjayasejati.com/product-category/perlengkapan-sekolah-kantor/stampel/?per_page=12&shop_view=grid&per_row=2
Starting crawl of https://anjayasejati.com/product-category/perlengkapan-sekolah-kantor/stampel/?per_page=12&shop_view=grid&per_row=2
get_status called - crawl_results length: 1011, status: running, crawled: 1011
Saved 50 URLs to database for crawl 1
Saved 6074 links to database for crawl 1
Saved 163 issues to database for crawl 1
Saved batch to database for crawl 1
Added URL to results: https://anjayasejati.com/product-category/perlengkapan-menggambar/pensil-warna/?per_row=4&shop_view=grid&per_page=9 - Total in results: 1012
Submitting task for: https://anjayasejati.com/product-category/perlengkapan-sekolah-kantor/stampel/?per_page=12&shop_view=grid&per_row=3
Starting crawl of https://anjayasejati.com/product-category/perlengkapan-sekolah-kantor/stampel/?per_page=12&shop_view=grid&per_row=3
Added URL to results: https://anjayasejati.com/product-category/perlengkapan-menggambar/pensil-warna/?per_row=4&shop_view=grid&per_page=18 - Total in results: 1013
Submitting task for: https://anjayasejati.com/product-category/perlengkapan-sekolah-kantor/stampel/?per_page=12&shop_view=grid&per_row=4
Starting crawl of https://anjayasejati.com/product-category/perlengkapan-sekolah-kantor/stampel/?per_page=12&shop_view=grid&per_row=4
Added URL to results: https://anjayasejati.com/product-category/perlengkapan-menggambar/pensil-warna/?per_row=4&shop_view=grid&per_page=24 - Total in results: 1014
Submitting task for: https://anjayasejati.com/product-category/perlengkapan-sekolah-kantor/penggaris/?per_page=9&shop_view=list
Starting crawl of https://anjayasejati.com/product-category/perlengkapan-sekolah-kantor/penggaris/?per_page=9&shop_view=list
get_status called - crawl_results length: 1014, status: running, crawled: 1014
Added URL to results: https://anjayasejati.com/product-category/perlengkapan-sekolah-kantor/stampel/?per_page=12&shop_view=list - Total in results: 1015
Submitting task for: https://anjayasejati.com/product-category/perlengkapan-sekolah-kantor/penggaris/?per_page=9&shop_view=grid&per_row=2
Starting crawl of https://anjayasejati.com/product-category/perlengkapan-sekolah-kantor/penggaris/?per_page=9&shop_view=grid&per_row=2
Added URL to results: https://anjayasejati.com/product-category/perlengkapan-sekolah-kantor/penggaris/?per_page=9&shop_view=list - Total in results: 1016
Submitting task for: https://anjayasejati.com/product-category/perlengkapan-sekolah-kantor/penggaris/?per_page=9&shop_view=grid&per_row=3
Starting crawl of https://anjayasejati.com/product-category/perlengkapan-sekolah-kantor/penggaris/?per_page=9&shop_view=grid&per_row=3
Added URL to results: https://anjayasejati.com/product-category/perlengkapan-sekolah-kantor/stampel/?per_page=12&shop_view=grid&per_row=2 - Total in results: 1017
Submitting task for: https://anjayasejati.com/product-category/perlengkapan-sekolah-kantor/penggaris/?per_page=9&shop_view=grid&per_row=4
Starting crawl of https://anjayasejati.com/product-category/perlengkapan-sekolah-kantor/penggaris/?per_page=9&shop_view=grid&per_row=4
Added URL to results: https://anjayasejati.com/product-category/perlengkapan-sekolah-kantor/penggaris/?per_page=9&shop_view=grid&per_row=3 - Total in results: 1018
Submitting task for: https://anjayasejati.com/product-category/perlengkapan-sekolah-kantor/penggaris/page/2/?per_page=9
Starting crawl of https://anjayasejati.com/product-category/perlengkapan-sekolah-kantor/penggaris/page/2/?per_page=9
get_status called - crawl_results length: 1018, status: running, crawled: 1018
Added URL to results: https://anjayasejati.com/product-category/perlengkapan-sekolah-kantor/stampel/?per_page=12&shop_view=grid&per_row=3 - Total in results: 1019
Submitting task for: https://anjayasejati.com/product-category/perlengkapan-sekolah-kantor/penggaris/?per_page=12&shop_view=list
Starting crawl of https://anjayasejati.com/product-category/perlengkapan-sekolah-kantor/penggaris/?per_page=12&shop_view=list
Added URL to results: https://anjayasejati.com/product-category/perlengkapan-sekolah-kantor/penggaris/?per_page=12&shop_view=list - Total in results: 1020
Submitting task for: https://anjayasejati.com/product-category/perlengkapan-sekolah-kantor/penggaris/?per_page=12&shop_view=grid&per_row=2
Starting crawl of https://anjayasejati.com/product-category/perlengkapan-sekolah-kantor/penggaris/?per_page=12&shop_view=grid&per_row=2
Added URL to results: https://anjayasejati.com/product-category/perlengkapan-sekolah-kantor/stampel/?per_page=12&shop_view=grid&per_row=4 - Total in results: 1021
Submitting task for: https://anjayasejati.com/product-category/perlengkapan-sekolah-kantor/penggaris/?per_page=12&shop_view=grid&per_row=3
Starting crawl of https://anjayasejati.com/product-category/perlengkapan-sekolah-kantor/penggaris/?per_page=12&shop_view=grid&per_row=3
Added URL to results: https://anjayasejati.com/product-category/perlengkapan-sekolah-kantor/penggaris/?per_page=9&shop_view=grid&per_row=2 - Total in results: 1022
Submitting task for: https://anjayasejati.com/product-category/perlengkapan-sekolah-kantor/penggaris/?per_page=12&shop_view=grid&per_row=4
Starting crawl of https://anjayasejati.com/product-category/perlengkapan-sekolah-kantor/penggaris/?per_page=12&shop_view=grid&per_row=4
get_status called - crawl_results length: 1022, status: running, crawled: 1022
Added URL to results: https://anjayasejati.com/product-category/perlengkapan-sekolah-kantor/penggaris/?per_page=12&shop_view=grid&per_row=2 - Total in results: 1023
Added URL to results: https://anjayasejati.com/product-category/perlengkapan-sekolah-kantor/penggaris/?per_page=12&shop_view=grid&per_row=3 - Total in results: 1024
Submitting task for: https://anjayasejati.com/product-category/perlengkapan-sekolah-kantor/penggaris/page/2/?per_page=12
Submitting task for: https://anjayasejati.com/product-category/perlengkapan-sekolah-kantor/stampel/?shop_view=list&per_page=9
Starting crawl of https://anjayasejati.com/product-category/perlengkapan-sekolah-kantor/penggaris/page/2/?per_page=12
Starting crawl of https://anjayasejati.com/product-category/perlengkapan-sekolah-kantor/stampel/?shop_view=list&per_page=9
Added URL to results: https://anjayasejati.com/product-category/perlengkapan-sekolah-kantor/penggaris/page/2/?per_page=9 - Total in results: 1025
Submitting task for: https://anjayasejati.com/product-category/perlengkapan-sekolah-kantor/stampel/?shop_view=list&per_page=12
Starting crawl of https://anjayasejati.com/product-category/perlengkapan-sekolah-kantor/stampel/?shop_view=list&per_page=12
Added URL to results: https://anjayasejati.com/product-category/perlengkapan-sekolah-kantor/penggaris/?per_page=9&shop_view=grid&per_row=4 - Total in results: 1026
Submitting task for: https://anjayasejati.com/product-category/perlengkapan-sekolah-kantor/stampel/?shop_view=list&per_page=18
Starting crawl of https://anjayasejati.com/product-category/perlengkapan-sekolah-kantor/stampel/?shop_view=list&per_page=18
Added URL to results: https://anjayasejati.com/product-category/perlengkapan-sekolah-kantor/stampel/?shop_view=list&per_page=9 - Total in results: 1027
Submitting task for: https://anjayasejati.com/product-category/perlengkapan-sekolah-kantor/stampel/?shop_view=list&per_page=24
Starting crawl of https://anjayasejati.com/product-category/perlengkapan-sekolah-kantor/stampel/?shop_view=list&per_page=24
Added URL to results: https://anjayasejati.com/product-category/perlengkapan-sekolah-kantor/stampel/?shop_view=list&per_page=18 - Total in results: 1028
Submitting task for: https://anjayasejati.com/product-category/perlengkapan-sekolah-kantor/stampel/?per_page=24&shop_view=list
Starting crawl of https://anjayasejati.com/product-category/perlengkapan-sekolah-kantor/stampel/?per_page=24&shop_view=list
get_status called - crawl_results length: 1028, status: running, crawled: 1028
Added URL to results: https://anjayasejati.com/product-category/perlengkapan-sekolah-kantor/penggaris/page/2/?per_page=12 - Total in results: 1029
Submitting task for: https://anjayasejati.com/product-category/perlengkapan-sekolah-kantor/stampel/?per_page=24&shop_view=grid&per_row=2
Starting crawl of https://anjayasejati.com/product-category/perlengkapan-sekolah-kantor/stampel/?per_page=24&shop_view=grid&per_row=2
get_status called - crawl_results length: 1029, status: running, crawled: 1029
Added URL to results: https://anjayasejati.com/product-category/perlengkapan-sekolah-kantor/stampel/?shop_view=list&per_page=12 - Total in results: 1030
Submitting task for: https://anjayasejati.com/product-category/perlengkapan-sekolah-kantor/stampel/?per_page=24&shop_view=grid&per_row=3
Starting crawl of https://anjayasejati.com/product-category/perlengkapan-sekolah-kantor/stampel/?per_page=24&shop_view=grid&per_row=3
Added URL to results: https://anjayasejati.com/product-category/perlengkapan-sekolah-kantor/stampel/?shop_view=list&per_page=24 - Total in results: 1031
Submitting task for: https://anjayasejati.com/product-category/perlengkapan-sekolah-kantor/stampel/?per_page=24&shop_view=grid&per_row=4
Starting crawl of https://anjayasejati.com/product-category/perlengkapan-sekolah-kantor/stampel/?per_page=24&shop_view=grid&per_row=4
Added URL to results: https://anjayasejati.com/product-category/perlengkapan-sekolah-kantor/penggaris/?per_page=12&shop_view=grid&per_row=4 - Total in results: 1032
Submitting task for: https://anjayasejati.com/product-category/perlengkapan-sekolah-kantor/stampel/?per_row=3&shop_view=grid&per_page=9
Starting crawl of https://anjayasejati.com/product-category/perlengkapan-sekolah-kantor/stampel/?per_row=3&shop_view=grid&per_page=9
Added URL to results: https://anjayasejati.com/product-category/perlengkapan-sekolah-kantor/stampel/?per_page=24&shop_view=list - Total in results: 1033
Submitting task for: https://anjayasejati.com/product-category/perlengkapan-sekolah-kantor/stampel/?per_row=3&shop_view=grid&per_page=12
Starting crawl of https://anjayasejati.com/product-category/perlengkapan-sekolah-kantor/stampel/?per_row=3&shop_view=grid&per_page=12
Added URL to results: https://anjayasejati.com/product-category/perlengkapan-sekolah-kantor/stampel/?per_page=24&shop_view=grid&per_row=4 - Total in results: 1034
Submitting task for: https://anjayasejati.com/product-category/perlengkapan-sekolah-kantor/stampel/?per_row=3&shop_view=grid&per_page=18
Starting crawl of https://anjayasejati.com/product-category/perlengkapan-sekolah-kantor/stampel/?per_row=3&shop_view=grid&per_page=18
get_status called - crawl_results length: 1034, status: running, crawled: 1034
get_status called - crawl_results length: 1034, status: running, crawled: 1034
Added URL to results: https://anjayasejati.com/product-category/perlengkapan-sekolah-kantor/stampel/?per_page=24&shop_view=grid&per_row=2 - Total in results: 1035
Submitting task for: https://anjayasejati.com/product-category/perlengkapan-sekolah-kantor/stampel/?per_row=3&shop_view=grid&per_page=24
Starting crawl of https://anjayasejati.com/product-category/perlengkapan-sekolah-kantor/stampel/?per_row=3&shop_view=grid&per_page=24
Added URL to results: https://anjayasejati.com/product-category/perlengkapan-sekolah-kantor/stampel/?per_page=24&shop_view=grid&per_row=3 - Total in results: 1036
Submitting task for: https://anjayasejati.com/product-category/perlengkapan-sekolah-kantor/stampel/?per_row=3&shop_view=list
Starting crawl of https://anjayasejati.com/product-category/perlengkapan-sekolah-kantor/stampel/?per_row=3&shop_view=list
Added URL to results: https://anjayasejati.com/product-category/perlengkapan-sekolah-kantor/stampel/?per_row=3&shop_view=grid&per_page=9 - Total in results: 1037
Submitting task for: https://anjayasejati.com/product-category/perlengkapan-sekolah-kantor/stampel/?per_row=4&shop_view=grid&per_page=9
Starting crawl of https://anjayasejati.com/product-category/perlengkapan-sekolah-kantor/stampel/?per_row=4&shop_view=grid&per_page=9
Added URL to results: https://anjayasejati.com/product-category/perlengkapan-sekolah-kantor/stampel/?per_row=3&shop_view=grid&per_page=12 - Total in results: 1038
Submitting task for: https://anjayasejati.com/product-category/perlengkapan-sekolah-kantor/stampel/?per_row=4&shop_view=grid&per_page=12
Starting crawl of https://anjayasejati.com/product-category/perlengkapan-sekolah-kantor/stampel/?per_row=4&shop_view=grid&per_page=12
Added URL to results: https://anjayasejati.com/product-category/perlengkapan-sekolah-kantor/stampel/?per_row=4&shop_view=grid&per_page=9 - Total in results: 1039
Submitting task for: https://anjayasejati.com/product-category/perlengkapan-sekolah-kantor/stampel/?per_row=4&shop_view=grid&per_page=18
Starting crawl of https://anjayasejati.com/product-category/perlengkapan-sekolah-kantor/stampel/?per_row=4&shop_view=grid&per_page=18
Added URL to results: https://anjayasejati.com/product-category/perlengkapan-sekolah-kantor/stampel/?per_row=3&shop_view=list - Total in results: 1040
Submitting task for: https://anjayasejati.com/product-category/perlengkapan-sekolah-kantor/stampel/?per_row=4&shop_view=grid&per_page=24
Starting crawl of https://anjayasejati.com/product-category/perlengkapan-sekolah-kantor/stampel/?per_row=4&shop_view=grid&per_page=24
Added URL to results: https://anjayasejati.com/product-category/perlengkapan-sekolah-kantor/stampel/?per_row=3&shop_view=grid&per_page=18 - Total in results: 1041
Submitting task for: https://anjayasejati.com/product-category/perlengkapan-sekolah-kantor/stampel/?per_row=4&shop_view=list
Starting crawl of https://anjayasejati.com/product-category/perlengkapan-sekolah-kantor/stampel/?per_row=4&shop_view=list
Added URL to results: https://anjayasejati.com/product-category/perlengkapan-sekolah-kantor/stampel/?per_row=4&shop_view=grid&per_page=24 - Total in results: 1042
Submitting task for: https://anjayasejati.com/product-category/perlengkapan-sekolah-kantor/penggaris/?per_row=2&shop_view=grid&per_page=9
Starting crawl of https://anjayasejati.com/product-category/perlengkapan-sekolah-kantor/penggaris/?per_row=2&shop_view=grid&per_page=9
Added URL to results: https://anjayasejati.com/product-category/perlengkapan-sekolah-kantor/penggaris/?per_row=2&shop_view=grid&per_page=9 - Total in results: 1043
Submitting task for: https://anjayasejati.com/product-category/perlengkapan-sekolah-kantor/penggaris/?per_row=2&shop_view=grid&per_page=12
Starting crawl of https://anjayasejati.com/product-category/perlengkapan-sekolah-kantor/penggaris/?per_row=2&shop_view=grid&per_page=12
get_status called - crawl_results length: 1043, status: running, crawled: 1043
Added URL to results: https://anjayasejati.com/product-category/perlengkapan-sekolah-kantor/stampel/?per_row=3&shop_view=grid&per_page=24 - Total in results: 1044
Submitting task for: https://anjayasejati.com/product-category/perlengkapan-sekolah-kantor/penggaris/?per_row=2&shop_view=grid&per_page=18
Starting crawl of https://anjayasejati.com/product-category/perlengkapan-sekolah-kantor/penggaris/?per_row=2&shop_view=grid&per_page=18
get_status called - crawl_results length: 1044, status: running, crawled: 1044
Added URL to results: https://anjayasejati.com/product-category/perlengkapan-sekolah-kantor/stampel/?per_row=4&shop_view=grid&per_page=12 - Total in results: 1045
Submitting task for: https://anjayasejati.com/product-category/perlengkapan-sekolah-kantor/penggaris/?per_row=2&shop_view=grid&per_page=24
Starting crawl of https://anjayasejati.com/product-category/perlengkapan-sekolah-kantor/penggaris/?per_row=2&shop_view=grid&per_page=24
Added URL to results: https://anjayasejati.com/product-category/perlengkapan-sekolah-kantor/stampel/?per_row=4&shop_view=grid&per_page=18 - Total in results: 1046
Submitting task for: https://anjayasejati.com/product-category/perlengkapan-sekolah-kantor/penggaris/?per_row=2&shop_view=list
Starting crawl of https://anjayasejati.com/product-category/perlengkapan-sekolah-kantor/penggaris/?per_row=2&shop_view=list
Added URL to results: https://anjayasejati.com/product-category/perlengkapan-sekolah-kantor/stampel/?per_row=4&shop_view=list - Total in results: 1047
Submitting task for: https://anjayasejati.com/product-category/perlengkapan-sekolah-kantor/penggaris/?per_row=2&shop_view=grid
Starting crawl of https://anjayasejati.com/product-category/perlengkapan-sekolah-kantor/penggaris/?per_row=2&shop_view=grid
Added URL to results: https://anjayasejati.com/product-category/perlengkapan-sekolah-kantor/penggaris/?per_row=2&shop_view=grid - Total in results: 1048
Submitting task for: https://anjayasejati.com/product-category/perlengkapan-sekolah-kantor/penggaris/?per_row=3&shop_view=grid
Starting crawl of https://anjayasejati.com/product-category/perlengkapan-sekolah-kantor/penggaris/?per_row=3&shop_view=grid
Added URL to results: https://anjayasejati.com/product-category/perlengkapan-sekolah-kantor/penggaris/?per_row=2&shop_view=grid&per_page=12 - Total in results: 1049
Submitting task for: https://anjayasejati.com/product-category/perlengkapan-sekolah-kantor/penggaris/?per_row=4&shop_view=grid
Starting crawl of https://anjayasejati.com/product-category/perlengkapan-sekolah-kantor/penggaris/?per_row=4&shop_view=grid
Added URL to results: https://anjayasejati.com/product-category/perlengkapan-sekolah-kantor/penggaris/?per_row=3&shop_view=grid - Total in results: 1050
Submitting task for: https://anjayasejati.com/product-category/perlengkapan-sekolah-kantor/penggaris/page/2/?shop_view=grid&per_row=2
Starting crawl of https://anjayasejati.com/product-category/perlengkapan-sekolah-kantor/penggaris/page/2/?shop_view=grid&per_row=2
get_status called - crawl_results length: 1050, status: running, crawled: 1050
Added URL to results: https://anjayasejati.com/product-category/perlengkapan-sekolah-kantor/penggaris/?per_row=4&shop_view=grid - Total in results: 1051
Submitting task for: https://anjayasejati.com/product-category/perlengkapan-sekolah-kantor/penggaris/?per_row=4&shop_view=grid&per_page=9
Starting crawl of https://anjayasejati.com/product-category/perlengkapan-sekolah-kantor/penggaris/?per_row=4&shop_view=grid&per_page=9
Added URL to results: https://anjayasejati.com/product-category/perlengkapan-sekolah-kantor/penggaris/?per_row=2&shop_view=grid&per_page=18 - Total in results: 1052
Submitting task for: https://anjayasejati.com/product-category/perlengkapan-sekolah-kantor/penggaris/?per_row=4&shop_view=grid&per_page=12
Starting crawl of https://anjayasejati.com/product-category/perlengkapan-sekolah-kantor/penggaris/?per_row=4&shop_view=grid&per_page=12
Added URL to results: https://anjayasejati.com/product-category/perlengkapan-sekolah-kantor/penggaris/?per_row=2&shop_view=grid&per_page=24 - Total in results: 1053
Submitting task for: https://anjayasejati.com/product-category/perlengkapan-sekolah-kantor/penggaris/?per_row=4&shop_view=grid&per_page=18
Starting crawl of https://anjayasejati.com/product-category/perlengkapan-sekolah-kantor/penggaris/?per_row=4&shop_view=grid&per_page=18
Added URL to results: https://anjayasejati.com/product-category/perlengkapan-sekolah-kantor/penggaris/?per_row=2&shop_view=list - Total in results: 1054
Submitting task for: https://anjayasejati.com/product-category/perlengkapan-sekolah-kantor/penggaris/?per_row=4&shop_view=grid&per_page=24
Starting crawl of https://anjayasejati.com/product-category/perlengkapan-sekolah-kantor/penggaris/?per_row=4&shop_view=grid&per_page=24
Added URL to results: https://anjayasejati.com/product-category/perlengkapan-sekolah-kantor/penggaris/page/2/?shop_view=grid&per_row=2 - Total in results: 1055
Submitting task for: https://anjayasejati.com/product-category/perlengkapan-sekolah-kantor/penggaris/?per_row=4&shop_view=list
Starting crawl of https://anjayasejati.com/product-category/perlengkapan-sekolah-kantor/penggaris/?per_row=4&shop_view=list
Added URL to results: https://anjayasejati.com/product-category/perlengkapan-sekolah-kantor/penggaris/?per_row=4&shop_view=list - Total in results: 1056
Submitting task for: https://anjayasejati.com/product-category/perlengkapan-sekolah-kantor/penggaris/page/2/?shop_view=grid&per_row=4
Starting crawl of https://anjayasejati.com/product-category/perlengkapan-sekolah-kantor/penggaris/page/2/?shop_view=grid&per_row=4
get_status called - crawl_results length: 1056, status: running, crawled: 1056
Added URL to results: https://anjayasejati.com/product-category/perlengkapan-sekolah-kantor/penggaris/?per_row=4&shop_view=grid&per_page=9 - Total in results: 1057
Submitting task for: https://anjayasejati.com/product-category/perlengkapan-sekolah-kantor/penggaris/?per_page=18&shop_view=list
Starting crawl of https://anjayasejati.com/product-category/perlengkapan-sekolah-kantor/penggaris/?per_page=18&shop_view=list
Added URL to results: https://anjayasejati.com/product-category/perlengkapan-sekolah-kantor/penggaris/?per_row=4&shop_view=grid&per_page=12 - Total in results: 1058
Submitting task for: https://anjayasejati.com/product-category/perlengkapan-sekolah-kantor/penggaris/?per_page=18&shop_view=grid&per_row=2
Starting crawl of https://anjayasejati.com/product-category/perlengkapan-sekolah-kantor/penggaris/?per_page=18&shop_view=grid&per_row=2
Added URL to results: https://anjayasejati.com/product-category/perlengkapan-sekolah-kantor/penggaris/?per_page=18&shop_view=grid&per_row=2 - Total in results: 1059
Submitting task for: https://anjayasejati.com/product-category/perlengkapan-sekolah-kantor/penggaris/?per_page=18&shop_view=grid&per_row=3
Starting crawl of https://anjayasejati.com/product-category/perlengkapan-sekolah-kantor/penggaris/?per_page=18&shop_view=grid&per_row=3
Added URL to results: https://anjayasejati.com/product-category/perlengkapan-sekolah-kantor/penggaris/?per_row=4&shop_view=grid&per_page=18 - Total in results: 1060
Submitting task for: https://anjayasejati.com/product-category/perlengkapan-sekolah-kantor/penggaris/?per_page=18&shop_view=grid&per_row=4
Starting crawl of https://anjayasejati.com/product-category/perlengkapan-sekolah-kantor/penggaris/?per_page=18&shop_view=grid&per_row=4
Added URL to results: https://anjayasejati.com/product-category/perlengkapan-sekolah-kantor/penggaris/page/2/?shop_view=grid&per_row=4 - Total in results: 1061
Submitting task for: https://anjayasejati.com/product-category/perlengkapan-sekolah-kantor/penggaris/page/1/
Starting crawl of https://anjayasejati.com/product-category/perlengkapan-sekolah-kantor/penggaris/page/1/
get_status called - crawl_results length: 1061, status: running, crawled: 1061
Saved 50 URLs to database for crawl 1
Saved 6051 links to database for crawl 1
Saved 186 issues to database for crawl 1
Saved batch to database for crawl 1
Added URL to results: https://anjayasejati.com/product-category/perlengkapan-sekolah-kantor/penggaris/?per_row=4&shop_view=grid&per_page=24 - Total in results: 1062
Submitting task for: https://anjayasejati.com/product-category/perlengkapan-sekolah-kantor/map/?per_page=12&shop_view=list
Starting crawl of https://anjayasejati.com/product-category/perlengkapan-sekolah-kantor/map/?per_page=12&shop_view=list
Added URL to results: https://anjayasejati.com/product-category/perlengkapan-sekolah-kantor/penggaris/?per_page=18&shop_view=list - Total in results: 1063
Submitting task for: https://anjayasejati.com/product-category/perlengkapan-sekolah-kantor/map/?per_page=12&shop_view=grid&per_row=2
Starting crawl of https://anjayasejati.com/product-category/perlengkapan-sekolah-kantor/map/?per_page=12&shop_view=grid&per_row=2
Added URL to results: https://anjayasejati.com/product-category/perlengkapan-sekolah-kantor/penggaris/page/1/ - Total in results: 1064
Submitting task for: https://anjayasejati.com/product-category/perlengkapan-sekolah-kantor/map/?per_page=12&shop_view=grid&per_row=3
Starting crawl of https://anjayasejati.com/product-category/perlengkapan-sekolah-kantor/map/?per_page=12&shop_view=grid&per_row=3
get_status called - crawl_results length: 1064, status: running, crawled: 1064
Added URL to results: https://anjayasejati.com/product-category/perlengkapan-sekolah-kantor/penggaris/?per_page=18&shop_view=grid&per_row=3 - Total in results: 1065
Submitting task for: https://anjayasejati.com/product-category/perlengkapan-sekolah-kantor/map/?per_page=12&shop_view=grid&per_row=4
Starting crawl of https://anjayasejati.com/product-category/perlengkapan-sekolah-kantor/map/?per_page=12&shop_view=grid&per_row=4
Added URL to results: https://anjayasejati.com/product-category/perlengkapan-sekolah-kantor/penggaris/?per_page=18&shop_view=grid&per_row=4 - Total in results: 1066
Submitting task for: https://anjayasejati.com/product-category/perlengkapan-sekolah-kantor/map/page/2/?per_page=12
Starting crawl of https://anjayasejati.com/product-category/perlengkapan-sekolah-kantor/map/page/2/?per_page=12
Added URL to results: https://anjayasejati.com/product-category/perlengkapan-sekolah-kantor/map/?per_page=12&shop_view=list - Total in results: 1067
Submitting task for: https://anjayasejati.com/product-category/perlengkapan-sekolah-kantor/map/page/3/?per_page=12
Starting crawl of https://anjayasejati.com/product-category/perlengkapan-sekolah-kantor/map/page/3/?per_page=12
get_status called - crawl_results length: 1067, status: running, crawled: 1067
Added URL to results: https://anjayasejati.com/product-category/perlengkapan-sekolah-kantor/map/?per_page=12&shop_view=grid&per_row=2 - Total in results: 1068
Submitting task for: https://anjayasejati.com/product-category/perlengkapan-sekolah-kantor/map/page/4/?per_page=12
Starting crawl of https://anjayasejati.com/product-category/perlengkapan-sekolah-kantor/map/page/4/?per_page=12
Added URL to results: https://anjayasejati.com/product-category/perlengkapan-sekolah-kantor/map/page/4/?per_page=12 - Total in results: 1069
Submitting task for: https://anjayasejati.com/product-category/perlengkapan-sekolah-kantor/map/page/5/?per_page=12
Starting crawl of https://anjayasejati.com/product-category/perlengkapan-sekolah-kantor/map/page/5/?per_page=12
Added URL to results: https://anjayasejati.com/product-category/perlengkapan-sekolah-kantor/map/?per_page=12&shop_view=grid&per_row=3 - Total in results: 1070
Submitting task for: https://anjayasejati.com/product-category/perlengkapan-sekolah-kantor/map/page/6/?per_page=12
Starting crawl of https://anjayasejati.com/product-category/perlengkapan-sekolah-kantor/map/page/6/?per_page=12
get_status called - crawl_results length: 1070, status: running, crawled: 1070
Added URL to results: https://anjayasejati.com/product-category/perlengkapan-sekolah-kantor/map/page/2/?per_page=12 - Total in results: 1071
Submitting task for: https://anjayasejati.com/product-category/perlengkapan-sekolah-kantor/penggaris/?per_page=24&shop_view=list
Starting crawl of https://anjayasejati.com/product-category/perlengkapan-sekolah-kantor/penggaris/?per_page=24&shop_view=list
Added URL to results: https://anjayasejati.com/product-category/perlengkapan-sekolah-kantor/map/?per_page=12&shop_view=grid&per_row=4 - Total in results: 1072
Submitting task for: https://anjayasejati.com/product-category/perlengkapan-sekolah-kantor/penggaris/?per_page=24&shop_view=grid&per_row=2
Starting crawl of https://anjayasejati.com/product-category/perlengkapan-sekolah-kantor/penggaris/?per_page=24&shop_view=grid&per_row=2
Added URL to results: https://anjayasejati.com/product-category/perlengkapan-sekolah-kantor/penggaris/?per_page=24&shop_view=grid&per_row=2 - Total in results: 1073
Submitting task for: https://anjayasejati.com/product-category/perlengkapan-sekolah-kantor/penggaris/?per_page=24&shop_view=grid&per_row=3
Starting crawl of https://anjayasejati.com/product-category/perlengkapan-sekolah-kantor/penggaris/?per_page=24&shop_view=grid&per_row=3
Added URL to results: https://anjayasejati.com/product-category/perlengkapan-sekolah-kantor/penggaris/?per_page=24&shop_view=list - Total in results: 1074
Submitting task for: https://anjayasejati.com/product-category/perlengkapan-sekolah-kantor/penggaris/?per_page=24&shop_view=grid&per_row=4
Starting crawl of https://anjayasejati.com/product-category/perlengkapan-sekolah-kantor/penggaris/?per_page=24&shop_view=grid&per_row=4
Added URL to results: https://anjayasejati.com/product-category/perlengkapan-sekolah-kantor/map/page/3/?per_page=12 - Total in results: 1075
Submitting task for: https://anjayasejati.com/product-category/perlengkapan-sekolah-kantor/penggaris/?shop_view=list&per_page=9
Starting crawl of https://anjayasejati.com/product-category/perlengkapan-sekolah-kantor/penggaris/?shop_view=list&per_page=9
get_status called - crawl_results length: 1075, status: running, crawled: 1075
Added URL to results: https://anjayasejati.com/product-category/perlengkapan-sekolah-kantor/map/page/5/?per_page=12 - Total in results: 1076
Submitting task for: https://anjayasejati.com/product-category/perlengkapan-sekolah-kantor/penggaris/?shop_view=list&per_page=12
Starting crawl of https://anjayasejati.com/product-category/perlengkapan-sekolah-kantor/penggaris/?shop_view=list&per_page=12
Added URL to results: https://anjayasejati.com/product-category/perlengkapan-sekolah-kantor/penggaris/?shop_view=list&per_page=12 - Total in results: 1077
Submitting task for: https://anjayasejati.com/product-category/perlengkapan-sekolah-kantor/penggaris/?shop_view=list&per_page=18
Starting crawl of https://anjayasejati.com/product-category/perlengkapan-sekolah-kantor/penggaris/?shop_view=list&per_page=18
Added URL to results: https://anjayasejati.com/product-category/perlengkapan-sekolah-kantor/map/page/6/?per_page=12 - Total in results: 1078
Submitting task for: https://anjayasejati.com/product-category/perlengkapan-sekolah-kantor/penggaris/?shop_view=list&per_page=24
Starting crawl of https://anjayasejati.com/product-category/perlengkapan-sekolah-kantor/penggaris/?shop_view=list&per_page=24
get_status called - crawl_results length: 1078, status: running, crawled: 1078
Added URL to results: https://anjayasejati.com/product-category/perlengkapan-sekolah-kantor/penggaris/?shop_view=list&per_page=9 - Total in results: 1079
Submitting task for: https://anjayasejati.com/product-category/perlengkapan-sekolah-kantor/penggaris/?per_row=3&shop_view=grid&per_page=9
Starting crawl of https://anjayasejati.com/product-category/perlengkapan-sekolah-kantor/penggaris/?per_row=3&shop_view=grid&per_page=9
Added URL to results: https://anjayasejati.com/product-category/perlengkapan-sekolah-kantor/penggaris/?per_page=24&shop_view=grid&per_row=3 - Total in results: 1080
Submitting task for: https://anjayasejati.com/product-category/perlengkapan-sekolah-kantor/penggaris/?per_row=3&shop_view=grid&per_page=12
Starting crawl of https://anjayasejati.com/product-category/perlengkapan-sekolah-kantor/penggaris/?per_row=3&shop_view=grid&per_page=12
Added URL to results: https://anjayasejati.com/product-category/perlengkapan-sekolah-kantor/penggaris/?per_page=24&shop_view=grid&per_row=4 - Total in results: 1081
Submitting task for: https://anjayasejati.com/product-category/perlengkapan-sekolah-kantor/penggaris/?per_row=3&shop_view=grid&per_page=18
Starting crawl of https://anjayasejati.com/product-category/perlengkapan-sekolah-kantor/penggaris/?per_row=3&shop_view=grid&per_page=18
Added URL to results: https://anjayasejati.com/product-category/perlengkapan-sekolah-kantor/penggaris/?shop_view=list&per_page=18 - Total in results: 1082
Submitting task for: https://anjayasejati.com/product-category/perlengkapan-sekolah-kantor/penggaris/?per_row=3&shop_view=grid&per_page=24
Starting crawl of https://anjayasejati.com/product-category/perlengkapan-sekolah-kantor/penggaris/?per_row=3&shop_view=grid&per_page=24
get_status called - crawl_results length: 1082, status: running, crawled: 1082
Added URL to results: https://anjayasejati.com/product-category/perlengkapan-sekolah-kantor/penggaris/?shop_view=list&per_page=24 - Total in results: 1083
Submitting task for: https://anjayasejati.com/product-category/perlengkapan-sekolah-kantor/penggaris/?per_row=3&shop_view=list
Starting crawl of https://anjayasejati.com/product-category/perlengkapan-sekolah-kantor/penggaris/?per_row=3&shop_view=list
Added URL to results: https://anjayasejati.com/product-category/perlengkapan-sekolah-kantor/penggaris/?per_row=3&shop_view=list - Total in results: 1084
Submitting task for: https://anjayasejati.com/product-category/perlengkapan-sekolah-kantor/map/?per_page=24&shop_view=list
Starting crawl of https://anjayasejati.com/product-category/perlengkapan-sekolah-kantor/map/?per_page=24&shop_view=list
Added URL to results: https://anjayasejati.com/product-category/perlengkapan-sekolah-kantor/map/?per_page=24&shop_view=list - Total in results: 1085
Submitting task for: https://anjayasejati.com/product-category/perlengkapan-sekolah-kantor/map/?per_page=24&shop_view=grid&per_row=2
Starting crawl of https://anjayasejati.com/product-category/perlengkapan-sekolah-kantor/map/?per_page=24&shop_view=grid&per_row=2
Added URL to results: https://anjayasejati.com/product-category/perlengkapan-sekolah-kantor/penggaris/?per_row=3&shop_view=grid&per_page=9 - Total in results: 1086
Submitting task for: https://anjayasejati.com/product-category/perlengkapan-sekolah-kantor/map/?per_page=24&shop_view=grid&per_row=3
Starting crawl of https://anjayasejati.com/product-category/perlengkapan-sekolah-kantor/map/?per_page=24&shop_view=grid&per_row=3
get_status called - crawl_results length: 1086, status: running, crawled: 1086
Added URL to results: https://anjayasejati.com/product-category/perlengkapan-sekolah-kantor/penggaris/?per_row=3&shop_view=grid&per_page=12 - Total in results: 1087
Submitting task for: https://anjayasejati.com/product-category/perlengkapan-sekolah-kantor/map/?per_page=24&shop_view=grid&per_row=4
Starting crawl of https://anjayasejati.com/product-category/perlengkapan-sekolah-kantor/map/?per_page=24&shop_view=grid&per_row=4
Added URL to results: https://anjayasejati.com/product-category/perlengkapan-sekolah-kantor/penggaris/?per_row=3&shop_view=grid&per_page=18 - Total in results: 1088
Submitting task for: https://anjayasejati.com/product-category/perlengkapan-sekolah-kantor/map/page/2/?per_page=24
Starting crawl of https://anjayasejati.com/product-category/perlengkapan-sekolah-kantor/map/page/2/?per_page=24
Added URL to results: https://anjayasejati.com/product-category/perlengkapan-sekolah-kantor/map/?per_page=24&shop_view=grid&per_row=3 - Total in results: 1089
Submitting task for: https://anjayasejati.com/product-category/perlengkapan-sekolah-kantor/map/page/3/?per_page=24
Starting crawl of https://anjayasejati.com/product-category/perlengkapan-sekolah-kantor/map/page/3/?per_page=24
Added URL to results: https://anjayasejati.com/product-category/perlengkapan-sekolah-kantor/map/page/3/?per_page=24 - Total in results: 1090
Submitting task for: https://anjayasejati.com/product-category/perlengkapan-sekolah-kantor/map/?per_row=2&shop_view=grid&per_page=9
Starting crawl of https://anjayasejati.com/product-category/perlengkapan-sekolah-kantor/map/?per_row=2&shop_view=grid&per_page=9
Added URL to results: https://anjayasejati.com/product-category/perlengkapan-sekolah-kantor/map/?per_row=2&shop_view=grid&per_page=9 - Total in results: 1091
Submitting task for: https://anjayasejati.com/product-category/perlengkapan-sekolah-kantor/map/?per_row=2&shop_view=grid&per_page=12
Starting crawl of https://anjayasejati.com/product-category/perlengkapan-sekolah-kantor/map/?per_row=2&shop_view=grid&per_page=12
Added URL to results: https://anjayasejati.com/product-category/perlengkapan-sekolah-kantor/penggaris/?per_row=3&shop_view=grid&per_page=24 - Total in results: 1092
Submitting task for: https://anjayasejati.com/product-category/perlengkapan-sekolah-kantor/map/?per_row=2&shop_view=grid&per_page=18
Starting crawl of https://anjayasejati.com/product-category/perlengkapan-sekolah-kantor/map/?per_row=2&shop_view=grid&per_page=18
get_status called - crawl_results length: 1092, status: running, crawled: 1092
Added URL to results: https://anjayasejati.com/product-category/perlengkapan-sekolah-kantor/map/?per_page=24&shop_view=grid&per_row=2 - Total in results: 1093
Submitting task for: https://anjayasejati.com/product-category/perlengkapan-sekolah-kantor/map/?per_row=2&shop_view=grid&per_page=24
Starting crawl of https://anjayasejati.com/product-category/perlengkapan-sekolah-kantor/map/?per_row=2&shop_view=grid&per_page=24
get_status called - crawl_results length: 1093, status: running, crawled: 1093
Added URL to results: https://anjayasejati.com/product-category/perlengkapan-sekolah-kantor/map/page/2/?per_page=24 - Total in results: 1094
Submitting task for: https://anjayasejati.com/product-category/perlengkapan-sekolah-kantor/map/?per_row=2&shop_view=list
Starting crawl of https://anjayasejati.com/product-category/perlengkapan-sekolah-kantor/map/?per_row=2&shop_view=list
Added URL to results: https://anjayasejati.com/product-category/perlengkapan-sekolah-kantor/map/?per_page=24&shop_view=grid&per_row=4 - Total in results: 1095
Submitting task for: https://anjayasejati.com/product-category/perlengkapan-sekolah-kantor/map/?per_row=2&shop_view=grid
Starting crawl of https://anjayasejati.com/product-category/perlengkapan-sekolah-kantor/map/?per_row=2&shop_view=grid
Added URL to results: https://anjayasejati.com/product-category/perlengkapan-sekolah-kantor/map/?per_row=2&shop_view=grid&per_page=12 - Total in results: 1096
Submitting task for: https://anjayasejati.com/product-category/perlengkapan-sekolah-kantor/map/?per_row=3&shop_view=grid
Starting crawl of https://anjayasejati.com/product-category/perlengkapan-sekolah-kantor/map/?per_row=3&shop_view=grid
Added URL to results: https://anjayasejati.com/product-category/perlengkapan-sekolah-kantor/map/?per_row=2&shop_view=grid&per_page=18 - Total in results: 1097
Submitting task for: https://anjayasejati.com/product-category/perlengkapan-sekolah-kantor/map/?per_row=4&shop_view=grid
Starting crawl of https://anjayasejati.com/product-category/perlengkapan-sekolah-kantor/map/?per_row=4&shop_view=grid
Added URL to results: https://anjayasejati.com/product-category/perlengkapan-sekolah-kantor/map/?per_row=3&shop_view=grid - Total in results: 1098
Submitting task for: https://anjayasejati.com/product-category/perlengkapan-sekolah-kantor/map/page/2/?shop_view=grid&per_row=2
Starting crawl of https://anjayasejati.com/product-category/perlengkapan-sekolah-kantor/map/page/2/?shop_view=grid&per_row=2
Added URL to results: https://anjayasejati.com/product-category/perlengkapan-sekolah-kantor/map/?per_row=2&shop_view=grid&per_page=24 - Total in results: 1099
Submitting task for: https://anjayasejati.com/product-category/perlengkapan-sekolah-kantor/map/page/3/?shop_view=grid&per_row=2
Starting crawl of https://anjayasejati.com/product-category/perlengkapan-sekolah-kantor/map/page/3/?shop_view=grid&per_row=2
Added URL to results: https://anjayasejati.com/product-category/perlengkapan-sekolah-kantor/map/page/3/?shop_view=grid&per_row=2 - Total in results: 1100
Submitting task for: https://anjayasejati.com/product-category/perlengkapan-sekolah-kantor/map/page/4/?shop_view=grid&per_row=2
Starting crawl of https://anjayasejati.com/product-category/perlengkapan-sekolah-kantor/map/page/4/?shop_view=grid&per_row=2
get_status called - crawl_results length: 1100, status: running, crawled: 1100
Added URL to results: https://anjayasejati.com/product-category/perlengkapan-sekolah-kantor/map/?per_row=2&shop_view=list - Total in results: 1101
Submitting task for: https://anjayasejati.com/product-category/perlengkapan-sekolah-kantor/map/page/5/?shop_view=grid&per_row=2
Starting crawl of https://anjayasejati.com/product-category/perlengkapan-sekolah-kantor/map/page/5/?shop_view=grid&per_row=2
Added URL to results: https://anjayasejati.com/product-category/perlengkapan-sekolah-kantor/map/?per_row=2&shop_view=grid - Total in results: 1102
Submitting task for: https://anjayasejati.com/product-category/perlengkapan-sekolah-kantor/map/page/6/?shop_view=grid&per_row=2
Starting crawl of https://anjayasejati.com/product-category/perlengkapan-sekolah-kantor/map/page/6/?shop_view=grid&per_row=2
Added URL to results: https://anjayasejati.com/product-category/perlengkapan-sekolah-kantor/map/?per_row=4&shop_view=grid - Total in results: 1103
Submitting task for: https://anjayasejati.com/product-category/perlengkapan-sekolah-kantor/map/?per_page=9&shop_view=list
Starting crawl of https://anjayasejati.com/product-category/perlengkapan-sekolah-kantor/map/?per_page=9&shop_view=list
Added URL to results: https://anjayasejati.com/product-category/perlengkapan-sekolah-kantor/map/?per_page=9&shop_view=list - Total in results: 1104
Submitting task for: https://anjayasejati.com/product-category/perlengkapan-sekolah-kantor/map/?per_page=9&shop_view=grid&per_row=2
Starting crawl of https://anjayasejati.com/product-category/perlengkapan-sekolah-kantor/map/?per_page=9&shop_view=grid&per_row=2
Added URL to results: https://anjayasejati.com/product-category/perlengkapan-sekolah-kantor/map/page/2/?shop_view=grid&per_row=2 - Total in results: 1105
Submitting task for: https://anjayasejati.com/product-category/perlengkapan-sekolah-kantor/map/?per_page=9&shop_view=grid&per_row=3
Starting crawl of https://anjayasejati.com/product-category/perlengkapan-sekolah-kantor/map/?per_page=9&shop_view=grid&per_row=3
get_status called - crawl_results length: 1105, status: running, crawled: 1105
Added URL to results: https://anjayasejati.com/product-category/perlengkapan-sekolah-kantor/map/?per_page=9&shop_view=grid&per_row=3 - Total in results: 1106
Submitting task for: https://anjayasejati.com/product-category/perlengkapan-sekolah-kantor/map/?per_page=9&shop_view=grid&per_row=4
Starting crawl of https://anjayasejati.com/product-category/perlengkapan-sekolah-kantor/map/?per_page=9&shop_view=grid&per_row=4
Added URL to results: https://anjayasejati.com/product-category/perlengkapan-sekolah-kantor/map/page/4/?shop_view=grid&per_row=2 - Total in results: 1107
Submitting task for: https://anjayasejati.com/product-category/perlengkapan-sekolah-kantor/map/page/2/?per_page=9
Starting crawl of https://anjayasejati.com/product-category/perlengkapan-sekolah-kantor/map/page/2/?per_page=9
Added URL to results: https://anjayasejati.com/product-category/perlengkapan-sekolah-kantor/map/?per_page=9&shop_view=grid&per_row=4 - Total in results: 1108
Submitting task for: https://anjayasejati.com/product-category/perlengkapan-sekolah-kantor/map/page/3/?per_page=9
Starting crawl of https://anjayasejati.com/product-category/perlengkapan-sekolah-kantor/map/page/3/?per_page=9
Added URL to results: https://anjayasejati.com/product-category/perlengkapan-sekolah-kantor/map/page/3/?per_page=9 - Total in results: 1109
Submitting task for: https://anjayasejati.com/product-category/perlengkapan-sekolah-kantor/map/page/4/?per_page=9
Starting crawl of https://anjayasejati.com/product-category/perlengkapan-sekolah-kantor/map/page/4/?per_page=9
get_status called - crawl_results length: 1109, status: running, crawled: 1109
Added URL to results: https://anjayasejati.com/product-category/perlengkapan-sekolah-kantor/map/page/6/?shop_view=grid&per_row=2 - Total in results: 1110
Submitting task for: https://anjayasejati.com/product-category/perlengkapan-sekolah-kantor/map/page/6/?per_page=9
Added URL to results: https://anjayasejati.com/product-category/perlengkapan-sekolah-kantor/map/page/5/?shop_view=grid&per_row=2 - Total in results: 1111
Starting crawl of https://anjayasejati.com/product-category/perlengkapan-sekolah-kantor/map/page/6/?per_page=9
Submitting task for: https://anjayasejati.com/product-category/perlengkapan-sekolah-kantor/map/page/7/?per_page=9
Starting crawl of https://anjayasejati.com/product-category/perlengkapan-sekolah-kantor/map/page/7/?per_page=9
Saved 50 URLs to database for crawl 1
Saved 5764 links to database for crawl 1
Saved 213 issues to database for crawl 1
Saved batch to database for crawl 1
Added URL to results: https://anjayasejati.com/product-category/perlengkapan-sekolah-kantor/map/?per_page=9&shop_view=grid&per_row=2 - Total in results: 1112
Submitting task for: https://anjayasejati.com/product-category/perlengkapan-sekolah-kantor/map/page/8/?per_page=9
Starting crawl of https://anjayasejati.com/product-category/perlengkapan-sekolah-kantor/map/page/8/?per_page=9
Added URL to results: https://anjayasejati.com/product-category/perlengkapan-sekolah-kantor/map/page/8/?per_page=9 - Total in results: 1113
Submitting task for: https://anjayasejati.com/product-category/perlengkapan-sekolah-kantor/map/page/1/
Starting crawl of https://anjayasejati.com/product-category/perlengkapan-sekolah-kantor/map/page/1/
Added URL to results: https://anjayasejati.com/product-category/perlengkapan-sekolah-kantor/map/page/2/?per_page=9 - Total in results: 1114
Submitting task for: https://anjayasejati.com/product-category/perlengkapan-sekolah-kantor/map/?per_page=18&shop_view=list
Starting crawl of https://anjayasejati.com/product-category/perlengkapan-sekolah-kantor/map/?per_page=18&shop_view=list
get_status called - crawl_results length: 1114, status: running, crawled: 1114
Added URL to results: https://anjayasejati.com/product-category/perlengkapan-sekolah-kantor/map/page/4/?per_page=9 - Total in results: 1115
Submitting task for: https://anjayasejati.com/product-category/perlengkapan-sekolah-kantor/map/?per_page=18&shop_view=grid&per_row=2
Starting crawl of https://anjayasejati.com/product-category/perlengkapan-sekolah-kantor/map/?per_page=18&shop_view=grid&per_row=2
Added URL to results: https://anjayasejati.com/product-category/perlengkapan-sekolah-kantor/map/?per_page=18&shop_view=grid&per_row=2 - Total in results: 1116
Submitting task for: https://anjayasejati.com/product-category/perlengkapan-sekolah-kantor/map/?per_page=18&shop_view=grid&per_row=3
Starting crawl of https://anjayasejati.com/product-category/perlengkapan-sekolah-kantor/map/?per_page=18&shop_view=grid&per_row=3
Added URL to results: https://anjayasejati.com/product-category/perlengkapan-sekolah-kantor/map/?per_page=18&shop_view=grid&per_row=3 - Total in results: 1117
Submitting task for: https://anjayasejati.com/product-category/perlengkapan-sekolah-kantor/map/?per_page=18&shop_view=grid&per_row=4
Starting crawl of https://anjayasejati.com/product-category/perlengkapan-sekolah-kantor/map/?per_page=18&shop_view=grid&per_row=4
get_status called - crawl_results length: 1117, status: running, crawled: 1117
Added URL to results: https://anjayasejati.com/product-category/perlengkapan-sekolah-kantor/map/page/7/?per_page=9 - Total in results: 1118
Submitting task for: https://anjayasejati.com/product-category/perlengkapan-sekolah-kantor/map/page/2/?per_page=18
Starting crawl of https://anjayasejati.com/product-category/perlengkapan-sekolah-kantor/map/page/2/?per_page=18
Added URL to results: https://anjayasejati.com/product-category/perlengkapan-sekolah-kantor/map/page/1/ - Total in results: 1119
Submitting task for: https://anjayasejati.com/product-category/perlengkapan-sekolah-kantor/map/page/3/?per_page=18
Added URL to results: https://anjayasejati.com/product-category/perlengkapan-sekolah-kantor/map/page/6/?per_page=9 - Total in results: 1120
Starting crawl of https://anjayasejati.com/product-category/perlengkapan-sekolah-kantor/map/page/3/?per_page=18
Submitting task for: https://anjayasejati.com/product-category/perlengkapan-sekolah-kantor/map/page/4/?per_page=18
Starting crawl of https://anjayasejati.com/product-category/perlengkapan-sekolah-kantor/map/page/4/?per_page=18
Added URL to results: https://anjayasejati.com/product-category/perlengkapan-sekolah-kantor/map/?per_page=18&shop_view=list - Total in results: 1121
Submitting task for: https://anjayasejati.com/product-category/perlengkapan-sekolah-kantor/map/?shop_view=list&per_page=9
Starting crawl of https://anjayasejati.com/product-category/perlengkapan-sekolah-kantor/map/?shop_view=list&per_page=9
get_status called - crawl_results length: 1121, status: running, crawled: 1121
Added URL to results: https://anjayasejati.com/product-category/perlengkapan-sekolah-kantor/map/?per_page=18&shop_view=grid&per_row=4 - Total in results: 1122
Submitting task for: https://anjayasejati.com/product-category/perlengkapan-sekolah-kantor/map/?shop_view=list&per_page=12
Starting crawl of https://anjayasejati.com/product-category/perlengkapan-sekolah-kantor/map/?shop_view=list&per_page=12
Added URL to results: https://anjayasejati.com/product-category/perlengkapan-sekolah-kantor/map/?shop_view=list&per_page=12 - Total in results: 1123
Submitting task for: https://anjayasejati.com/product-category/perlengkapan-sekolah-kantor/map/?shop_view=list&per_page=18
Starting crawl of https://anjayasejati.com/product-category/perlengkapan-sekolah-kantor/map/?shop_view=list&per_page=18
Added URL to results: https://anjayasejati.com/product-category/perlengkapan-sekolah-kantor/map/?shop_view=list&per_page=18 - Total in results: 1124
Submitting task for: https://anjayasejati.com/product-category/perlengkapan-sekolah-kantor/map/?shop_view=list&per_page=24
Starting crawl of https://anjayasejati.com/product-category/perlengkapan-sekolah-kantor/map/?shop_view=list&per_page=24
Added URL to results: https://anjayasejati.com/product-category/perlengkapan-sekolah-kantor/map/?shop_view=list&per_page=24 - Total in results: 1125
Submitting task for: https://anjayasejati.com/product-category/perlengkapan-sekolah-kantor/map/page/2/?shop_view=list
Starting crawl of https://anjayasejati.com/product-category/perlengkapan-sekolah-kantor/map/page/2/?shop_view=list
Added URL to results: https://anjayasejati.com/product-category/perlengkapan-sekolah-kantor/map/page/2/?shop_view=list - Total in results: 1126
Submitting task for: https://anjayasejati.com/product-category/perlengkapan-sekolah-kantor/map/page/3/?shop_view=list
Starting crawl of https://anjayasejati.com/product-category/perlengkapan-sekolah-kantor/map/page/3/?shop_view=list
Added URL to results: https://anjayasejati.com/product-category/perlengkapan-sekolah-kantor/map/page/3/?shop_view=list - Total in results: 1127
Submitting task for: https://anjayasejati.com/product-category/perlengkapan-sekolah-kantor/map/page/4/?shop_view=list
Starting crawl of https://anjayasejati.com/product-category/perlengkapan-sekolah-kantor/map/page/4/?shop_view=list
Added URL to results: https://anjayasejati.com/product-category/perlengkapan-sekolah-kantor/map/page/4/?per_page=18 - Total in results: 1128
Submitting task for: https://anjayasejati.com/product-category/perlengkapan-sekolah-kantor/map/?per_row=3&shop_view=grid&per_page=9
Starting crawl of https://anjayasejati.com/product-category/perlengkapan-sekolah-kantor/map/?per_row=3&shop_view=grid&per_page=9
Added URL to results: https://anjayasejati.com/product-category/perlengkapan-sekolah-kantor/map/page/3/?per_page=18 - Total in results: 1129
Submitting task for: https://anjayasejati.com/product-category/perlengkapan-sekolah-kantor/map/?per_row=3&shop_view=grid&per_page=12
Starting crawl of https://anjayasejati.com/product-category/perlengkapan-sekolah-kantor/map/?per_row=3&shop_view=grid&per_page=12
Added URL to results: https://anjayasejati.com/product-category/perlengkapan-sekolah-kantor/map/page/2/?per_page=18 - Total in results: 1130
Submitting task for: https://anjayasejati.com/product-category/perlengkapan-sekolah-kantor/map/?per_row=3&shop_view=grid&per_page=18
Starting crawl of https://anjayasejati.com/product-category/perlengkapan-sekolah-kantor/map/?per_row=3&shop_view=grid&per_page=18
Added URL to results: https://anjayasejati.com/product-category/perlengkapan-sekolah-kantor/map/?per_row=3&shop_view=grid&per_page=9 - Total in results: 1131
Submitting task for: https://anjayasejati.com/product-category/perlengkapan-sekolah-kantor/map/?per_row=3&shop_view=grid&per_page=24
Starting crawl of https://anjayasejati.com/product-category/perlengkapan-sekolah-kantor/map/?per_row=3&shop_view=grid&per_page=24
get_status called - crawl_results length: 1131, status: running, crawled: 1131
Added URL to results: https://anjayasejati.com/product-category/perlengkapan-sekolah-kantor/map/?shop_view=list&per_page=9 - Total in results: 1132
Submitting task for: https://anjayasejati.com/product-category/perlengkapan-sekolah-kantor/map/?per_row=3&shop_view=list
Starting crawl of https://anjayasejati.com/product-category/perlengkapan-sekolah-kantor/map/?per_row=3&shop_view=list
Added URL to results: https://anjayasejati.com/product-category/perlengkapan-sekolah-kantor/map/?per_row=3&shop_view=list - Total in results: 1133
Submitting task for: https://anjayasejati.com/product-category/perlengkapan-sekolah-kantor/map/page/2/?shop_view=grid&per_row=3
Starting crawl of https://anjayasejati.com/product-category/perlengkapan-sekolah-kantor/map/page/2/?shop_view=grid&per_row=3
get_status called - crawl_results length: 1133, status: running, crawled: 1133
Added URL to results: https://anjayasejati.com/product-category/perlengkapan-sekolah-kantor/map/page/4/?shop_view=list - Total in results: 1134
Submitting task for: https://anjayasejati.com/product-category/perlengkapan-sekolah-kantor/map/page/3/?shop_view=grid&per_row=3
Starting crawl of https://anjayasejati.com/product-category/perlengkapan-sekolah-kantor/map/page/3/?shop_view=grid&per_row=3
Added URL to results: https://anjayasejati.com/product-category/perlengkapan-sekolah-kantor/map/page/3/?shop_view=grid&per_row=3 - Total in results: 1135
Submitting task for: https://anjayasejati.com/product-category/perlengkapan-sekolah-kantor/map/page/4/?shop_view=grid&per_row=3
Starting crawl of https://anjayasejati.com/product-category/perlengkapan-sekolah-kantor/map/page/4/?shop_view=grid&per_row=3
Added URL to results: https://anjayasejati.com/product-category/perlengkapan-sekolah-kantor/map/page/4/?shop_view=grid&per_row=3 - Total in results: 1136
Submitting task for: https://anjayasejati.com/product-category/perlengkapan-sekolah-kantor/map/?per_row=4&shop_view=grid&per_page=9
Starting crawl of https://anjayasejati.com/product-category/perlengkapan-sekolah-kantor/map/?per_row=4&shop_view=grid&per_page=9
get_status called - crawl_results length: 1136, status: running, crawled: 1136
Added URL to results: https://anjayasejati.com/product-category/perlengkapan-sekolah-kantor/map/?per_row=3&shop_view=grid&per_page=12 - Total in results: 1137
Submitting task for: https://anjayasejati.com/product-category/perlengkapan-sekolah-kantor/map/?per_row=4&shop_view=grid&per_page=12
Starting crawl of https://anjayasejati.com/product-category/perlengkapan-sekolah-kantor/map/?per_row=4&shop_view=grid&per_page=12
Added URL to results: https://anjayasejati.com/product-category/perlengkapan-sekolah-kantor/map/?per_row=3&shop_view=grid&per_page=18 - Total in results: 1138
Submitting task for: https://anjayasejati.com/product-category/perlengkapan-sekolah-kantor/map/?per_row=4&shop_view=grid&per_page=18
Starting crawl of https://anjayasejati.com/product-category/perlengkapan-sekolah-kantor/map/?per_row=4&shop_view=grid&per_page=18
Added URL to results: https://anjayasejati.com/product-category/perlengkapan-sekolah-kantor/map/?per_row=4&shop_view=grid&per_page=18 - Total in results: 1139
Submitting task for: https://anjayasejati.com/product-category/perlengkapan-sekolah-kantor/map/?per_row=4&shop_view=grid&per_page=24
Starting crawl of https://anjayasejati.com/product-category/perlengkapan-sekolah-kantor/map/?per_row=4&shop_view=grid&per_page=24
Added URL to results: https://anjayasejati.com/product-category/perlengkapan-sekolah-kantor/map/?per_row=3&shop_view=grid&per_page=24 - Total in results: 1140
Submitting task for: https://anjayasejati.com/product-category/perlengkapan-sekolah-kantor/map/?per_row=4&shop_view=list
Starting crawl of https://anjayasejati.com/product-category/perlengkapan-sekolah-kantor/map/?per_row=4&shop_view=list
Added URL to results: https://anjayasejati.com/product-category/perlengkapan-sekolah-kantor/map/?per_row=4&shop_view=list - Total in results: 1141
Submitting task for: https://anjayasejati.com/product-category/perlengkapan-sekolah-kantor/map/page/2/?shop_view=grid&per_row=4
Starting crawl of https://anjayasejati.com/product-category/perlengkapan-sekolah-kantor/map/page/2/?shop_view=grid&per_row=4
get_status called - crawl_results length: 1141, status: running, crawled: 1141
Added URL to results: https://anjayasejati.com/product-category/perlengkapan-sekolah-kantor/map/page/2/?shop_view=grid&per_row=3 - Total in results: 1142
Submitting task for: https://anjayasejati.com/product-category/perlengkapan-sekolah-kantor/map/page/3/?shop_view=grid&per_row=4
Starting crawl of https://anjayasejati.com/product-category/perlengkapan-sekolah-kantor/map/page/3/?shop_view=grid&per_row=4
Added URL to results: https://anjayasejati.com/product-category/perlengkapan-sekolah-kantor/map/?per_row=4&shop_view=grid&per_page=9 - Total in results: 1143
Submitting task for: https://anjayasejati.com/product-category/perlengkapan-sekolah-kantor/map/page/4/?shop_view=grid&per_row=4
Starting crawl of https://anjayasejati.com/product-category/perlengkapan-sekolah-kantor/map/page/4/?shop_view=grid&per_row=4
get_status called - crawl_results length: 1143, status: running, crawled: 1143
Added URL to results: https://anjayasejati.com/product-category/perlengkapan-sekolah-kantor/map/?per_row=4&shop_view=grid&per_page=12 - Total in results: 1144
Submitting task for: https://anjayasejati.com/product-category/perlengkapan-sekolah-kantor/hekmasin-hekter/?per_page=9&shop_view=list
Starting crawl of https://anjayasejati.com/product-category/perlengkapan-sekolah-kantor/hekmasin-hekter/?per_page=9&shop_view=list
Added URL to results: https://anjayasejati.com/product-category/perlengkapan-sekolah-kantor/map/?per_row=4&shop_view=grid&per_page=24 - Total in results: 1145
Submitting task for: https://anjayasejati.com/product-category/perlengkapan-sekolah-kantor/hekmasin-hekter/?per_page=9&shop_view=grid&per_row=2
Starting crawl of https://anjayasejati.com/product-category/perlengkapan-sekolah-kantor/hekmasin-hekter/?per_page=9&shop_view=grid&per_row=2
Added URL to results: https://anjayasejati.com/product-category/perlengkapan-sekolah-kantor/map/page/2/?shop_view=grid&per_row=4 - Total in results: 1146
Submitting task for: https://anjayasejati.com/product-category/perlengkapan-sekolah-kantor/hekmasin-hekter/?per_page=9&shop_view=grid&per_row=3
Starting crawl of https://anjayasejati.com/product-category/perlengkapan-sekolah-kantor/hekmasin-hekter/?per_page=9&shop_view=grid&per_row=3
Added URL to results: https://anjayasejati.com/product-category/perlengkapan-sekolah-kantor/hekmasin-hekter/?per_page=9&shop_view=grid&per_row=3 - Total in results: 1147
Submitting task for: https://anjayasejati.com/product-category/perlengkapan-sekolah-kantor/hekmasin-hekter/?per_page=9&shop_view=grid&per_row=4
Starting crawl of https://anjayasejati.com/product-category/perlengkapan-sekolah-kantor/hekmasin-hekter/?per_page=9&shop_view=grid&per_row=4
Added URL to results: https://anjayasejati.com/product-category/perlengkapan-sekolah-kantor/hekmasin-hekter/?per_page=9&shop_view=grid&per_row=4 - Total in results: 1148
Submitting task for: https://anjayasejati.com/product-category/perlengkapan-sekolah-kantor/hekmasin-hekter/page/2/?per_page=9
Starting crawl of https://anjayasejati.com/product-category/perlengkapan-sekolah-kantor/hekmasin-hekter/page/2/?per_page=9
get_status called - crawl_results length: 1148, status: running, crawled: 1148
Added URL to results: https://anjayasejati.com/product-category/perlengkapan-sekolah-kantor/map/page/3/?shop_view=grid&per_row=4 - Total in results: 1149
Submitting task for: https://anjayasejati.com/product-category/perlengkapan-sekolah-kantor/hekmasin-hekter/page/3/?per_page=9
Starting crawl of https://anjayasejati.com/product-category/perlengkapan-sekolah-kantor/hekmasin-hekter/page/3/?per_page=9
Added URL to results: https://anjayasejati.com/product-category/perlengkapan-sekolah-kantor/hekmasin-hekter/page/3/?per_page=9 - Total in results: 1150
Submitting task for: https://anjayasejati.com/product-category/perlengkapan-sekolah-kantor/hekmasin-hekter/?per_page=18&shop_view=list
Starting crawl of https://anjayasejati.com/product-category/perlengkapan-sekolah-kantor/hekmasin-hekter/?per_page=18&shop_view=list
Added URL to results: https://anjayasejati.com/product-category/perlengkapan-sekolah-kantor/map/page/4/?shop_view=grid&per_row=4 - Total in results: 1151
Submitting task for: https://anjayasejati.com/product-category/perlengkapan-sekolah-kantor/hekmasin-hekter/?per_page=18&shop_view=grid&per_row=2
Starting crawl of https://anjayasejati.com/product-category/perlengkapan-sekolah-kantor/hekmasin-hekter/?per_page=18&shop_view=grid&per_row=2
get_status called - crawl_results length: 1151, status: running, crawled: 1151
Added URL to results: https://anjayasejati.com/product-category/perlengkapan-sekolah-kantor/hekmasin-hekter/?per_page=9&shop_view=list - Total in results: 1152
Submitting task for: https://anjayasejati.com/product-category/perlengkapan-sekolah-kantor/hekmasin-hekter/?per_page=18&shop_view=grid&per_row=3
Starting crawl of https://anjayasejati.com/product-category/perlengkapan-sekolah-kantor/hekmasin-hekter/?per_page=18&shop_view=grid&per_row=3
Added URL to results: https://anjayasejati.com/product-category/perlengkapan-sekolah-kantor/hekmasin-hekter/?per_page=18&shop_view=grid&per_row=3 - Total in results: 1153
Submitting task for: https://anjayasejati.com/product-category/perlengkapan-sekolah-kantor/hekmasin-hekter/?per_page=18&shop_view=grid&per_row=4
Starting crawl of https://anjayasejati.com/product-category/perlengkapan-sekolah-kantor/hekmasin-hekter/?per_page=18&shop_view=grid&per_row=4
Added URL to results: https://anjayasejati.com/product-category/perlengkapan-sekolah-kantor/hekmasin-hekter/?per_page=9&shop_view=grid&per_row=2 - Total in results: 1154
Submitting task for: https://anjayasejati.com/product-category/perlengkapan-sekolah-kantor/hekmasin-hekter/page/2/?per_page=18
Starting crawl of https://anjayasejati.com/product-category/perlengkapan-sekolah-kantor/hekmasin-hekter/page/2/?per_page=18
Added URL to results: https://anjayasejati.com/product-category/perlengkapan-sekolah-kantor/hekmasin-hekter/page/2/?per_page=18 - Total in results: 1155
Submitting task for: https://anjayasejati.com/product-category/perlengkapan-sekolah-kantor/hekmasin-hekter/?per_page=24&shop_view=list
Starting crawl of https://anjayasejati.com/product-category/perlengkapan-sekolah-kantor/hekmasin-hekter/?per_page=24&shop_view=list
Added URL to results: https://anjayasejati.com/product-category/perlengkapan-sekolah-kantor/hekmasin-hekter/page/2/?per_page=9 - Total in results: 1156
Submitting task for: https://anjayasejati.com/product-category/perlengkapan-sekolah-kantor/hekmasin-hekter/?per_page=24&shop_view=grid&per_row=2
Starting crawl of https://anjayasejati.com/product-category/perlengkapan-sekolah-kantor/hekmasin-hekter/?per_page=24&shop_view=grid&per_row=2
Added URL to results: https://anjayasejati.com/product-category/perlengkapan-sekolah-kantor/hekmasin-hekter/?per_page=24&shop_view=grid&per_row=2 - Total in results: 1157
Submitting task for: https://anjayasejati.com/product-category/perlengkapan-sekolah-kantor/hekmasin-hekter/?per_page=24&shop_view=grid&per_row=3
Starting crawl of https://anjayasejati.com/product-category/perlengkapan-sekolah-kantor/hekmasin-hekter/?per_page=24&shop_view=grid&per_row=3
get_status called - crawl_results length: 1157, status: running, crawled: 1157
Added URL to results: https://anjayasejati.com/product-category/perlengkapan-sekolah-kantor/hekmasin-hekter/?per_page=18&shop_view=list - Total in results: 1158
Submitting task for: https://anjayasejati.com/product-category/perlengkapan-sekolah-kantor/hekmasin-hekter/?per_page=24&shop_view=grid&per_row=4
Starting crawl of https://anjayasejati.com/product-category/perlengkapan-sekolah-kantor/hekmasin-hekter/?per_page=24&shop_view=grid&per_row=4
get_status called - crawl_results length: 1158, status: running, crawled: 1158
Added URL to results: https://anjayasejati.com/product-category/perlengkapan-sekolah-kantor/hekmasin-hekter/?per_page=18&shop_view=grid&per_row=2 - Total in results: 1159
Submitting task for: https://anjayasejati.com/product-category/perlengkapan-sekolah-kantor/hekmasin-hekter/?shop_view=list&per_page=9
Starting crawl of https://anjayasejati.com/product-category/perlengkapan-sekolah-kantor/hekmasin-hekter/?shop_view=list&per_page=9
Added URL to results: https://anjayasejati.com/product-category/perlengkapan-sekolah-kantor/hekmasin-hekter/?shop_view=list&per_page=9 - Total in results: 1160
Submitting task for: https://anjayasejati.com/product-category/perlengkapan-sekolah-kantor/hekmasin-hekter/?shop_view=list&per_page=12
Starting crawl of https://anjayasejati.com/product-category/perlengkapan-sekolah-kantor/hekmasin-hekter/?shop_view=list&per_page=12
Added URL to results: https://anjayasejati.com/product-category/perlengkapan-sekolah-kantor/hekmasin-hekter/?per_page=18&shop_view=grid&per_row=4 - Total in results: 1161
Submitting task for: https://anjayasejati.com/product-category/perlengkapan-sekolah-kantor/hekmasin-hekter/?shop_view=list&per_page=18
Starting crawl of https://anjayasejati.com/product-category/perlengkapan-sekolah-kantor/hekmasin-hekter/?shop_view=list&per_page=18
Saved 50 URLs to database for crawl 1
Saved 6351 links to database for crawl 1
Saved 199 issues to database for crawl 1
Saved batch to database for crawl 1
Added URL to results: https://anjayasejati.com/product-category/perlengkapan-sekolah-kantor/hekmasin-hekter/?shop_view=list&per_page=18 - Total in results: 1162
Submitting task for: https://anjayasejati.com/product-category/perlengkapan-sekolah-kantor/hekmasin-hekter/?shop_view=list&per_page=24
Starting crawl of https://anjayasejati.com/product-category/perlengkapan-sekolah-kantor/hekmasin-hekter/?shop_view=list&per_page=24
Added URL to results: https://anjayasejati.com/product-category/perlengkapan-sekolah-kantor/hekmasin-hekter/?per_page=24&shop_view=list - Total in results: 1163
Submitting task for: https://anjayasejati.com/product-category/perlengkapan-sekolah-kantor/hekmasin-hekter/page/2/?shop_view=list
Starting crawl of https://anjayasejati.com/product-category/perlengkapan-sekolah-kantor/hekmasin-hekter/page/2/?shop_view=list
Added URL to results: https://anjayasejati.com/product-category/perlengkapan-sekolah-kantor/hekmasin-hekter/?per_page=24&shop_view=grid&per_row=3 - Total in results: 1164
Submitting task for: https://anjayasejati.com/product-category/perlengkapan-sekolah-kantor/hekmasin-hekter/?per_row=3&shop_view=grid&per_page=9
Starting crawl of https://anjayasejati.com/product-category/perlengkapan-sekolah-kantor/hekmasin-hekter/?per_row=3&shop_view=grid&per_page=9
get_status called - crawl_results length: 1164, status: running, crawled: 1164
Added URL to results: https://anjayasejati.com/product-category/perlengkapan-sekolah-kantor/hekmasin-hekter/?per_page=24&shop_view=grid&per_row=4 - Total in results: 1165
Submitting task for: https://anjayasejati.com/product-category/perlengkapan-sekolah-kantor/hekmasin-hekter/?per_row=3&shop_view=grid&per_page=12
Starting crawl of https://anjayasejati.com/product-category/perlengkapan-sekolah-kantor/hekmasin-hekter/?per_row=3&shop_view=grid&per_page=12
Added URL to results: https://anjayasejati.com/product-category/perlengkapan-sekolah-kantor/hekmasin-hekter/?per_row=3&shop_view=grid&per_page=12 - Total in results: 1166
Submitting task for: https://anjayasejati.com/product-category/perlengkapan-sekolah-kantor/hekmasin-hekter/?per_row=3&shop_view=grid&per_page=18
Starting crawl of https://anjayasejati.com/product-category/perlengkapan-sekolah-kantor/hekmasin-hekter/?per_row=3&shop_view=grid&per_page=18
Added URL to results: https://anjayasejati.com/product-category/perlengkapan-sekolah-kantor/hekmasin-hekter/?per_row=3&shop_view=grid&per_page=18 - Total in results: 1167
Submitting task for: https://anjayasejati.com/product-category/perlengkapan-sekolah-kantor/hekmasin-hekter/?per_row=3&shop_view=grid&per_page=24
Starting crawl of https://anjayasejati.com/product-category/perlengkapan-sekolah-kantor/hekmasin-hekter/?per_row=3&shop_view=grid&per_page=24
Added URL to results: https://anjayasejati.com/product-category/perlengkapan-sekolah-kantor/hekmasin-hekter/?per_row=3&shop_view=grid&per_page=24 - Total in results: 1168
Submitting task for: https://anjayasejati.com/product-category/perlengkapan-sekolah-kantor/hekmasin-hekter/?per_row=3&shop_view=list
Starting crawl of https://anjayasejati.com/product-category/perlengkapan-sekolah-kantor/hekmasin-hekter/?per_row=3&shop_view=list
Added URL to results: https://anjayasejati.com/product-category/perlengkapan-sekolah-kantor/hekmasin-hekter/?shop_view=list&per_page=12 - Total in results: 1169
Submitting task for: https://anjayasejati.com/product-category/perlengkapan-sekolah-kantor/hekmasin-hekter/?per_row=2&shop_view=grid
Starting crawl of https://anjayasejati.com/product-category/perlengkapan-sekolah-kantor/hekmasin-hekter/?per_row=2&shop_view=grid
get_status called - crawl_results length: 1169, status: running, crawled: 1169
Added URL to results: https://anjayasejati.com/product-category/perlengkapan-sekolah-kantor/hekmasin-hekter/page/2/?shop_view=list - Total in results: 1170
Submitting task for: https://anjayasejati.com/product-category/perlengkapan-sekolah-kantor/hekmasin-hekter/?per_row=3&shop_view=grid
Starting crawl of https://anjayasejati.com/product-category/perlengkapan-sekolah-kantor/hekmasin-hekter/?per_row=3&shop_view=grid
Added URL to results: https://anjayasejati.com/product-category/perlengkapan-sekolah-kantor/hekmasin-hekter/?per_row=3&shop_view=grid - Total in results: 1171
Submitting task for: https://anjayasejati.com/product-category/perlengkapan-sekolah-kantor/hekmasin-hekter/?per_row=4&shop_view=grid
Starting crawl of https://anjayasejati.com/product-category/perlengkapan-sekolah-kantor/hekmasin-hekter/?per_row=4&shop_view=grid
Added URL to results: https://anjayasejati.com/product-category/perlengkapan-sekolah-kantor/hekmasin-hekter/?shop_view=list&per_page=24 - Total in results: 1172
Submitting task for: https://anjayasejati.com/product-category/perlengkapan-sekolah-kantor/hekmasin-hekter/page/2/?shop_view=grid&per_row=3
Starting crawl of https://anjayasejati.com/product-category/perlengkapan-sekolah-kantor/hekmasin-hekter/page/2/?shop_view=grid&per_row=3
Added URL to results: https://anjayasejati.com/product-category/perlengkapan-sekolah-kantor/hekmasin-hekter/?per_row=3&shop_view=grid&per_page=9 - Total in results: 1173
Submitting task for: https://anjayasejati.com/product-category/perlengkapan-sekolah-kantor/hekmasin-hekter/page/1/
Starting crawl of https://anjayasejati.com/product-category/perlengkapan-sekolah-kantor/hekmasin-hekter/page/1/
get_status called - crawl_results length: 1173, status: running, crawled: 1173
Added URL to results: https://anjayasejati.com/product-category/perlengkapan-sekolah-kantor/hekmasin-hekter/?per_row=3&shop_view=list - Total in results: 1174
Submitting task for: https://anjayasejati.com/product-category/perlengkapan-sekolah-kantor/clipboard/?per_page=9&shop_view=list
Starting crawl of https://anjayasejati.com/product-category/perlengkapan-sekolah-kantor/clipboard/?per_page=9&shop_view=list
Added URL to results: https://anjayasejati.com/product-category/perlengkapan-sekolah-kantor/hekmasin-hekter/?per_row=2&shop_view=grid - Total in results: 1175
Submitting task for: https://anjayasejati.com/product-category/perlengkapan-sekolah-kantor/clipboard/?per_page=9&shop_view=grid&per_row=2
Starting crawl of https://anjayasejati.com/product-category/perlengkapan-sekolah-kantor/clipboard/?per_page=9&shop_view=grid&per_row=2
Added URL to results: https://anjayasejati.com/product-category/perlengkapan-sekolah-kantor/hekmasin-hekter/page/1/ - Total in results: 1176
Submitting task for: https://anjayasejati.com/product-category/perlengkapan-sekolah-kantor/clipboard/?per_page=9&shop_view=grid&per_row=3
Starting crawl of https://anjayasejati.com/product-category/perlengkapan-sekolah-kantor/clipboard/?per_page=9&shop_view=grid&per_row=3
Added URL to results: https://anjayasejati.com/product-category/perlengkapan-sekolah-kantor/clipboard/?per_page=9&shop_view=grid&per_row=3 - Total in results: 1177
Submitting task for: https://anjayasejati.com/product-category/perlengkapan-sekolah-kantor/clipboard/?per_page=9&shop_view=grid&per_row=4
Starting crawl of https://anjayasejati.com/product-category/perlengkapan-sekolah-kantor/clipboard/?per_page=9&shop_view=grid&per_row=4
Added URL to results: https://anjayasejati.com/product-category/perlengkapan-sekolah-kantor/clipboard/?per_page=9&shop_view=grid&per_row=4 - Total in results: 1178
Submitting task for: https://anjayasejati.com/product-category/perlengkapan-sekolah-kantor/clipboard/?per_page=12&shop_view=list
Starting crawl of https://anjayasejati.com/product-category/perlengkapan-sekolah-kantor/clipboard/?per_page=12&shop_view=list
Added URL to results: https://anjayasejati.com/product-category/perlengkapan-sekolah-kantor/hekmasin-hekter/?per_row=4&shop_view=grid - Total in results: 1179
Submitting task for: https://anjayasejati.com/product-category/perlengkapan-sekolah-kantor/clipboard/?per_page=12&shop_view=grid&per_row=2
Starting crawl of https://anjayasejati.com/product-category/perlengkapan-sekolah-kantor/clipboard/?per_page=12&shop_view=grid&per_row=2
Added URL to results: https://anjayasejati.com/product-category/perlengkapan-sekolah-kantor/hekmasin-hekter/page/2/?shop_view=grid&per_row=3 - Total in results: 1180
Submitting task for: https://anjayasejati.com/product-category/perlengkapan-sekolah-kantor/clipboard/?per_page=12&shop_view=grid&per_row=3
Starting crawl of https://anjayasejati.com/product-category/perlengkapan-sekolah-kantor/clipboard/?per_page=12&shop_view=grid&per_row=3
Added URL to results: https://anjayasejati.com/product-category/perlengkapan-sekolah-kantor/clipboard/?per_page=12&shop_view=list - Total in results: 1181
Submitting task for: https://anjayasejati.com/product-category/perlengkapan-sekolah-kantor/clipboard/?per_page=12&shop_view=grid&per_row=4
Starting crawl of https://anjayasejati.com/product-category/perlengkapan-sekolah-kantor/clipboard/?per_page=12&shop_view=grid&per_row=4
get_status called - crawl_results length: 1181, status: running, crawled: 1181
Added URL to results: https://anjayasejati.com/product-category/perlengkapan-sekolah-kantor/clipboard/?per_page=12&shop_view=grid&per_row=4 - Total in results: 1182
Submitting task for: https://anjayasejati.com/product-category/perlengkapan-sekolah-kantor/hekmasin-hekter/?per_page=12&shop_view=list
Starting crawl of https://anjayasejati.com/product-category/perlengkapan-sekolah-kantor/hekmasin-hekter/?per_page=12&shop_view=list
get_status called - crawl_results length: 1182, status: running, crawled: 1182
Added URL to results: https://anjayasejati.com/product-category/perlengkapan-sekolah-kantor/clipboard/?per_page=9&shop_view=list - Total in results: 1183
Added URL to results: https://anjayasejati.com/product-category/perlengkapan-sekolah-kantor/clipboard/?per_page=9&shop_view=grid&per_row=2 - Total in results: 1184
Submitting task for: https://anjayasejati.com/product-category/perlengkapan-sekolah-kantor/hekmasin-hekter/?per_page=12&shop_view=grid&per_row=2
Submitting task for: https://anjayasejati.com/product-category/perlengkapan-sekolah-kantor/hekmasin-hekter/?per_page=12&shop_view=grid&per_row=3
Starting crawl of https://anjayasejati.com/product-category/perlengkapan-sekolah-kantor/hekmasin-hekter/?per_page=12&shop_view=grid&per_row=3
Starting crawl of https://anjayasejati.com/product-category/perlengkapan-sekolah-kantor/hekmasin-hekter/?per_page=12&shop_view=grid&per_row=2
Added URL to results: https://anjayasejati.com/product-category/perlengkapan-sekolah-kantor/hekmasin-hekter/?per_page=12&shop_view=grid&per_row=3 - Total in results: 1185
Submitting task for: https://anjayasejati.com/product-category/perlengkapan-sekolah-kantor/hekmasin-hekter/?per_page=12&shop_view=grid&per_row=4
Starting crawl of https://anjayasejati.com/product-category/perlengkapan-sekolah-kantor/hekmasin-hekter/?per_page=12&shop_view=grid&per_row=4
Added URL to results: https://anjayasejati.com/product-category/perlengkapan-sekolah-kantor/clipboard/?per_page=12&shop_view=grid&per_row=2 - Total in results: 1186
Submitting task for: https://anjayasejati.com/product-category/perlengkapan-sekolah-kantor/hekmasin-hekter/page/2/?per_page=12
Starting crawl of https://anjayasejati.com/product-category/perlengkapan-sekolah-kantor/hekmasin-hekter/page/2/?per_page=12
Added URL to results: https://anjayasejati.com/product-category/perlengkapan-sekolah-kantor/clipboard/?per_page=12&shop_view=grid&per_row=3 - Total in results: 1187
Submitting task for: https://anjayasejati.com/product-category/perlengkapan-sekolah-kantor/hekmasin-hekter/?per_row=2&shop_view=grid&per_page=9
Starting crawl of https://anjayasejati.com/product-category/perlengkapan-sekolah-kantor/hekmasin-hekter/?per_row=2&shop_view=grid&per_page=9
get_status called - crawl_results length: 1187, status: running, crawled: 1187
Added URL to results: https://anjayasejati.com/product-category/perlengkapan-sekolah-kantor/hekmasin-hekter/?per_page=12&shop_view=list - Total in results: 1188
Submitting task for: https://anjayasejati.com/product-category/perlengkapan-sekolah-kantor/hekmasin-hekter/?per_row=2&shop_view=grid&per_page=12
Starting crawl of https://anjayasejati.com/product-category/perlengkapan-sekolah-kantor/hekmasin-hekter/?per_row=2&shop_view=grid&per_page=12
Added URL to results: https://anjayasejati.com/product-category/perlengkapan-sekolah-kantor/hekmasin-hekter/?per_page=12&shop_view=grid&per_row=2 - Total in results: 1189
Submitting task for: https://anjayasejati.com/product-category/perlengkapan-sekolah-kantor/hekmasin-hekter/?per_row=2&shop_view=grid&per_page=18
Starting crawl of https://anjayasejati.com/product-category/perlengkapan-sekolah-kantor/hekmasin-hekter/?per_row=2&shop_view=grid&per_page=18
Added URL to results: https://anjayasejati.com/product-category/perlengkapan-sekolah-kantor/hekmasin-hekter/?per_page=12&shop_view=grid&per_row=4 - Total in results: 1190
Submitting task for: https://anjayasejati.com/product-category/perlengkapan-sekolah-kantor/hekmasin-hekter/?per_row=2&shop_view=grid&per_page=24
Starting crawl of https://anjayasejati.com/product-category/perlengkapan-sekolah-kantor/hekmasin-hekter/?per_row=2&shop_view=grid&per_page=24
Added URL to results: https://anjayasejati.com/product-category/perlengkapan-sekolah-kantor/hekmasin-hekter/?per_row=2&shop_view=grid&per_page=9 - Total in results: 1191
Submitting task for: https://anjayasejati.com/product-category/perlengkapan-sekolah-kantor/hekmasin-hekter/?per_row=2&shop_view=list
Starting crawl of https://anjayasejati.com/product-category/perlengkapan-sekolah-kantor/hekmasin-hekter/?per_row=2&shop_view=list
Added URL to results: https://anjayasejati.com/product-category/perlengkapan-sekolah-kantor/hekmasin-hekter/page/2/?per_page=12 - Total in results: 1192
Submitting task for: https://anjayasejati.com/product-category/perlengkapan-sekolah-kantor/hekmasin-hekter/page/2/?shop_view=grid&per_row=2
Starting crawl of https://anjayasejati.com/product-category/perlengkapan-sekolah-kantor/hekmasin-hekter/page/2/?shop_view=grid&per_row=2
Added URL to results: https://anjayasejati.com/product-category/perlengkapan-sekolah-kantor/hekmasin-hekter/?per_row=2&shop_view=list - Total in results: 1193
Submitting task for: https://anjayasejati.com/product-category/perlengkapan-sekolah-kantor/hekmasin-hekter/?per_row=4&shop_view=grid&per_page=9
Starting crawl of https://anjayasejati.com/product-category/perlengkapan-sekolah-kantor/hekmasin-hekter/?per_row=4&shop_view=grid&per_page=9
Added URL to results: https://anjayasejati.com/product-category/perlengkapan-sekolah-kantor/hekmasin-hekter/?per_row=4&shop_view=grid&per_page=9 - Total in results: 1194
Submitting task for: https://anjayasejati.com/product-category/perlengkapan-sekolah-kantor/hekmasin-hekter/?per_row=4&shop_view=grid&per_page=12
Starting crawl of https://anjayasejati.com/product-category/perlengkapan-sekolah-kantor/hekmasin-hekter/?per_row=4&shop_view=grid&per_page=12
get_status called - crawl_results length: 1194, status: running, crawled: 1194
Added URL to results: https://anjayasejati.com/product-category/perlengkapan-sekolah-kantor/hekmasin-hekter/?per_row=2&shop_view=grid&per_page=12 - Total in results: 1195
Submitting task for: https://anjayasejati.com/product-category/perlengkapan-sekolah-kantor/hekmasin-hekter/?per_row=4&shop_view=grid&per_page=18
Starting crawl of https://anjayasejati.com/product-category/perlengkapan-sekolah-kantor/hekmasin-hekter/?per_row=4&shop_view=grid&per_page=18
Added URL to results: https://anjayasejati.com/product-category/perlengkapan-sekolah-kantor/hekmasin-hekter/?per_row=4&shop_view=grid&per_page=18 - Total in results: 1196
Submitting task for: https://anjayasejati.com/product-category/perlengkapan-sekolah-kantor/hekmasin-hekter/?per_row=4&shop_view=grid&per_page=24
Starting crawl of https://anjayasejati.com/product-category/perlengkapan-sekolah-kantor/hekmasin-hekter/?per_row=4&shop_view=grid&per_page=24
get_status called - crawl_results length: 1196, status: running, crawled: 1196
Added URL to results: https://anjayasejati.com/product-category/perlengkapan-sekolah-kantor/hekmasin-hekter/page/2/?shop_view=grid&per_row=2 - Total in results: 1197
Submitting task for: https://anjayasejati.com/product-category/perlengkapan-sekolah-kantor/hekmasin-hekter/?per_row=4&shop_view=list
Starting crawl of https://anjayasejati.com/product-category/perlengkapan-sekolah-kantor/hekmasin-hekter/?per_row=4&shop_view=list
Added URL to results: https://anjayasejati.com/product-category/perlengkapan-sekolah-kantor/hekmasin-hekter/?per_row=4&shop_view=list - Total in results: 1198
Submitting task for: https://anjayasejati.com/product-category/perlengkapan-sekolah-kantor/hekmasin-hekter/page/2/?shop_view=grid&per_row=4
Starting crawl of https://anjayasejati.com/product-category/perlengkapan-sekolah-kantor/hekmasin-hekter/page/2/?shop_view=grid&per_row=4
Added URL to results: https://anjayasejati.com/product-category/perlengkapan-sekolah-kantor/hekmasin-hekter/?per_row=2&shop_view=grid&per_page=18 - Total in results: 1199
Submitting task for: https://anjayasejati.com/product-category/perlengkapan-sekolah-kantor/clipboard/?per_page=18&shop_view=list
Starting crawl of https://anjayasejati.com/product-category/perlengkapan-sekolah-kantor/clipboard/?per_page=18&shop_view=list
Added URL to results: https://anjayasejati.com/product-category/perlengkapan-sekolah-kantor/hekmasin-hekter/?per_row=4&shop_view=grid&per_page=12 - Total in results: 1200
Submitting task for: https://anjayasejati.com/product-category/perlengkapan-sekolah-kantor/clipboard/?per_page=18&shop_view=grid&per_row=2
Starting crawl of https://anjayasejati.com/product-category/perlengkapan-sekolah-kantor/clipboard/?per_page=18&shop_view=grid&per_row=2
Added URL to results: https://anjayasejati.com/product-category/perlengkapan-sekolah-kantor/hekmasin-hekter/?per_row=2&shop_view=grid&per_page=24 - Total in results: 1201
Submitting task for: https://anjayasejati.com/product-category/perlengkapan-sekolah-kantor/clipboard/?per_page=18&shop_view=grid&per_row=3
Starting crawl of https://anjayasejati.com/product-category/perlengkapan-sekolah-kantor/clipboard/?per_page=18&shop_view=grid&per_row=3
get_status called - crawl_results length: 1201, status: running, crawled: 1201
Added URL to results: https://anjayasejati.com/product-category/perlengkapan-sekolah-kantor/hekmasin-hekter/page/2/?shop_view=grid&per_row=4 - Total in results: 1202
Submitting task for: https://anjayasejati.com/product-category/perlengkapan-sekolah-kantor/clipboard/?per_page=18&shop_view=grid&per_row=4
Starting crawl of https://anjayasejati.com/product-category/perlengkapan-sekolah-kantor/clipboard/?per_page=18&shop_view=grid&per_row=4
Added URL to results: https://anjayasejati.com/product-category/perlengkapan-sekolah-kantor/clipboard/?per_page=18&shop_view=list - Total in results: 1203
Submitting task for: https://anjayasejati.com/product-category/perlengkapan-sekolah-kantor/clipboard/?per_page=24&shop_view=list
Starting crawl of https://anjayasejati.com/product-category/perlengkapan-sekolah-kantor/clipboard/?per_page=24&shop_view=list
Added URL to results: https://anjayasejati.com/product-category/perlengkapan-sekolah-kantor/hekmasin-hekter/?per_row=4&shop_view=grid&per_page=24 - Total in results: 1204
Submitting task for: https://anjayasejati.com/product-category/perlengkapan-sekolah-kantor/clipboard/?per_page=24&shop_view=grid&per_row=2
Starting crawl of https://anjayasejati.com/product-category/perlengkapan-sekolah-kantor/clipboard/?per_page=24&shop_view=grid&per_row=2
get_status called - crawl_results length: 1204, status: running, crawled: 1204
Added URL to results: https://anjayasejati.com/product-category/perlengkapan-sekolah-kantor/clipboard/?per_page=24&shop_view=grid&per_row=2 - Total in results: 1205
Submitting task for: https://anjayasejati.com/product-category/perlengkapan-sekolah-kantor/clipboard/?per_page=24&shop_view=grid&per_row=3
Starting crawl of https://anjayasejati.com/product-category/perlengkapan-sekolah-kantor/clipboard/?per_page=24&shop_view=grid&per_row=3
Added URL to results: https://anjayasejati.com/product-category/perlengkapan-sekolah-kantor/clipboard/?per_page=18&shop_view=grid&per_row=2 - Total in results: 1206
Submitting task for: https://anjayasejati.com/product-category/perlengkapan-sekolah-kantor/clipboard/?per_page=24&shop_view=grid&per_row=4
Starting crawl of https://anjayasejati.com/product-category/perlengkapan-sekolah-kantor/clipboard/?per_page=24&shop_view=grid&per_row=4
Added URL to results: https://anjayasejati.com/product-category/perlengkapan-sekolah-kantor/clipboard/?per_page=18&shop_view=grid&per_row=3 - Total in results: 1207
Submitting task for: https://anjayasejati.com/product-category/perlengkapan-sekolah-kantor/clipboard/?shop_view=list&per_page=9
Starting crawl of https://anjayasejati.com/product-category/perlengkapan-sekolah-kantor/clipboard/?shop_view=list&per_page=9
get_status called - crawl_results length: 1207, status: running, crawled: 1207
Added URL to results: https://anjayasejati.com/product-category/perlengkapan-sekolah-kantor/clipboard/?per_page=18&shop_view=grid&per_row=4 - Total in results: 1208
Submitting task for: https://anjayasejati.com/product-category/perlengkapan-sekolah-kantor/clipboard/?shop_view=list&per_page=12
Starting crawl of https://anjayasejati.com/product-category/perlengkapan-sekolah-kantor/clipboard/?shop_view=list&per_page=12
Added URL to results: https://anjayasejati.com/product-category/perlengkapan-sekolah-kantor/clipboard/?per_page=24&shop_view=list - Total in results: 1209
Submitting task for: https://anjayasejati.com/product-category/perlengkapan-sekolah-kantor/clipboard/?shop_view=list&per_page=18
Starting crawl of https://anjayasejati.com/product-category/perlengkapan-sekolah-kantor/clipboard/?shop_view=list&per_page=18
Added URL to results: https://anjayasejati.com/product-category/perlengkapan-sekolah-kantor/clipboard/?per_page=24&shop_view=grid&per_row=3 - Total in results: 1210
Submitting task for: https://anjayasejati.com/product-category/perlengkapan-sekolah-kantor/clipboard/?shop_view=list&per_page=24
Starting crawl of https://anjayasejati.com/product-category/perlengkapan-sekolah-kantor/clipboard/?shop_view=list&per_page=24
Added URL to results: https://anjayasejati.com/product-category/perlengkapan-sekolah-kantor/clipboard/?per_page=24&shop_view=grid&per_row=4 - Total in results: 1211
Submitting task for: https://anjayasejati.com/product-category/perlengkapan-sekolah-kantor/clipboard/?per_row=2&shop_view=grid&per_page=9
Starting crawl of https://anjayasejati.com/product-category/perlengkapan-sekolah-kantor/clipboard/?per_row=2&shop_view=grid&per_page=9
Saved 50 URLs to database for crawl 1
Saved 5810 links to database for crawl 1
Saved 194 issues to database for crawl 1
Saved batch to database for crawl 1
Added URL to results: https://anjayasejati.com/product-category/perlengkapan-sekolah-kantor/clipboard/?shop_view=list&per_page=9 - Total in results: 1212
Submitting task for: https://anjayasejati.com/product-category/perlengkapan-sekolah-kantor/clipboard/?per_row=2&shop_view=grid&per_page=12
Starting crawl of https://anjayasejati.com/product-category/perlengkapan-sekolah-kantor/clipboard/?per_row=2&shop_view=grid&per_page=12
get_status called - crawl_results length: 1212, status: running, crawled: 1212
get_status called - crawl_results length: 1212, status: running, crawled: 1212
Added URL to results: https://anjayasejati.com/product-category/perlengkapan-sekolah-kantor/clipboard/?shop_view=list&per_page=12 - Total in results: 1213
Added URL to results: https://anjayasejati.com/product-category/perlengkapan-sekolah-kantor/clipboard/?shop_view=list&per_page=24 - Total in results: 1214
Submitting task for: https://anjayasejati.com/product-category/perlengkapan-sekolah-kantor/clipboard/?per_row=2&shop_view=grid&per_page=18
Submitting task for: https://anjayasejati.com/product-category/perlengkapan-sekolah-kantor/clipboard/?per_row=2&shop_view=grid&per_page=24
Starting crawl of https://anjayasejati.com/product-category/perlengkapan-sekolah-kantor/clipboard/?per_row=2&shop_view=grid&per_page=24
Starting crawl of https://anjayasejati.com/product-category/perlengkapan-sekolah-kantor/clipboard/?per_row=2&shop_view=grid&per_page=18
Added URL to results: https://anjayasejati.com/product-category/perlengkapan-sekolah-kantor/clipboard/?shop_view=list&per_page=18 - Total in results: 1215
Submitting task for: https://anjayasejati.com/product-category/perlengkapan-sekolah-kantor/clipboard/?per_row=2&shop_view=list
Starting crawl of https://anjayasejati.com/product-category/perlengkapan-sekolah-kantor/clipboard/?per_row=2&shop_view=list
Added URL to results: https://anjayasejati.com/product-category/perlengkapan-sekolah-kantor/clipboard/?per_row=2&shop_view=grid&per_page=12 - Total in results: 1216
Submitting task for: https://anjayasejati.com/product-category/perlengkapan-sekolah-kantor/clipboard/?per_row=2&shop_view=grid
Added URL to results: https://anjayasejati.com/product-category/perlengkapan-sekolah-kantor/clipboard/?per_row=2&shop_view=grid&per_page=9 - Total in results: 1217
Starting crawl of https://anjayasejati.com/product-category/perlengkapan-sekolah-kantor/clipboard/?per_row=2&shop_view=grid
Submitting task for: https://anjayasejati.com/product-category/perlengkapan-sekolah-kantor/clipboard/?per_row=3&shop_view=grid
Starting crawl of https://anjayasejati.com/product-category/perlengkapan-sekolah-kantor/clipboard/?per_row=3&shop_view=grid
Added URL to results: https://anjayasejati.com/product-category/perlengkapan-sekolah-kantor/clipboard/?per_row=2&shop_view=grid&per_page=24 - Total in results: 1218
Submitting task for: https://anjayasejati.com/product-category/perlengkapan-sekolah-kantor/clipboard/?per_row=4&shop_view=grid
Starting crawl of https://anjayasejati.com/product-category/perlengkapan-sekolah-kantor/clipboard/?per_row=4&shop_view=grid
Added URL to results: https://anjayasejati.com/product-category/perlengkapan-sekolah-kantor/clipboard/?per_row=4&shop_view=grid - Total in results: 1219
Submitting task for: https://anjayasejati.com/product-category/perlengkapan-sekolah-kantor/clipboard/?per_row=3&shop_view=grid&per_page=9
Starting crawl of https://anjayasejati.com/product-category/perlengkapan-sekolah-kantor/clipboard/?per_row=3&shop_view=grid&per_page=9
Added URL to results: https://anjayasejati.com/product-category/perlengkapan-sekolah-kantor/clipboard/?per_row=3&shop_view=grid&per_page=9 - Total in results: 1220
Submitting task for: https://anjayasejati.com/product-category/perlengkapan-sekolah-kantor/clipboard/?per_row=3&shop_view=grid&per_page=12
Starting crawl of https://anjayasejati.com/product-category/perlengkapan-sekolah-kantor/clipboard/?per_row=3&shop_view=grid&per_page=12
get_status called - crawl_results length: 1220, status: running, crawled: 1220
Added URL to results: https://anjayasejati.com/product-category/perlengkapan-sekolah-kantor/clipboard/?per_row=2&shop_view=list - Total in results: 1221
Submitting task for: https://anjayasejati.com/product-category/perlengkapan-sekolah-kantor/clipboard/?per_row=3&shop_view=grid&per_page=18
Starting crawl of https://anjayasejati.com/product-category/perlengkapan-sekolah-kantor/clipboard/?per_row=3&shop_view=grid&per_page=18
Added URL to results: https://anjayasejati.com/product-category/perlengkapan-sekolah-kantor/clipboard/?per_row=2&shop_view=grid&per_page=18 - Total in results: 1222
Submitting task for: https://anjayasejati.com/product-category/perlengkapan-sekolah-kantor/clipboard/?per_row=3&shop_view=grid&per_page=24
Starting crawl of https://anjayasejati.com/product-category/perlengkapan-sekolah-kantor/clipboard/?per_row=3&shop_view=grid&per_page=24
Added URL to results: https://anjayasejati.com/product-category/perlengkapan-sekolah-kantor/clipboard/?per_row=2&shop_view=grid - Total in results: 1223
Submitting task for: https://anjayasejati.com/product-category/perlengkapan-sekolah-kantor/clipboard/?per_row=3&shop_view=list
Starting crawl of https://anjayasejati.com/product-category/perlengkapan-sekolah-kantor/clipboard/?per_row=3&shop_view=list
Added URL to results: https://anjayasejati.com/product-category/perlengkapan-sekolah-kantor/clipboard/?per_row=3&shop_view=grid&per_page=12 - Total in results: 1224
Submitting task for: https://anjayasejati.com/toko-belanja/?per_row=4&per_page=9&shop_view=grid
Starting crawl of https://anjayasejati.com/toko-belanja/?per_row=4&per_page=9&shop_view=grid
Added URL to results: https://anjayasejati.com/product-category/perlengkapan-sekolah-kantor/clipboard/?per_row=3&shop_view=list - Total in results: 1225
Submitting task for: https://anjayasejati.com/toko-belanja/?per_row=4&per_page=12&shop_view=grid
Starting crawl of https://anjayasejati.com/toko-belanja/?per_row=4&per_page=12&shop_view=grid
Added URL to results: https://anjayasejati.com/toko-belanja/?per_row=4&per_page=9&shop_view=grid - Total in results: 1226
Submitting task for: https://anjayasejati.com/toko-belanja/?per_row=4&per_page=18&shop_view=grid
Starting crawl of https://anjayasejati.com/toko-belanja/?per_row=4&per_page=18&shop_view=grid
get_status called - crawl_results length: 1226, status: running, crawled: 1226
Added URL to results: https://anjayasejati.com/product-category/perlengkapan-sekolah-kantor/clipboard/?per_row=3&shop_view=grid&per_page=18 - Total in results: 1227
Submitting task for: https://anjayasejati.com/toko-belanja/?per_row=4&per_page=24&shop_view=grid
Starting crawl of https://anjayasejati.com/toko-belanja/?per_row=4&per_page=24&shop_view=grid
Added URL to results: https://anjayasejati.com/product-category/perlengkapan-sekolah-kantor/clipboard/?per_row=3&shop_view=grid&per_page=24 - Total in results: 1228
Submitting task for: https://anjayasejati.com/toko-belanja/?per_row=4&per_page=9&shop_view=list
Starting crawl of https://anjayasejati.com/toko-belanja/?per_row=4&per_page=9&shop_view=list
Added URL to results: https://anjayasejati.com/toko-belanja/?per_row=4&per_page=9&shop_view=list - Total in results: 1229
Submitting task for: https://anjayasejati.com/toko-belanja/?per_row=2&per_page=9&shop_view=grid
Starting crawl of https://anjayasejati.com/toko-belanja/?per_row=2&per_page=9&shop_view=grid
get_status called - crawl_results length: 1229, status: running, crawled: 1229
Added URL to results: https://anjayasejati.com/toko-belanja/?per_row=4&per_page=12&shop_view=grid - Total in results: 1230
Submitting task for: https://anjayasejati.com/toko-belanja/?per_row=3&per_page=9&shop_view=grid
Starting crawl of https://anjayasejati.com/toko-belanja/?per_row=3&per_page=9&shop_view=grid
Added URL to results: https://anjayasejati.com/toko-belanja/?per_row=4&per_page=18&shop_view=grid - Total in results: 1231
Submitting task for: https://anjayasejati.com/toko-belanja/page/2/?per_page=9&shop_view=grid&per_row=4
Starting crawl of https://anjayasejati.com/toko-belanja/page/2/?per_page=9&shop_view=grid&per_row=4
Added URL to results: https://anjayasejati.com/toko-belanja/?per_row=3&per_page=9&shop_view=grid - Total in results: 1232
Submitting task for: https://anjayasejati.com/toko-belanja/page/3/?per_page=9&shop_view=grid&per_row=4
Starting crawl of https://anjayasejati.com/toko-belanja/page/3/?per_page=9&shop_view=grid&per_row=4
get_status called - crawl_results length: 1232, status: running, crawled: 1232
Added URL to results: https://anjayasejati.com/toko-belanja/?per_row=4&per_page=24&shop_view=grid - Total in results: 1233
Submitting task for: https://anjayasejati.com/toko-belanja/page/4/?per_page=9&shop_view=grid&per_row=4
Starting crawl of https://anjayasejati.com/toko-belanja/page/4/?per_page=9&shop_view=grid&per_row=4
Added URL to results: https://anjayasejati.com/toko-belanja/?per_row=2&per_page=9&shop_view=grid - Total in results: 1234
Submitting task for: https://anjayasejati.com/toko-belanja/page/21/?per_page=9&shop_view=grid&per_row=4
Starting crawl of https://anjayasejati.com/toko-belanja/page/21/?per_page=9&shop_view=grid&per_row=4
Added URL to results: https://anjayasejati.com/toko-belanja/page/2/?per_page=9&shop_view=grid&per_row=4 - Total in results: 1235
Submitting task for: https://anjayasejati.com/toko-belanja/page/22/?per_page=9&shop_view=grid&per_row=4
Starting crawl of https://anjayasejati.com/toko-belanja/page/22/?per_page=9&shop_view=grid&per_row=4
Added URL to results: https://anjayasejati.com/toko-belanja/page/3/?per_page=9&shop_view=grid&per_row=4 - Total in results: 1236
Submitting task for: https://anjayasejati.com/toko-belanja/page/23/?per_page=9&shop_view=grid&per_row=4
Starting crawl of https://anjayasejati.com/toko-belanja/page/23/?per_page=9&shop_view=grid&per_row=4
get_status called - crawl_results length: 1236, status: running, crawled: 1236
Added URL to results: https://anjayasejati.com/toko-belanja/page/4/?per_page=9&shop_view=grid&per_row=4 - Total in results: 1237
Submitting task for: https://anjayasejati.com/product-category/perlengkapan-sekolah-kantor/clipboard/?per_row=4&shop_view=grid&per_page=9
Starting crawl of https://anjayasejati.com/product-category/perlengkapan-sekolah-kantor/clipboard/?per_row=4&shop_view=grid&per_page=9
Added URL to results: https://anjayasejati.com/toko-belanja/page/22/?per_page=9&shop_view=grid&per_row=4 - Total in results: 1238
Submitting task for: https://anjayasejati.com/product-category/perlengkapan-sekolah-kantor/clipboard/?per_row=4&shop_view=grid&per_page=12
Starting crawl of https://anjayasejati.com/product-category/perlengkapan-sekolah-kantor/clipboard/?per_row=4&shop_view=grid&per_page=12
Added URL to results: https://anjayasejati.com/toko-belanja/page/21/?per_page=9&shop_view=grid&per_row=4 - Total in results: 1239
Submitting task for: https://anjayasejati.com/product-category/perlengkapan-sekolah-kantor/clipboard/?per_row=4&shop_view=grid&per_page=18
Starting crawl of https://anjayasejati.com/product-category/perlengkapan-sekolah-kantor/clipboard/?per_row=4&shop_view=grid&per_page=18
Added URL to results: https://anjayasejati.com/toko-belanja/page/23/?per_page=9&shop_view=grid&per_row=4 - Total in results: 1240
Submitting task for: https://anjayasejati.com/product-category/perlengkapan-sekolah-kantor/clipboard/?per_row=4&shop_view=grid&per_page=24
Starting crawl of https://anjayasejati.com/product-category/perlengkapan-sekolah-kantor/clipboard/?per_row=4&shop_view=grid&per_page=24
Added URL to results: https://anjayasejati.com/product-category/perlengkapan-sekolah-kantor/clipboard/?per_row=4&shop_view=grid&per_page=18 - Total in results: 1241
Submitting task for: https://anjayasejati.com/product-category/perlengkapan-sekolah-kantor/clipboard/?per_row=4&shop_view=list
Starting crawl of https://anjayasejati.com/product-category/perlengkapan-sekolah-kantor/clipboard/?per_row=4&shop_view=list
get_status called - crawl_results length: 1241, status: running, crawled: 1241
Added URL to results: https://anjayasejati.com/product-category/perlengkapan-sekolah-kantor/clipboard/?per_row=3&shop_view=grid - Total in results: 1242
Submitting task for: https://anjayasejati.com/toko-belanja/page/1/?per_page=9
Starting crawl of https://anjayasejati.com/toko-belanja/page/1/?per_page=9
get_status called - crawl_results length: 1242, status: running, crawled: 1242
Added URL to results: https://anjayasejati.com/product-category/perlengkapan-sekolah-kantor/clipboard/?per_row=4&shop_view=grid&per_page=9 - Total in results: 1243
Submitting task for: https://anjayasejati.com/toko-belanja/page/5/?per_page=9
Starting crawl of https://anjayasejati.com/toko-belanja/page/5/?per_page=9
Added URL to results: https://anjayasejati.com/toko-belanja/page/5/?per_page=9 - Total in results: 1244
Submitting task for: https://anjayasejati.com/toko-belanja/page/6/?per_page=9
Starting crawl of https://anjayasejati.com/toko-belanja/page/6/?per_page=9
Added URL to results: https://anjayasejati.com/toko-belanja/page/1/?per_page=9 - Total in results: 1245
Submitting task for: https://anjayasejati.com/toko-belanja/page/2/?per_page=9&shop_view=list
Starting crawl of https://anjayasejati.com/toko-belanja/page/2/?per_page=9&shop_view=list
Added URL to results: https://anjayasejati.com/product-category/perlengkapan-sekolah-kantor/clipboard/?per_row=4&shop_view=grid&per_page=12 - Total in results: 1246
Submitting task for: https://anjayasejati.com/toko-belanja/page/3/?per_page=9&shop_view=list
Added URL to results: https://anjayasejati.com/product-category/perlengkapan-sekolah-kantor/clipboard/?per_row=4&shop_view=list - Total in results: 1247
Starting crawl of https://anjayasejati.com/toko-belanja/page/3/?per_page=9&shop_view=list
Submitting task for: https://anjayasejati.com/toko-belanja/page/4/?per_page=9&shop_view=list
Starting crawl of https://anjayasejati.com/toko-belanja/page/4/?per_page=9&shop_view=list
Added URL to results: https://anjayasejati.com/product-category/perlengkapan-sekolah-kantor/clipboard/?per_row=4&shop_view=grid&per_page=24 - Total in results: 1248
Submitting task for: https://anjayasejati.com/toko-belanja/page/21/?per_page=9&shop_view=list
Starting crawl of https://anjayasejati.com/toko-belanja/page/21/?per_page=9&shop_view=list
Added URL to results: https://anjayasejati.com/toko-belanja/page/2/?per_page=9&shop_view=list - Total in results: 1249
Submitting task for: https://anjayasejati.com/toko-belanja/page/22/?per_page=9&shop_view=list
Starting crawl of https://anjayasejati.com/toko-belanja/page/22/?per_page=9&shop_view=list
Added URL to results: https://anjayasejati.com/toko-belanja/page/22/?per_page=9&shop_view=list - Total in results: 1250
Submitting task for: https://anjayasejati.com/toko-belanja/page/23/?per_page=9&shop_view=list
Starting crawl of https://anjayasejati.com/toko-belanja/page/23/?per_page=9&shop_view=list
get_status called - crawl_results length: 1250, status: running, crawled: 1250
get_status called - crawl_results length: 1250, status: running, crawled: 1250
Added URL to results: https://anjayasejati.com/toko-belanja/page/6/?per_page=9 - Total in results: 1251
Submitting task for: https://anjayasejati.com/toko-belanja/?per_row=2&per_page=12&shop_view=grid
Starting crawl of https://anjayasejati.com/toko-belanja/?per_row=2&per_page=12&shop_view=grid
Added URL to results: https://anjayasejati.com/toko-belanja/page/21/?per_page=9&shop_view=list - Total in results: 1252
Submitting task for: https://anjayasejati.com/toko-belanja/?per_row=2&per_page=18&shop_view=grid
Starting crawl of https://anjayasejati.com/toko-belanja/?per_row=2&per_page=18&shop_view=grid
Added URL to results: https://anjayasejati.com/toko-belanja/page/4/?per_page=9&shop_view=list - Total in results: 1253
Submitting task for: https://anjayasejati.com/toko-belanja/?per_row=2&per_page=24&shop_view=grid
Starting crawl of https://anjayasejati.com/toko-belanja/?per_row=2&per_page=24&shop_view=grid
Added URL to results: https://anjayasejati.com/toko-belanja/page/23/?per_page=9&shop_view=list - Total in results: 1254
Submitting task for: https://anjayasejati.com/toko-belanja/?per_row=2&per_page=9&shop_view=list
Added URL to results: https://anjayasejati.com/toko-belanja/page/3/?per_page=9&shop_view=list - Total in results: 1255
Starting crawl of https://anjayasejati.com/toko-belanja/?per_row=2&per_page=9&shop_view=list
Submitting task for: https://anjayasejati.com/toko-belanja/page/2/?per_page=9&shop_view=grid&per_row=2
Starting crawl of https://anjayasejati.com/toko-belanja/page/2/?per_page=9&shop_view=grid&per_row=2
Added URL to results: https://anjayasejati.com/toko-belanja/?per_row=2&per_page=18&shop_view=grid - Total in results: 1256
Submitting task for: https://anjayasejati.com/toko-belanja/page/3/?per_page=9&shop_view=grid&per_row=2
Starting crawl of https://anjayasejati.com/toko-belanja/page/3/?per_page=9&shop_view=grid&per_row=2
Added URL to results: https://anjayasejati.com/toko-belanja/?per_row=2&per_page=9&shop_view=list - Total in results: 1257
Submitting task for: https://anjayasejati.com/toko-belanja/page/4/?per_page=9&shop_view=grid&per_row=2
Starting crawl of https://anjayasejati.com/toko-belanja/page/4/?per_page=9&shop_view=grid&per_row=2
get_status called - crawl_results length: 1257, status: running, crawled: 1257
Added URL to results: https://anjayasejati.com/toko-belanja/?per_row=2&per_page=12&shop_view=grid - Total in results: 1258
Submitting task for: https://anjayasejati.com/toko-belanja/page/21/?per_page=9&shop_view=grid&per_row=2
Starting crawl of https://anjayasejati.com/toko-belanja/page/21/?per_page=9&shop_view=grid&per_row=2
get_status called - crawl_results length: 1258, status: running, crawled: 1258
Added URL to results: https://anjayasejati.com/toko-belanja/page/3/?per_page=9&shop_view=grid&per_row=2 - Total in results: 1259
Submitting task for: https://anjayasejati.com/toko-belanja/page/22/?per_page=9&shop_view=grid&per_row=2
Starting crawl of https://anjayasejati.com/toko-belanja/page/22/?per_page=9&shop_view=grid&per_row=2
Added URL to results: https://anjayasejati.com/toko-belanja/page/4/?per_page=9&shop_view=grid&per_row=2 - Total in results: 1260
Submitting task for: https://anjayasejati.com/toko-belanja/page/23/?per_page=9&shop_view=grid&per_row=2
Starting crawl of https://anjayasejati.com/toko-belanja/page/23/?per_page=9&shop_view=grid&per_row=2
Added URL to results: https://anjayasejati.com/toko-belanja/page/2/?per_page=9&shop_view=grid&per_row=2 - Total in results: 1261
Submitting task for: https://anjayasejati.com/toko-belanja/page/19/?per_page=9
Starting crawl of https://anjayasejati.com/toko-belanja/page/19/?per_page=9
Saved 50 URLs to database for crawl 1
Saved 5847 links to database for crawl 1
Saved 159 issues to database for crawl 1
Saved batch to database for crawl 1
Added URL to results: https://anjayasejati.com/toko-belanja/?per_row=2&per_page=24&shop_view=grid - Total in results: 1262
Submitting task for: https://anjayasejati.com/toko-belanja/page/20/?per_page=9
Starting crawl of https://anjayasejati.com/toko-belanja/page/20/?per_page=9
get_status called - crawl_results length: 1262, status: running, crawled: 1262
get_status called - crawl_results length: 1262, status: running, crawled: 1262
get_status called - crawl_results length: 1262, status: running, crawled: 1262
Added URL to results: https://anjayasejati.com/toko-belanja/page/21/?per_page=9&shop_view=grid&per_row=2 - Total in results: 1263
Submitting task for: https://anjayasejati.com/toko-belanja/?per_row=3&per_page=12&shop_view=grid
Starting crawl of https://anjayasejati.com/toko-belanja/?per_row=3&per_page=12&shop_view=grid
Added URL to results: https://anjayasejati.com/toko-belanja/page/23/?per_page=9&shop_view=grid&per_row=2 - Total in results: 1264
Submitting task for: https://anjayasejati.com/toko-belanja/?per_row=3&per_page=18&shop_view=grid
Starting crawl of https://anjayasejati.com/toko-belanja/?per_row=3&per_page=18&shop_view=grid
Added URL to results: https://anjayasejati.com/toko-belanja/?per_row=3&per_page=12&shop_view=grid - Total in results: 1265
Submitting task for: https://anjayasejati.com/toko-belanja/?per_row=3&per_page=24&shop_view=grid
Starting crawl of https://anjayasejati.com/toko-belanja/?per_row=3&per_page=24&shop_view=grid
Added URL to results: https://anjayasejati.com/toko-belanja/page/22/?per_page=9&shop_view=grid&per_row=2 - Total in results: 1266
Submitting task for: https://anjayasejati.com/toko-belanja/?per_row=3&per_page=9&shop_view=list
Starting crawl of https://anjayasejati.com/toko-belanja/?per_row=3&per_page=9&shop_view=list
Added URL to results: https://anjayasejati.com/toko-belanja/page/19/?per_page=9 - Total in results: 1267
Submitting task for: https://anjayasejati.com/toko-belanja/page/2/?per_page=9&shop_view=grid&per_row=3
Starting crawl of https://anjayasejati.com/toko-belanja/page/2/?per_page=9&shop_view=grid&per_row=3
Added URL to results: https://anjayasejati.com/toko-belanja/page/20/?per_page=9 - Total in results: 1268
Submitting task for: https://anjayasejati.com/toko-belanja/page/3/?per_page=9&shop_view=grid&per_row=3
Starting crawl of https://anjayasejati.com/toko-belanja/page/3/?per_page=9&shop_view=grid&per_row=3
Added URL to results: https://anjayasejati.com/toko-belanja/?per_row=3&per_page=18&shop_view=grid - Total in results: 1269
Submitting task for: https://anjayasejati.com/toko-belanja/page/4/?per_page=9&shop_view=grid&per_row=3
Starting crawl of https://anjayasejati.com/toko-belanja/page/4/?per_page=9&shop_view=grid&per_row=3
Added URL to results: https://anjayasejati.com/toko-belanja/?per_row=3&per_page=9&shop_view=list - Total in results: 1270
Submitting task for: https://anjayasejati.com/toko-belanja/page/21/?per_page=9&shop_view=grid&per_row=3
Added URL to results: https://anjayasejati.com/toko-belanja/page/3/?per_page=9&shop_view=grid&per_row=3 - Total in results: 1271
Starting crawl of https://anjayasejati.com/toko-belanja/page/21/?per_page=9&shop_view=grid&per_row=3
Submitting task for: https://anjayasejati.com/toko-belanja/page/22/?per_page=9&shop_view=grid&per_row=3
Starting crawl of https://anjayasejati.com/toko-belanja/page/22/?per_page=9&shop_view=grid&per_row=3
Added URL to results: https://anjayasejati.com/toko-belanja/page/21/?per_page=9&shop_view=grid&per_row=3 - Total in results: 1272
Submitting task for: https://anjayasejati.com/toko-belanja/page/23/?per_page=9&shop_view=grid&per_row=3
Starting crawl of https://anjayasejati.com/toko-belanja/page/23/?per_page=9&shop_view=grid&per_row=3
get_status called - crawl_results length: 1272, status: running, crawled: 1272
get_status called - crawl_results length: 1272, status: running, crawled: 1272
get_status called - crawl_results length: 1272, status: running, crawled: 1272
Added URL to results: https://anjayasejati.com/toko-belanja/page/2/?per_page=9&shop_view=grid&per_row=3 - Total in results: 1273
Submitting task for: https://anjayasejati.com/toko-belanja/page/7/?per_page=9
Starting crawl of https://anjayasejati.com/toko-belanja/page/7/?per_page=9
Added URL to results: https://anjayasejati.com/toko-belanja/?per_row=3&per_page=24&shop_view=grid - Total in results: 1274
Submitting task for: https://anjayasejati.com/toko-belanja/page/18/?per_page=9
Starting crawl of https://anjayasejati.com/toko-belanja/page/18/?per_page=9
Added URL to results: https://anjayasejati.com/toko-belanja/page/4/?per_page=9&shop_view=grid&per_row=3 - Total in results: 1275
Submitting task for: https://anjayasejati.com/toko-belanja/?per_row=4&per_page=12&shop_view=list
Starting crawl of https://anjayasejati.com/toko-belanja/?per_row=4&per_page=12&shop_view=list
Added URL to results: https://anjayasejati.com/toko-belanja/page/18/?per_page=9 - Total in results: 1276
Submitting task for: https://anjayasejati.com/toko-belanja/page/2/?per_page=12&shop_view=grid&per_row=4
Starting crawl of https://anjayasejati.com/toko-belanja/page/2/?per_page=12&shop_view=grid&per_row=4
Added URL to results: https://anjayasejati.com/toko-belanja/page/22/?per_page=9&shop_view=grid&per_row=3 - Total in results: 1277
Submitting task for: https://anjayasejati.com/toko-belanja/page/3/?per_page=12&shop_view=grid&per_row=4
Starting crawl of https://anjayasejati.com/toko-belanja/page/3/?per_page=12&shop_view=grid&per_row=4
Added URL to results: https://anjayasejati.com/toko-belanja/page/23/?per_page=9&shop_view=grid&per_row=3 - Total in results: 1278
Submitting task for: https://anjayasejati.com/toko-belanja/page/4/?per_page=12&shop_view=grid&per_row=4
Starting crawl of https://anjayasejati.com/toko-belanja/page/4/?per_page=12&shop_view=grid&per_row=4
get_status called - crawl_results length: 1278, status: running, crawled: 1278
get_status called - crawl_results length: 1278, status: running, crawled: 1278
get_status called - crawl_results length: 1278, status: running, crawled: 1278
get_status called - crawl_results length: 1278, status: running, crawled: 1278
Added URL to results: https://anjayasejati.com/toko-belanja/page/7/?per_page=9 - Total in results: 1279
Submitting task for: https://anjayasejati.com/toko-belanja/page/15/?per_page=12&shop_view=grid&per_row=4
Starting crawl of https://anjayasejati.com/toko-belanja/page/15/?per_page=12&shop_view=grid&per_row=4
get_status called - crawl_results length: 1279, status: running, crawled: 1279
Added URL to results: https://anjayasejati.com/toko-belanja/page/3/?per_page=12&shop_view=grid&per_row=4 - Total in results: 1280
Submitting task for: https://anjayasejati.com/toko-belanja/page/16/?per_page=12&shop_view=grid&per_row=4
Starting crawl of https://anjayasejati.com/toko-belanja/page/16/?per_page=12&shop_view=grid&per_row=4
Added URL to results: https://anjayasejati.com/toko-belanja/?per_row=4&per_page=12&shop_view=list - Total in results: 1281
Added URL to results: https://anjayasejati.com/toko-belanja/page/4/?per_page=12&shop_view=grid&per_row=4 - Total in results: 1282
Submitting task for: https://anjayasejati.com/toko-belanja/page/17/?per_page=12&shop_view=grid&per_row=4
Submitting task for: https://anjayasejati.com/toko-belanja/page/2/?per_page=12&shop_view=list
Starting crawl of https://anjayasejati.com/toko-belanja/page/17/?per_page=12&shop_view=grid&per_row=4
Starting crawl of https://anjayasejati.com/toko-belanja/page/2/?per_page=12&shop_view=list
Added URL to results: https://anjayasejati.com/toko-belanja/page/2/?per_page=12&shop_view=grid&per_row=4 - Total in results: 1283
Submitting task for: https://anjayasejati.com/toko-belanja/page/3/?per_page=12&shop_view=list
Starting crawl of https://anjayasejati.com/toko-belanja/page/3/?per_page=12&shop_view=list
Added URL to results: https://anjayasejati.com/toko-belanja/page/2/?per_page=12&shop_view=list - Total in results: 1284
Submitting task for: https://anjayasejati.com/toko-belanja/page/4/?per_page=12&shop_view=list
Starting crawl of https://anjayasejati.com/toko-belanja/page/4/?per_page=12&shop_view=list
Added URL to results: https://anjayasejati.com/toko-belanja/page/3/?per_page=12&shop_view=list - Total in results: 1285
Submitting task for: https://anjayasejati.com/toko-belanja/page/15/?per_page=12&shop_view=list
Starting crawl of https://anjayasejati.com/toko-belanja/page/15/?per_page=12&shop_view=list
get_status called - crawl_results length: 1285, status: running, crawled: 1285
get_status called - crawl_results length: 1285, status: running, crawled: 1285
Added URL to results: https://anjayasejati.com/toko-belanja/page/15/?per_page=12&shop_view=grid&per_row=4 - Total in results: 1286
Submitting task for: https://anjayasejati.com/toko-belanja/page/16/?per_page=12&shop_view=list
Starting crawl of https://anjayasejati.com/toko-belanja/page/16/?per_page=12&shop_view=list
Added URL to results: https://anjayasejati.com/toko-belanja/page/16/?per_page=12&shop_view=list - Total in results: 1287